[
{
  "model": "contenttypes.contenttype",
  "fields": {
    "app_label": "admin",
    "model": "logentry"
  }
},
{
  "model": "contenttypes.contenttype",
  "fields": {
    "app_label": "auth",
    "model": "permission"
  }
},
{
  "model": "contenttypes.contenttype",
  "fields": {
    "app_label": "auth",
    "model": "group"
  }
},
{
  "model": "contenttypes.contenttype",
  "fields": {
    "app_label": "contenttypes",
    "model": "contenttype"
  }
},
{
  "model": "contenttypes.contenttype",
  "fields": {
    "app_label": "sessions",
    "model": "session"
  }
},
{
  "model": "contenttypes.contenttype",
  "fields": {
    "app_label": "accounts",
    "model": "user"
  }
},
{
  "model": "contenttypes.contenttype",
  "fields": {
    "app_label": "locations",
    "model": "region"
  }
},
{
  "model": "contenttypes.contenttype",
  "fields": {
    "app_label": "locations",
    "model": "city"
  }
},
{
  "model": "contenttypes.contenttype",
  "fields": {
    "app_label": "projects",
    "model": "product"
  }
},
{
  "model": "contenttypes.contenttype",
  "fields": {
    "app_label": "projects",
    "model": "productsubcategory"
  }
},
{
  "model": "contenttypes.contenttype",
  "fields": {
    "app_label": "projects",
    "model": "projectstatusoption"
  }
},
{
  "model": "contenttypes.contenttype",
  "fields": {
    "app_label": "projects",
    "model": "project"
  }
},
{
  "model": "contenttypes.contenttype",
  "fields": {
    "app_label": "projects",
    "model": "projectstatushistory"
  }
},
{
  "model": "contenttypes.contenttype",
  "fields": {
    "app_label": "projects",
    "model": "projectteamleaderhistory"
  }
},
{
  "model": "contenttypes.contenttype",
  "fields": {
    "app_label": "projects",
    "model": "producttask"
  }
},
{
  "model": "contenttypes.contenttype",
  "fields": {
    "app_label": "projects",
    "model": "qualitylabel"
  }
},
{
  "model": "contenttypes.contenttype",
  "fields": {
    "app_label": "projects",
    "model": "projecttask"
  }
},
{
  "model": "contenttypes.contenttype",
  "fields": {
    "app_label": "projects",
    "model": "taskassignment"
  }
},
{
  "model": "contenttypes.contenttype",
  "fields": {
    "app_label": "projects",
    "model": "activetimer"
  }
},
{
  "model": "contenttypes.contenttype",
  "fields": {
    "app_label": "projects",
    "model": "timeractionlog"
  }
},
{
  "model": "contenttypes.contenttype",
  "fields": {
    "app_label": "projects",
    "model": "timesession"
  }
},
{
  "model": "contenttypes.contenttype",
  "fields": {
    "app_label": "projects",
    "model": "dailytimetotal"
  }
},
{
  "model": "contenttypes.contenttype",
  "fields": {
    "app_label": "projects",
    "model": "dailyroster"
  }
},
{
  "model": "contenttypes.contenttype",
  "fields": {
    "app_label": "projects",
    "model": "holiday"
  }
},
{
  "model": "contenttypes.contenttype",
  "fields": {
    "app_label": "projects",
    "model": "aggregatedmetrics"
  }
},
{
  "model": "contenttypes.contenttype",
  "fields": {
    "app_label": "projects",
    "model": "teammembermetrics"
  }
},
{
  "model": "contenttypes.contenttype",
  "fields": {
    "app_label": "projects",
    "model": "projectdelivery"
  }
},
{
  "model": "contenttypes.contenttype",
  "fields": {
    "app_label": "projects",
    "model": "projectmetrics"
  }
},
{
  "model": "sessions.session",
  "pk": "02v3df7kobi90kwzicow985nerbaibk3",
  "fields": {
    "session_data": ".eJxVzDsOwjAQRdG9uMbWePynpGcN0dgekwBKpHwqxN4hUgqo3z3vJTra1r7bFp67oYqzyAQpBUMSmgZpmYNMPhrZdA2RTAhZszj9skzlweNu653G26TKNK7zkNWeqGNd1HWq_Lwc7d9BT0v_1YhoQVvNWEDH0Ewh61LKWKqHEsknW9Ajt0waqVqy0ICdcSYCe1fF-wO37UBv:1tx2oW:_IDoY5xA0rtENs4h07BhGCHGS3-Zs4pLzibdySl4_jw",
    "expire_date": "2025-04-08T11:51:24.033Z"
  }
},
{
  "model": "sessions.session",
  "pk": "31mslg7mmgj4ovi6xu8jn02h4stmpv05",
  "fields": {
    "session_data": ".eJxVjDsOgzAQBe_iOrb8xUtK-pwB7XqXQBKBxKeKcveARJG0b2beW7W4rX27LTK3A6urggJVEBRNiF5H9qTrbEVnSRYyg4TOqctvRlieMh4tP3C8T6ZM4zoPZA7FnHQxt4nl1Zzu30GPS7_XGGtOzgMlh0DkCxYgFz3m4Kzdl4rEd5lDCVFCDiAcY02JK0edJ1CfL0LlQck:1tnt75:4Wd9fFw-ntYnPknfC9g494Lqs4btcvwNT7AUeAKCqQg",
    "expire_date": "2025-03-14T05:40:43.717Z"
  }
},
{
  "model": "sessions.session",
  "pk": "3utwkr1pnfy2gizbxd9wdakw06ddlr7k",
  "fields": {
    "session_data": ".eJxVjDsOgzAQBe_iOrb8xUtK-pwB7XqXQBKBxKeKcveARJG0b2beW7W4rX27LTK3A6urggJVEBRNiF5H9qTrbEVnSRYyg4TOqctvRlieMh4tP3C8T6ZM4zoPZA7FnHQxt4nl1Zzu30GPS7_XGGtOzgMlh0DkCxYgFz3m4Kzdl4rEd5lDCVFCDiAcY02JK0edJ1CfL0LlQck:1u4YRG:SE0d1QK0XRyIaQ_jQKHVmiv2ZW2LHqGXU19idk_lCS0",
    "expire_date": "2025-04-29T05:02:26.566Z"
  }
},
{
  "model": "sessions.session",
  "pk": "4hyod49ki5q21puz2jw58z3ouz2e1fo9",
  "fields": {
    "session_data": ".eJxVzLsOgzAMheF3yVyimJDE6di9z4AcbJdeBBKXqeq7FySGdj7ff96mpXXp23WWqb2zOZtCLufkqXIKrmpEUpUj-kqBE5JPqYCY029WqHvKsLf8oOE22m4clule7E7ssc72OrK8Lof9O-hp7re6FgJUwFqj1D4iikgIAMWlyJ6YQLlAtxHNkhlFY-N9E4ADZsViPl_mBkFn:1uKTJE:MdMvOXlzfKfJZ4a9zRP_fqlmU2td6HRYFbQIxYHQKuU",
    "expire_date": "2025-06-12T02:47:56.673Z"
  }
},
{
  "model": "sessions.session",
  "pk": "65x9dly4eddtzbxoay53sdwrvhbrdnz9",
  "fields": {
    "session_data": ".eJxVjDsOwyAQBe9CHRCwxiwp0-cM1i4scT6yJX-qKHePLblIXjsz7606Wpe-W2eZuntRZ4UZWxASzUReN8WzTtGKjhIsxoIC1anTb8aUnzLsbXnQcBtNHodlurPZFXPQ2VzHIq_L4f4d9DT3Ww1JoMUUvfPoJFrEBFUEA4CnnB1tS7TxahEwZMbaNDFzaIExeVKfLxwPQQc:1uLsrh:-GOdxBYBq-UN4tweCqbYAdA4eV-4TXHa47xTAqFVxt0",
    "expire_date": "2025-06-16T00:17:21.950Z"
  }
},
{
  "model": "sessions.session",
  "pk": "84k40oeta5z2bmp3k4845hqx2lrc51lv",
  "fields": {
    "session_data": ".eJxVjjsOwjAQBe_imli215-Ykp4zRLveNQmgRMqnQtwdIqWA-s2M3kt1uK19ty0ydwOrs0reo3XCTQqmNB4CNFQlN8Sx2sohOuPV6VcjLA8Zd5fvON4mXaZxnQfSO6KPddHXieV5Odi_QI9Lv9uR2LVsA2BMAkIGxQRfTcngHVdJIQVwUYyn78VMjsVki0BtCwJWvT_4EUD_:1uALxd:a_8LchyrAJHnIYcEY1qGvPySpsDjsHk_jTgdfZuEGIQ",
    "expire_date": "2025-05-15T04:55:49.345Z"
  }
},
{
  "model": "sessions.session",
  "pk": "a24udximop29zeh7bquq8bnzaatbrxd7",
  "fields": {
    "session_data": ".eJxVzLsOgzAMheF3yVyimJDE6di9z4AcbJdeBBKXqeq7FySGdj7ff96mpXXp23WWqb2zOZtCLufkqXIKrmpEUpUj-kqBE5JPqYCY029WqHvKsLf8oOE22m4clule7E7ssc72OrK8Lof9O-hp7re6FgJUwFqj1D4iikgIAMWlyJ6YQLlAtxHNkhlFY-N9E4ADZsViPl_mBkFn:1uJoDS:03MXZKfchtZ8WNPae-_GYEYg5NC0goA1dbhrcabprmo",
    "expire_date": "2025-06-10T06:55:14.856Z"
  }
},
{
  "model": "sessions.session",
  "pk": "b2v5w6u61qyvqbmk6qyvm26o5dd87ndx",
  "fields": {
    "session_data": ".eJxVjDsOwyAQBe9CHaNdMLCkTJ8zWAsscT6yJX-qKHePLblIyqeZeW_V8br03TrL1N2LOqvEEGOw3EBFaFqR0ERPtqlYArENIaGo02-WOD9l2Nvy4OE26jwOy3RPelf0QWd9HYu8Lof7d9Dz3G91NNGiiVVYiKz4YFrI6MEAOSaLBBHbTM6BGITksRUq1ptct-nIqs8XmQE_Bw:1uLtFe:lPG7UdpjUG4pWNmgARRFKP1IqV7DDWucILBMqyoxH_o",
    "expire_date": "2025-06-16T00:42:06.971Z"
  }
},
{
  "model": "sessions.session",
  "pk": "b92qry3z880qynb426q066bony5lnibf",
  "fields": {
    "session_data": ".eJxVjDsOgzAQBe_iOrb8xUtK-pwB7XqXQBKBxKeKcveARJG0b2beW7W4rX27LTK3A6urggJVEBRNiF5H9qTrbEVnSRYyg4TOqctvRlieMh4tP3C8T6ZM4zoPZA7FnHQxt4nl1Zzu30GPS7_XGGtOzgMlh0DkCxYgFz3m4Kzdl4rEd5lDCVFCDiAcY02JK0edJ1CfL0LlQck:1twef4:5cnqEVf87cX6KFigLxVKUFDROGWoY4gyqdgidm7jnrc",
    "expire_date": "2025-04-07T10:04:02.893Z"
  }
},
{
  "model": "sessions.session",
  "pk": "bjv49sdy9edicy8um6ui2w87j9ijq6ec",
  "fields": {
    "session_data": ".eJxVjjsOwjAQBe_imli215-Ykp4zRLveNQmgRMqnQtwdIqWA-s2M3kt1uK19ty0ydwOrs0reo3XCTQqmNB4CNFQlN8Sx2sohOuPV6VcjLA8Zd5fvON4mXaZxnQfSO6KPddHXieV5Odi_QI9Lv9uR2LVsA2BMAkIGxQRfTcngHVdJIQVwUYyn78VMjsVki0BtCwJWvT_4EUD_:1tfc4X:pzT5fXhCdKDzjXtMFLZtW6dQBLmYkhk90TTjD4KGG9M",
    "expire_date": "2025-02-19T09:51:53.959Z"
  }
},
{
  "model": "sessions.session",
  "pk": "lj4hvkh4x5y72ap0qyteyh6srnydzvfl",
  "fields": {
    "session_data": ".eJxVjjsOwjAQBe_imli215-Ykp4zRLveNQmgRMqnQtwdIqWA-s2M3kt1uK19ty0ydwOrs0reo3XCTQqmNB4CNFQlN8Sx2sohOuPV6VcjLA8Zd5fvON4mXaZxnQfSO6KPddHXieV5Odi_QI9Lv9uR2LVsA2BMAkIGxQRfTcngHVdJIQVwUYyn78VMjsVki0BtCwJWvT_4EUD_:1u4dB0:PJlMB7dlQvqoyeoTPh-8GZPLlQCVZb1ct9SzCUSVxXc",
    "expire_date": "2025-04-29T10:05:58.703Z"
  }
},
{
  "model": "sessions.session",
  "pk": "ltz6yvzdtaxkt2jkheuurx1awvwfkr1r",
  "fields": {
    "session_data": ".eJxVjjsOwjAQBe_imli215-Ykp4zRLveNQmgRMqnQtwdIqWA-s2M3kt1uK19ty0ydwOrs0reo3XCTQqmNB4CNFQlN8Sx2sohOuPV6VcjLA8Zd5fvON4mXaZxnQfSO6KPddHXieV5Odi_QI9Lv9uR2LVsA2BMAkIGxQRfTcngHVdJIQVwUYyn78VMjsVki0BtCwJWvT_4EUD_:1tnt8B:yOPiXn6sAmK1et-oKkUXVDTjJquIhDukLKedFdX5VgU",
    "expire_date": "2025-03-14T05:41:51.633Z"
  }
},
{
  "model": "sessions.session",
  "pk": "n94nslxov2y8of6b4gtknko60w36ciua",
  "fields": {
    "session_data": ".eJxVjDsOgzAQBe_iOrb8xUtK-pwB7XqXQBKBxKeKcveARJG0b2beW7W4rX27LTK3A6urggJVEBRNiF5H9qTrbEVnSRYyg4TOqctvRlieMh4tP3C8T6ZM4zoPZA7FnHQxt4nl1Zzu30GPS7_XGGtOzgMlh0DkCxYgFz3m4Kzdl4rEd5lDCVFCDiAcY02JK0edJ1CfL0LlQck:1uAM6i:8oM1SrELzmiPirbqG8vfYvnh5DqQ9bn1-pGmWbAO2jM",
    "expire_date": "2025-05-15T05:05:12.378Z"
  }
},
{
  "model": "sessions.session",
  "pk": "p074sz0v79npo2czafsn6ri4dda0kd04",
  "fields": {
    "session_data": ".eJxVjDsOgzAQBe_iOrb8xUtK-pwB7XqXQBKBxKeKcveARJG0b2beW7W4rX27LTK3A6urggJVEBRNiF5H9qTrbEVnSRYyg4TOqctvRlieMh4tP3C8T6ZM4zoPZA7FnHQxt4nl1Zzu30GPS7_XGGtOzgMlh0DkCxYgFz3m4Kzdl4rEd5lDCVFCDiAcY02JK0edJ1CfL0LlQck:1tW91p:JZ4Noxn9iOk0U2cPEovNeI83Kvb2hdz0qQtKcUmEi5s",
    "expire_date": "2025-01-24T07:01:57.605Z"
  }
},
{
  "model": "sessions.session",
  "pk": "t9ruhe47dpwu8pl3zjj520qyb29li646",
  "fields": {
    "session_data": ".eJxVjDsOwyAQBe9CHaNdMLCkTJ8zWAsscT6yJX-qKHePLblIyqeZeW_V8br03TrL1N2LOqvEEGOw3EBFaFqR0ERPtqlYArENIaGo02-WOD9l2Nvy4OE26jwOy3RPelf0QWd9HYu8Lof7d9Dz3G91NNGiiVVYiKz4YFrI6MEAOSaLBBHbTM6BGITksRUq1ptct-nIqs8XmQE_Bw:1uQIe7:aa3sM-tqMDVHrQONznNmIe4UGIuIhwsTEoYJ0L6VbHw",
    "expire_date": "2025-06-28T04:37:35.978Z"
  }
},
{
  "model": "sessions.session",
  "pk": "v39hva9g576lqtrqt8fwti51edpoxa4r",
  "fields": {
    "session_data": ".eJxVjDsOgzAQBe_iOrb8xUtK-pwB7XqXQBKBxKeKcveARJG0b2beW7W4rX27LTK3A6urggJVEBRNiF5H9qTrbEVnSRYyg4TOqctvRlieMh4tP3C8T6ZM4zoPZA7FnHQxt4nl1Zzu30GPS7_XGGtOzgMlh0DkCxYgFz3m4Kzdl4rEd5lDCVFCDiAcY02JK0edJ1CfL0LlQck:1tfE3E:tp9SQ0gCZwp5NaB072kov72CApqt-VFF_LrYdeBwO38",
    "expire_date": "2025-02-18T08:12:56.928Z"
  }
},
{
  "model": "sessions.session",
  "pk": "xu0d0giarp8lojd0xdwj6v750hkkoc8h",
  "fields": {
    "session_data": ".eJxVzDkOwjAQheG7uMaWx4k3SnrOEM14xoRFiZSlQtydREoB9fu_91YdrkvfrbNM3Z3VWaWSQiMomhCdbtmRztGKjuJtipykqaBOv4ywPGXYLT9wuI2mjMMy3cnsiTnW2VxHltflaP8Oepz7TZeMzJFsTiGFKBWJA3AOrfdQLUktSI0D5BbAE8YECELeuuw2GVv1-QJcn0IE:1uJZdF:eq8sr8xK5qzyaiLuqYxxOkJb82k4f-3wAfkUwGGnWB8",
    "expire_date": "2025-06-09T15:20:53.783Z"
  }
},
{
  "model": "sessions.session",
  "pk": "ycvfoxdn4lgcfiavpqdlu5roi94zcvhe",
  "fields": {
    "session_data": ".eJxVjjsOwjAQBe_imli215-Ykp4zRLveNQmgRMqnQtwdIqWA-s2M3kt1uK19ty0ydwOrs0reo3XCTQqmNB4CNFQlN8Sx2sohOuPV6VcjLA8Zd5fvON4mXaZxnQfSO6KPddHXieV5Odi_QI9Lv9uR2LVsA2BMAkIGxQRfTcngHVdJIQVwUYyn78VMjsVki0BtCwJWvT_4EUD_:1tho1C:4W1voOReDmmSz-gsbRlM_b15Xc5cykLfAyfNidZjhSs",
    "expire_date": "2025-02-25T11:01:30.601Z"
  }
},
{
  "model": "sessions.session",
  "pk": "ydsi5h5vkhmnlzj6qlva6lf0ua96cl1p",
  "fields": {
    "session_data": ".eJxVjDsOwyAQBe9CHaNdMLCkTJ8zWAsscT6yJX-qKHePLblIyqeZeW_V8br03TrL1N2LOqvEEGOw3EBFaFqR0ERPtqlYArENIaGo02-WOD9l2Nvy4OE26jwOy3RPelf0QWd9HYu8Lof7d9Dz3G91NNGiiVVYiKz4YFrI6MEAOSaLBBHbTM6BGITksRUq1ptct-nIqs8XmQE_Bw:1uOWRE:XApP5HOJFoTgb78DcGxCca-J0ywmsdxsvmWtzZpqMag",
    "expire_date": "2025-06-23T06:56:56.069Z"
  }
},
{
  "model": "locations.region",
  "pk": "3df890e6-c0ba-4c5f-8ce3-81cc8df6d195",
  "fields": {
    "name": "North",
    "created_at": "2025-01-10T07:00:29.551Z",
    "updated_at": "2025-01-10T07:00:29.551Z"
  }
},
{
  "model": "locations.region",
  "pk": "7aefc82e-4705-40e6-9499-797571f80f5e",
  "fields": {
    "name": "South",
    "created_at": "2025-01-22T05:05:40.998Z",
    "updated_at": "2025-01-22T05:05:40.998Z"
  }
},
{
  "model": "locations.region",
  "pk": "9d480f3c-b8cc-4a36-bf7d-feca35e1797f",
  "fields": {
    "name": "West",
    "created_at": "2025-01-17T06:18:44.937Z",
    "updated_at": "2025-01-17T06:18:44.938Z"
  }
},
{
  "model": "locations.city",
  "pk": "1527675a-58cb-4505-9d0d-d975f48f83f3",
  "fields": {
    "name": "Pune",
    "region": "9d480f3c-b8cc-4a36-bf7d-feca35e1797f",
    "created_at": "2025-01-17T08:34:17.071Z",
    "updated_at": "2025-01-17T08:34:17.072Z"
  }
},
{
  "model": "locations.city",
  "pk": "4a726e2d-797a-41e0-92ac-ee5714026304",
  "fields": {
    "name": "Noida",
    "region": "3df890e6-c0ba-4c5f-8ce3-81cc8df6d195",
    "created_at": "2025-01-10T07:00:29.575Z",
    "updated_at": "2025-01-10T07:00:29.575Z"
  }
},
{
  "model": "locations.city",
  "pk": "6352c4cd-20e4-493e-956d-9eedfe3efa93",
  "fields": {
    "name": "Bangalore",
    "region": "7aefc82e-4705-40e6-9499-797571f80f5e",
    "created_at": "2025-01-22T05:05:56.244Z",
    "updated_at": "2025-01-22T05:05:56.244Z"
  }
},
{
  "model": "locations.city",
  "pk": "af40fb7d-6580-4268-bb88-e102a6a3fcd1",
  "fields": {
    "name": "Delhi",
    "region": "3df890e6-c0ba-4c5f-8ce3-81cc8df6d195",
    "created_at": "2025-01-10T07:00:29.559Z",
    "updated_at": "2025-01-10T07:00:29.559Z"
  }
},
{
  "model": "locations.city",
  "pk": "baacbd3f-8df8-4d9e-aa8b-80b1776e00cc",
  "fields": {
    "name": "Mumbai",
    "region": "9d480f3c-b8cc-4a36-bf7d-feca35e1797f",
    "created_at": "2025-01-17T06:18:55.319Z",
    "updated_at": "2025-01-17T06:18:55.319Z"
  }
},
{
  "model": "locations.city",
  "pk": "fb9f0aaf-2e70-4e5f-9941-f64154d32d33",
  "fields": {
    "name": "Gurgaon",
    "region": "3df890e6-c0ba-4c5f-8ce3-81cc8df6d195",
    "created_at": "2025-01-10T07:00:29.567Z",
    "updated_at": "2025-01-10T07:00:29.567Z"
  }
},
{
  "model": "projects.productsubcategory",
  "pk": "0e4e445b-f667-480e-beb6-91d8d2ca1967",
  "fields": {
    "name": "WT Q3",
    "is_active": true,
    "created_at": "2025-01-10T07:00:29.604Z",
    "updated_at": "2025-01-10T07:00:29.604Z"
  }
},
{
  "model": "projects.productsubcategory",
  "pk": "1fc6492e-e431-4888-be43-50c1bf0e6f19",
  "fields": {
    "name": "Highly Custom",
    "is_active": true,
    "created_at": "2025-01-10T07:00:29.581Z",
    "updated_at": "2025-01-10T07:00:29.581Z"
  }
},
{
  "model": "projects.productsubcategory",
  "pk": "280a522e-772d-45e8-a7b1-2885c32f3ca5",
  "fields": {
    "name": "WT Q1",
    "is_active": true,
    "created_at": "2025-01-10T07:00:29.593Z",
    "updated_at": "2025-01-10T07:00:29.593Z"
  }
},
{
  "model": "projects.productsubcategory",
  "pk": "5339006f-cd0e-434c-897b-bb732ba918af",
  "fields": {
    "name": "WT Q2",
    "is_active": true,
    "created_at": "2025-01-10T07:00:29.593Z",
    "updated_at": "2025-01-10T07:00:29.593Z"
  }
},
{
  "model": "projects.productsubcategory",
  "pk": "ae4a969e-aae3-455f-89ad-67dd8264a785",
  "fields": {
    "name": "Dependent Product",
    "is_active": true,
    "created_at": "2025-01-10T07:00:29.585Z",
    "updated_at": "2025-01-10T07:00:29.585Z"
  }
},
{
  "model": "projects.productsubcategory",
  "pk": "ede850b1-044c-479b-868b-e3d787011f44",
  "fields": {
    "name": "WT Q4",
    "is_active": true,
    "created_at": "2025-01-10T07:00:29.604Z",
    "updated_at": "2025-01-10T07:00:29.604Z"
  }
},
{
  "model": "projects.product",
  "pk": "0f33ec87-d516-4cbf-aa1f-aa10f7620f0c",
  "fields": {
    "name": "Digiplot",
    "expected_tat": 25,
    "is_active": true,
    "created_at": "2025-01-10T07:00:29.624Z",
    "updated_at": "2025-01-10T07:00:29.624Z"
  }
},
{
  "model": "projects.product",
  "pk": "3efbc7df-8945-4b9d-89ac-de1732560505",
  "fields": {
    "name": "Virtual_Full_Project_Digitour",
    "expected_tat": 30,
    "is_active": true,
    "created_at": "2025-01-10T07:00:29.614Z",
    "updated_at": "2025-01-10T07:00:29.614Z"
  }
},
{
  "model": "projects.product",
  "pk": "86c5519d-e6b8-4fed-ab6b-bdfa5e911168",
  "fields": {
    "name": "Walkthrough",
    "expected_tat": 45,
    "is_active": true,
    "created_at": "2025-01-10T07:00:29.618Z",
    "updated_at": "2025-01-10T07:00:29.618Z"
  }
},
{
  "model": "projects.projectstatusoption",
  "pk": "03756eb7-2912-4b92-92c7-28cd04e779a9",
  "fields": {
    "name": "Partial Data Received",
    "category_one": "Awaiting Data",
    "category_two": "Not Started",
    "order": 2,
    "is_active": true,
    "created_at": "2025-01-10T07:00:29.634Z",
    "updated_at": "2025-01-10T07:00:29.634Z"
  }
},
{
  "model": "projects.projectstatusoption",
  "pk": "399683b2-3f53-4946-a643-4aaa38fa46cb",
  "fields": {
    "name": "2nd Rework Approval/Clarification",
    "category_one": "Rework",
    "category_two": "Pipeline",
    "order": 11,
    "is_active": true,
    "created_at": "2025-01-10T07:00:29.682Z",
    "updated_at": "2025-01-10T07:00:29.682Z"
  }
},
{
  "model": "projects.projectstatusoption",
  "pk": "3be4d504-5e50-4785-9eae-6d2bed1472e3",
  "fields": {
    "name": "Hibernate",
    "category_one": "Work In Progress",
    "category_two": "Pipeline",
    "order": 17,
    "is_active": true,
    "created_at": "2025-01-10T07:00:29.704Z",
    "updated_at": "2025-06-13T18:19:18.617Z"
  }
},
{
  "model": "projects.projectstatusoption",
  "pk": "529015ca-93fd-4ccb-bbc2-5f5c865773f6",
  "fields": {
    "name": "1st Rework End",
    "category_one": "Rework Done, ACC",
    "category_two": "Pipeline",
    "order": 9,
    "is_active": true,
    "created_at": "2025-01-10T07:00:29.666Z",
    "updated_at": "2025-01-10T07:00:29.666Z"
  }
},
{
  "model": "projects.projectstatusoption",
  "pk": "534f7308-5829-467e-9902-b89d61e9786c",
  "fields": {
    "name": "Final Delivery",
    "category_one": "Final Delivery",
    "category_two": "Final Delivery",
    "order": 14,
    "is_active": true,
    "created_at": "2025-01-10T07:00:29.682Z",
    "updated_at": "2025-01-10T07:00:29.682Z"
  }
},
{
  "model": "projects.projectstatusoption",
  "pk": "8161552f-3e82-4829-90d7-e8fa7ab03546",
  "fields": {
    "name": "2nd Rework Start",
    "category_one": "Rework",
    "category_two": "Pipeline",
    "order": 12,
    "is_active": true,
    "created_at": "2025-01-10T07:00:29.682Z",
    "updated_at": "2025-01-10T07:00:29.682Z"
  }
},
{
  "model": "projects.projectstatusoption",
  "pk": "81f082cd-87b4-414f-8153-824ae3ef231f",
  "fields": {
    "name": "1st Rework Approval/Clarification",
    "category_one": "Rework",
    "category_two": "Pipeline",
    "order": 7,
    "is_active": true,
    "created_at": "2025-01-10T07:00:29.656Z",
    "updated_at": "2025-01-10T07:00:29.656Z"
  }
},
{
  "model": "projects.projectstatusoption",
  "pk": "924ad8f4-53ce-49ad-ae9a-592c861b4b68",
  "fields": {
    "name": "Nth Delivery",
    "category_one": "Work In Progress",
    "category_two": "Pipeline",
    "order": 18,
    "is_active": true,
    "created_at": "2025-01-10T07:00:29.704Z",
    "updated_at": "2025-06-13T18:19:06.562Z"
  }
},
{
  "model": "projects.projectstatusoption",
  "pk": "940d6333-2bf7-46de-8c32-36d09ced75b3",
  "fields": {
    "name": "Approval after deemed consumed",
    "category_one": "Work In Progress",
    "category_two": "Pipeline",
    "order": 16,
    "is_active": true,
    "created_at": "2025-06-13T18:18:43.386Z",
    "updated_at": "2025-06-13T18:19:06.554Z"
  }
},
{
  "model": "projects.projectstatusoption",
  "pk": "95a35a42-7ad6-452b-908d-19c94618a2ee",
  "fields": {
    "name": "2nd Rework Received",
    "category_one": "Rework",
    "category_two": "Pipeline",
    "order": 10,
    "is_active": true,
    "created_at": "2025-01-10T07:00:29.666Z",
    "updated_at": "2025-01-10T07:00:29.666Z"
  }
},
{
  "model": "projects.projectstatusoption",
  "pk": "9a0778b7-716a-4398-a994-4f49a270b041",
  "fields": {
    "name": "1st Rework Start",
    "category_one": "Rework",
    "category_two": "Pipeline",
    "order": 8,
    "is_active": true,
    "created_at": "2025-01-10T07:00:29.666Z",
    "updated_at": "2025-01-10T07:00:29.666Z"
  }
},
{
  "model": "projects.projectstatusoption",
  "pk": "9daefb30-ab63-4317-b1ba-9393bfe928eb",
  "fields": {
    "name": "1st Rework Received",
    "category_one": "Rework",
    "category_two": "Pipeline",
    "order": 6,
    "is_active": true,
    "created_at": "2025-01-10T07:00:29.656Z",
    "updated_at": "2025-01-10T07:00:29.656Z"
  }
},
{
  "model": "projects.projectstatusoption",
  "pk": "a893451f-0a58-4244-bfe3-3aafa90ab2cf",
  "fields": {
    "name": "Final Data Received",
    "category_one": "Work In Progress",
    "category_two": "Pipeline",
    "order": 3,
    "is_active": true,
    "created_at": "2025-01-10T07:00:29.639Z",
    "updated_at": "2025-01-10T07:00:29.639Z"
  }
},
{
  "model": "projects.projectstatusoption",
  "pk": "bb498362-b496-4089-8775-d0f4c2c71845",
  "fields": {
    "name": "1st Cut Delivery",
    "category_one": "1st Cut Delivered",
    "category_two": "Pipeline",
    "order": 5,
    "is_active": true,
    "created_at": "2025-01-10T07:00:29.651Z",
    "updated_at": "2025-01-10T07:00:29.651Z"
  }
},
{
  "model": "projects.projectstatusoption",
  "pk": "cd13ea9f-289f-4d14-ae9f-44d8f1342262",
  "fields": {
    "name": "Nth Confirmation",
    "category_one": "Work In Progress",
    "category_two": "Pipeline",
    "order": 19,
    "is_active": true,
    "created_at": "2025-01-10T07:00:29.714Z",
    "updated_at": "2025-06-13T18:19:06.570Z"
  }
},
{
  "model": "projects.projectstatusoption",
  "pk": "ce472de1-607a-49fb-8fe3-8d2e40f33dfb",
  "fields": {
    "name": "2nd Rework End",
    "category_one": "Rework Done, ACC",
    "category_two": "Pipeline",
    "order": 13,
    "is_active": true,
    "created_at": "2025-01-10T07:00:29.682Z",
    "updated_at": "2025-01-10T07:00:29.682Z"
  }
},
{
  "model": "projects.projectstatusoption",
  "pk": "d3821ad9-093a-4c4c-9a72-4be50510c576",
  "fields": {
    "name": "Deemed Consumed",
    "category_one": "Deemed Consumed",
    "category_two": "Deemed Consumed",
    "order": 15,
    "is_active": true,
    "created_at": "2025-01-10T07:00:29.698Z",
    "updated_at": "2025-01-10T07:00:29.698Z"
  }
},
{
  "model": "projects.projectstatusoption",
  "pk": "e4428c40-8bcf-44a2-98d8-7a2a86e907b0",
  "fields": {
    "name": "Project Start Date",
    "category_one": "Work In Progress",
    "category_two": "Pipeline",
    "order": 4,
    "is_active": true,
    "created_at": "2025-01-10T07:00:29.639Z",
    "updated_at": "2025-01-10T07:00:29.639Z"
  }
},
{
  "model": "projects.projectstatusoption",
  "pk": "f46a64ba-bf9f-4937-8884-f0b877565748",
  "fields": {
    "name": "Sales Confirmation",
    "category_one": "Awaiting Data",
    "category_two": "Not Started",
    "order": 1,
    "is_active": true,
    "created_at": "2025-01-10T07:00:29.624Z",
    "updated_at": "2025-01-10T07:00:29.624Z"
  }
},
{
  "model": "projects.producttask",
  "pk": "02edffd2-2f33-4223-8c6e-09292d054d5e",
  "fields": {
    "product": "0f33ec87-d516-4cbf-aa1f-aa10f7620f0c",
    "name": "Plot no. & Sq.ft. PS",
    "description": "",
    "is_active": true,
    "created_at": "2025-01-29T05:52:39.835Z",
    "updated_at": "2025-01-29T05:52:39.835Z"
  }
},
{
  "model": "projects.producttask",
  "pk": "184f534f-b666-4130-af3f-4e462d9269c4",
  "fields": {
    "product": "3efbc7df-8945-4b9d-89ac-de1732560505",
    "name": "Podium Modeling & Texturing",
    "description": "",
    "is_active": true,
    "created_at": "2025-01-29T05:49:29.359Z",
    "updated_at": "2025-01-29T05:49:29.359Z"
  }
},
{
  "model": "projects.producttask",
  "pk": "292952f5-83c8-4612-b27b-148a4e2e71f7",
  "fields": {
    "product": "0f33ec87-d516-4cbf-aa1f-aa10f7620f0c",
    "name": "Hotspot Creation",
    "description": "",
    "is_active": true,
    "created_at": "2025-01-29T05:53:10.164Z",
    "updated_at": "2025-01-29T05:53:10.164Z"
  }
},
{
  "model": "projects.producttask",
  "pk": "2bc58c96-bcbd-487f-862a-bd44e8103ed2",
  "fields": {
    "product": "86c5519d-e6b8-4fed-ab6b-bdfa5e911168",
    "name": "Master Plan Landscaping",
    "description": "",
    "is_active": true,
    "created_at": "2025-01-29T05:51:31.607Z",
    "updated_at": "2025-01-29T05:51:31.607Z"
  }
},
{
  "model": "projects.producttask",
  "pk": "5e55dc3e-a33a-4512-b3eb-e9130f97ac85",
  "fields": {
    "product": "86c5519d-e6b8-4fed-ab6b-bdfa5e911168",
    "name": "Terrace Modeling & Texturing",
    "description": "",
    "is_active": true,
    "created_at": "2025-01-29T05:51:05.923Z",
    "updated_at": "2025-01-29T05:51:05.923Z"
  }
},
{
  "model": "projects.producttask",
  "pk": "5e56bd97-8e43-4b22-b767-4f5326896ae3",
  "fields": {
    "product": "86c5519d-e6b8-4fed-ab6b-bdfa5e911168",
    "name": "Gate Modeling Texturing",
    "description": "",
    "is_active": true,
    "created_at": "2025-01-29T05:50:23.093Z",
    "updated_at": "2025-01-29T05:50:23.093Z"
  }
},
{
  "model": "projects.producttask",
  "pk": "6e9b62f8-1ce5-4a07-adae-aaaa60554aa5",
  "fields": {
    "product": "86c5519d-e6b8-4fed-ab6b-bdfa5e911168",
    "name": "Tower Modeling",
    "description": "",
    "is_active": true,
    "created_at": "2025-01-29T05:49:55.149Z",
    "updated_at": "2025-01-29T05:49:55.149Z"
  }
},
{
  "model": "projects.producttask",
  "pk": "702ebc38-34d1-4be7-9fc5-0495151e0845",
  "fields": {
    "product": "3efbc7df-8945-4b9d-89ac-de1732560505",
    "name": "Boundary Wall Modeling & Texturing",
    "description": "",
    "is_active": true,
    "created_at": "2025-01-29T05:49:15.835Z",
    "updated_at": "2025-01-29T05:49:15.835Z"
  }
},
{
  "model": "projects.producttask",
  "pk": "723627d0-02ba-4c1b-91ca-b944035e3402",
  "fields": {
    "product": "86c5519d-e6b8-4fed-ab6b-bdfa5e911168",
    "name": "Boundary Wall Modeling & Texturing",
    "description": "",
    "is_active": true,
    "created_at": "2025-01-29T05:50:35.415Z",
    "updated_at": "2025-01-29T05:50:35.415Z"
  }
},
{
  "model": "projects.producttask",
  "pk": "9088215e-9b53-407c-8ad3-82f7cb0d9927",
  "fields": {
    "product": "86c5519d-e6b8-4fed-ab6b-bdfa5e911168",
    "name": "Podium Modeling & Texturing",
    "description": "",
    "is_active": true,
    "created_at": "2025-01-29T05:50:49.453Z",
    "updated_at": "2025-01-29T05:50:49.453Z"
  }
},
{
  "model": "projects.producttask",
  "pk": "91ad218b-fcd9-49cc-8f6c-841462a61eaf",
  "fields": {
    "product": "86c5519d-e6b8-4fed-ab6b-bdfa5e911168",
    "name": "Master Plan Modeling & Texturing",
    "description": "",
    "is_active": true,
    "created_at": "2025-01-29T05:50:08.738Z",
    "updated_at": "2025-01-29T05:50:08.738Z"
  }
},
{
  "model": "projects.producttask",
  "pk": "91cab416-1177-48ed-8f59-0614ec07da5c",
  "fields": {
    "product": "86c5519d-e6b8-4fed-ab6b-bdfa5e911168",
    "name": "Basement Parking Modeling & Texturing",
    "description": "",
    "is_active": true,
    "created_at": "2025-01-29T05:51:18.780Z",
    "updated_at": "2025-01-29T05:51:18.780Z"
  }
},
{
  "model": "projects.producttask",
  "pk": "950a239f-2de5-4174-aced-fe4a080a5dd3",
  "fields": {
    "product": "86c5519d-e6b8-4fed-ab6b-bdfa5e911168",
    "name": "Podium Landscaping",
    "description": "",
    "is_active": true,
    "created_at": "2025-01-29T05:51:43.423Z",
    "updated_at": "2025-01-29T05:51:43.423Z"
  }
},
{
  "model": "projects.producttask",
  "pk": "964a2048-5d3a-4deb-8d7f-4e3d242121e0",
  "fields": {
    "product": "3efbc7df-8945-4b9d-89ac-de1732560505",
    "name": "Master Plan Modeling & Texturing",
    "description": "",
    "is_active": true,
    "created_at": "2025-01-29T05:48:49.266Z",
    "updated_at": "2025-01-29T05:48:49.266Z"
  }
},
{
  "model": "projects.producttask",
  "pk": "af14eecc-0c2d-41fd-bea5-fe2ab0d35c16",
  "fields": {
    "product": "0f33ec87-d516-4cbf-aa1f-aa10f7620f0c",
    "name": "Pano2vr",
    "description": "",
    "is_active": true,
    "created_at": "2025-01-29T05:52:50.192Z",
    "updated_at": "2025-01-29T05:52:50.192Z"
  }
},
{
  "model": "projects.producttask",
  "pk": "b542a4d2-1b51-4ae7-b1e0-22801d34dec1",
  "fields": {
    "product": "0f33ec87-d516-4cbf-aa1f-aa10f7620f0c",
    "name": "50 M Overlay",
    "description": "",
    "is_active": true,
    "created_at": "2025-01-29T05:52:10.726Z",
    "updated_at": "2025-01-29T05:52:10.726Z"
  }
},
{
  "model": "projects.producttask",
  "pk": "b92be24d-0363-4f15-9c42-60c21fbdc2fe",
  "fields": {
    "product": "0f33ec87-d516-4cbf-aa1f-aa10f7620f0c",
    "name": "100 M Overlay",
    "description": "",
    "is_active": true,
    "created_at": "2025-01-29T05:52:00.258Z",
    "updated_at": "2025-01-29T05:52:00.258Z"
  }
},
{
  "model": "projects.producttask",
  "pk": "c557c898-0ba0-4524-b877-cbd354ec9e52",
  "fields": {
    "product": "3efbc7df-8945-4b9d-89ac-de1732560505",
    "name": "Tower Modeling",
    "description": "",
    "is_active": true,
    "created_at": "2025-01-29T05:48:29.429Z",
    "updated_at": "2025-01-29T05:48:29.429Z"
  }
},
{
  "model": "projects.producttask",
  "pk": "e13d4a5a-4cb4-48c6-9ccd-9ded9c76d2fd",
  "fields": {
    "product": "3efbc7df-8945-4b9d-89ac-de1732560505",
    "name": "Gate Modeling & Texturing",
    "description": "",
    "is_active": true,
    "created_at": "2025-01-29T05:49:00.992Z",
    "updated_at": "2025-01-29T05:49:00.992Z"
  }
},
{
  "model": "projects.producttask",
  "pk": "f29b0ffa-6794-41c3-9457-16de942c5017",
  "fields": {
    "product": "0f33ec87-d516-4cbf-aa1f-aa10f7620f0c",
    "name": "Link Creation",
    "description": "",
    "is_active": true,
    "created_at": "2025-01-29T05:53:21.954Z",
    "updated_at": "2025-01-29T05:53:21.954Z"
  }
},
{
  "model": "projects.producttask",
  "pk": "fb0102fd-358f-4daa-866f-a6fb79f3fc64",
  "fields": {
    "product": "0f33ec87-d516-4cbf-aa1f-aa10f7620f0c",
    "name": "50ft Overlay",
    "description": "",
    "is_active": true,
    "created_at": "2025-01-29T05:52:23.696Z",
    "updated_at": "2025-01-29T05:52:23.696Z"
  }
},
{
  "model": "projects.holiday",
  "pk": "14252efc-4631-4a3d-bc4b-cdd7379b1066",
  "fields": {
    "date": "2025-05-01",
    "name": "May Day",
    "location": "Gurgaon",
    "year": 2025,
    "is_active": true,
    "created_at": "2025-05-27T16:51:15.007Z"
  }
},
{
  "model": "projects.holiday",
  "pk": "15118c3f-8ca2-4ed6-8cf0-70bdcfbe1a64",
  "fields": {
    "date": "2025-01-13",
    "name": "Lohri",
    "location": "Gurgaon",
    "year": 2025,
    "is_active": true,
    "created_at": "2025-05-27T16:51:14.911Z"
  }
},
{
  "model": "projects.holiday",
  "pk": "1fd9c1a4-81fd-4ec1-8506-ff20963c85b2",
  "fields": {
    "date": "2025-12-25",
    "name": "Christmas Day",
    "location": "Gurgaon",
    "year": 2025,
    "is_active": true,
    "created_at": "2025-05-27T16:51:15.143Z"
  }
},
{
  "model": "projects.holiday",
  "pk": "4f0f9296-4fac-4f96-ae96-f24b2688e655",
  "fields": {
    "date": "2025-10-20",
    "name": "Diwali",
    "location": "Gurgaon",
    "year": 2025,
    "is_active": true,
    "created_at": "2025-05-27T16:51:15.096Z"
  }
},
{
  "model": "projects.holiday",
  "pk": "716c0b17-3b6d-484d-b93e-a1dcf4977011",
  "fields": {
    "date": "2025-02-26",
    "name": "Mahashivratri",
    "location": "Gurgaon",
    "year": 2025,
    "is_active": true,
    "created_at": "2025-05-27T16:51:14.956Z"
  }
},
{
  "model": "projects.holiday",
  "pk": "822960ba-7e39-428d-88bc-4eaf028ee572",
  "fields": {
    "date": "2025-08-16",
    "name": "Janmashtami",
    "location": "Gurgaon",
    "year": 2025,
    "is_active": true,
    "created_at": "2025-05-27T16:51:15.051Z"
  }
},
{
  "model": "projects.holiday",
  "pk": "8df4c8b0-be64-4408-911c-2af294479f6c",
  "fields": {
    "date": "2025-03-14",
    "name": "Holi/Dolyatra",
    "location": "Gurgaon",
    "year": 2025,
    "is_active": true,
    "created_at": "2025-05-27T16:51:14.972Z"
  }
},
{
  "model": "projects.holiday",
  "pk": "9a3088a9-9120-4caa-8fde-79ce08e1af17",
  "fields": {
    "date": "2025-08-15",
    "name": "Independence Day",
    "location": "Gurgaon",
    "year": 2025,
    "is_active": true,
    "created_at": "2025-05-27T16:51:15.035Z"
  }
},
{
  "model": "projects.holiday",
  "pk": "9e45c06c-144a-4cba-a8c1-8c6514fe325b",
  "fields": {
    "date": "2025-01-14",
    "name": "Makarsakranti",
    "location": "Gurgaon",
    "year": 2025,
    "is_active": true,
    "created_at": "2025-05-27T16:51:14.927Z"
  }
},
{
  "model": "projects.holiday",
  "pk": "a7e21381-84ec-49c0-b845-24b7a9736563",
  "fields": {
    "date": "2025-08-09",
    "name": "Raksha Bandhan",
    "location": "Gurgaon",
    "year": 2025,
    "is_active": true,
    "created_at": "2025-05-27T16:51:15.020Z"
  }
},
{
  "model": "projects.holiday",
  "pk": "ae4109da-2913-4d67-9875-9a3ca174c5a1",
  "fields": {
    "date": "2025-10-02",
    "name": "Gandhi Jayanti",
    "location": "Gurgaon",
    "year": 2025,
    "is_active": true,
    "created_at": "2025-05-27T16:51:15.080Z"
  }
},
{
  "model": "projects.holiday",
  "pk": "b971a89d-1260-4436-941a-885e673fb1a4",
  "fields": {
    "date": "2025-03-31",
    "name": "Eid Ul Fitr",
    "location": "Gurgaon",
    "year": 2025,
    "is_active": true,
    "created_at": "2025-05-27T16:51:14.989Z"
  }
},
{
  "model": "projects.holiday",
  "pk": "bcb11857-a551-47b1-9308-8ccfeb13ba29",
  "fields": {
    "date": "2025-10-21",
    "name": "Day After Diwali",
    "location": "Gurgaon",
    "year": 2025,
    "is_active": true,
    "created_at": "2025-05-27T16:51:15.112Z"
  }
},
{
  "model": "projects.holiday",
  "pk": "c1dcd964-5f9f-4c0b-aa2a-31448120f024",
  "fields": {
    "date": "2025-08-27",
    "name": "Ganesh Chaturthi",
    "location": "Gurgaon",
    "year": 2025,
    "is_active": true,
    "created_at": "2025-05-27T16:51:15.064Z"
  }
},
{
  "model": "projects.holiday",
  "pk": "d2b9a936-2174-4af6-a997-d6b7f41967dd",
  "fields": {
    "date": "2025-11-05",
    "name": "Guru Nanak Jayanti",
    "location": "Gurgaon",
    "year": 2025,
    "is_active": true,
    "created_at": "2025-05-27T16:51:15.127Z"
  }
},
{
  "model": "projects.holiday",
  "pk": "dccf3706-48a4-4bd0-9f36-3e167b482f0b",
  "fields": {
    "date": "2025-01-26",
    "name": "Republic Day",
    "location": "Gurgaon",
    "year": 2025,
    "is_active": true,
    "created_at": "2025-05-27T16:51:14.941Z"
  }
},
{
  "model": "projects.holiday",
  "pk": "e52ec3f7-d82d-4299-bc2e-4378e2ea271d",
  "fields": {
    "date": "2025-01-01",
    "name": "New Year",
    "location": "Gurgaon",
    "year": 2025,
    "is_active": true,
    "created_at": "2025-05-27T16:51:14.893Z"
  }
},
{
  "model": "auth.permission",
  "fields": {
    "name": "Can add log entry",
    "content_type": [
      "admin",
      "logentry"
    ],
    "codename": "add_logentry"
  }
},
{
  "model": "auth.permission",
  "fields": {
    "name": "Can change log entry",
    "content_type": [
      "admin",
      "logentry"
    ],
    "codename": "change_logentry"
  }
},
{
  "model": "auth.permission",
  "fields": {
    "name": "Can delete log entry",
    "content_type": [
      "admin",
      "logentry"
    ],
    "codename": "delete_logentry"
  }
},
{
  "model": "auth.permission",
  "fields": {
    "name": "Can view log entry",
    "content_type": [
      "admin",
      "logentry"
    ],
    "codename": "view_logentry"
  }
},
{
  "model": "auth.permission",
  "fields": {
    "name": "Can add permission",
    "content_type": [
      "auth",
      "permission"
    ],
    "codename": "add_permission"
  }
},
{
  "model": "auth.permission",
  "fields": {
    "name": "Can change permission",
    "content_type": [
      "auth",
      "permission"
    ],
    "codename": "change_permission"
  }
},
{
  "model": "auth.permission",
  "fields": {
    "name": "Can delete permission",
    "content_type": [
      "auth",
      "permission"
    ],
    "codename": "delete_permission"
  }
},
{
  "model": "auth.permission",
  "fields": {
    "name": "Can view permission",
    "content_type": [
      "auth",
      "permission"
    ],
    "codename": "view_permission"
  }
},
{
  "model": "auth.permission",
  "fields": {
    "name": "Can add group",
    "content_type": [
      "auth",
      "group"
    ],
    "codename": "add_group"
  }
},
{
  "model": "auth.permission",
  "fields": {
    "name": "Can change group",
    "content_type": [
      "auth",
      "group"
    ],
    "codename": "change_group"
  }
},
{
  "model": "auth.permission",
  "fields": {
    "name": "Can delete group",
    "content_type": [
      "auth",
      "group"
    ],
    "codename": "delete_group"
  }
},
{
  "model": "auth.permission",
  "fields": {
    "name": "Can view group",
    "content_type": [
      "auth",
      "group"
    ],
    "codename": "view_group"
  }
},
{
  "model": "auth.permission",
  "fields": {
    "name": "Can add content type",
    "content_type": [
      "contenttypes",
      "contenttype"
    ],
    "codename": "add_contenttype"
  }
},
{
  "model": "auth.permission",
  "fields": {
    "name": "Can change content type",
    "content_type": [
      "contenttypes",
      "contenttype"
    ],
    "codename": "change_contenttype"
  }
},
{
  "model": "auth.permission",
  "fields": {
    "name": "Can delete content type",
    "content_type": [
      "contenttypes",
      "contenttype"
    ],
    "codename": "delete_contenttype"
  }
},
{
  "model": "auth.permission",
  "fields": {
    "name": "Can view content type",
    "content_type": [
      "contenttypes",
      "contenttype"
    ],
    "codename": "view_contenttype"
  }
},
{
  "model": "auth.permission",
  "fields": {
    "name": "Can add session",
    "content_type": [
      "sessions",
      "session"
    ],
    "codename": "add_session"
  }
},
{
  "model": "auth.permission",
  "fields": {
    "name": "Can change session",
    "content_type": [
      "sessions",
      "session"
    ],
    "codename": "change_session"
  }
},
{
  "model": "auth.permission",
  "fields": {
    "name": "Can delete session",
    "content_type": [
      "sessions",
      "session"
    ],
    "codename": "delete_session"
  }
},
{
  "model": "auth.permission",
  "fields": {
    "name": "Can view session",
    "content_type": [
      "sessions",
      "session"
    ],
    "codename": "view_session"
  }
},
{
  "model": "auth.permission",
  "fields": {
    "name": "Can add user",
    "content_type": [
      "accounts",
      "user"
    ],
    "codename": "add_user"
  }
},
{
  "model": "auth.permission",
  "fields": {
    "name": "Can change user",
    "content_type": [
      "accounts",
      "user"
    ],
    "codename": "change_user"
  }
},
{
  "model": "auth.permission",
  "fields": {
    "name": "Can delete user",
    "content_type": [
      "accounts",
      "user"
    ],
    "codename": "delete_user"
  }
},
{
  "model": "auth.permission",
  "fields": {
    "name": "Can view user",
    "content_type": [
      "accounts",
      "user"
    ],
    "codename": "view_user"
  }
},
{
  "model": "auth.permission",
  "fields": {
    "name": "Can add Region",
    "content_type": [
      "locations",
      "region"
    ],
    "codename": "add_region"
  }
},
{
  "model": "auth.permission",
  "fields": {
    "name": "Can change Region",
    "content_type": [
      "locations",
      "region"
    ],
    "codename": "change_region"
  }
},
{
  "model": "auth.permission",
  "fields": {
    "name": "Can delete Region",
    "content_type": [
      "locations",
      "region"
    ],
    "codename": "delete_region"
  }
},
{
  "model": "auth.permission",
  "fields": {
    "name": "Can view Region",
    "content_type": [
      "locations",
      "region"
    ],
    "codename": "view_region"
  }
},
{
  "model": "auth.permission",
  "fields": {
    "name": "Can add City",
    "content_type": [
      "locations",
      "city"
    ],
    "codename": "add_city"
  }
},
{
  "model": "auth.permission",
  "fields": {
    "name": "Can change City",
    "content_type": [
      "locations",
      "city"
    ],
    "codename": "change_city"
  }
},
{
  "model": "auth.permission",
  "fields": {
    "name": "Can delete City",
    "content_type": [
      "locations",
      "city"
    ],
    "codename": "delete_city"
  }
},
{
  "model": "auth.permission",
  "fields": {
    "name": "Can view City",
    "content_type": [
      "locations",
      "city"
    ],
    "codename": "view_city"
  }
},
{
  "model": "auth.permission",
  "fields": {
    "name": "Can add Product",
    "content_type": [
      "projects",
      "product"
    ],
    "codename": "add_product"
  }
},
{
  "model": "auth.permission",
  "fields": {
    "name": "Can change Product",
    "content_type": [
      "projects",
      "product"
    ],
    "codename": "change_product"
  }
},
{
  "model": "auth.permission",
  "fields": {
    "name": "Can delete Product",
    "content_type": [
      "projects",
      "product"
    ],
    "codename": "delete_product"
  }
},
{
  "model": "auth.permission",
  "fields": {
    "name": "Can view Product",
    "content_type": [
      "projects",
      "product"
    ],
    "codename": "view_product"
  }
},
{
  "model": "auth.permission",
  "fields": {
    "name": "Can add Product Subcategory",
    "content_type": [
      "projects",
      "productsubcategory"
    ],
    "codename": "add_productsubcategory"
  }
},
{
  "model": "auth.permission",
  "fields": {
    "name": "Can change Product Subcategory",
    "content_type": [
      "projects",
      "productsubcategory"
    ],
    "codename": "change_productsubcategory"
  }
},
{
  "model": "auth.permission",
  "fields": {
    "name": "Can delete Product Subcategory",
    "content_type": [
      "projects",
      "productsubcategory"
    ],
    "codename": "delete_productsubcategory"
  }
},
{
  "model": "auth.permission",
  "fields": {
    "name": "Can view Product Subcategory",
    "content_type": [
      "projects",
      "productsubcategory"
    ],
    "codename": "view_productsubcategory"
  }
},
{
  "model": "auth.permission",
  "fields": {
    "name": "Can add Project Status Option",
    "content_type": [
      "projects",
      "projectstatusoption"
    ],
    "codename": "add_projectstatusoption"
  }
},
{
  "model": "auth.permission",
  "fields": {
    "name": "Can change Project Status Option",
    "content_type": [
      "projects",
      "projectstatusoption"
    ],
    "codename": "change_projectstatusoption"
  }
},
{
  "model": "auth.permission",
  "fields": {
    "name": "Can delete Project Status Option",
    "content_type": [
      "projects",
      "projectstatusoption"
    ],
    "codename": "delete_projectstatusoption"
  }
},
{
  "model": "auth.permission",
  "fields": {
    "name": "Can view Project Status Option",
    "content_type": [
      "projects",
      "projectstatusoption"
    ],
    "codename": "view_projectstatusoption"
  }
},
{
  "model": "auth.permission",
  "fields": {
    "name": "Can add Project",
    "content_type": [
      "projects",
      "project"
    ],
    "codename": "add_project"
  }
},
{
  "model": "auth.permission",
  "fields": {
    "name": "Can change Project",
    "content_type": [
      "projects",
      "project"
    ],
    "codename": "change_project"
  }
},
{
  "model": "auth.permission",
  "fields": {
    "name": "Can delete Project",
    "content_type": [
      "projects",
      "project"
    ],
    "codename": "delete_project"
  }
},
{
  "model": "auth.permission",
  "fields": {
    "name": "Can view Project",
    "content_type": [
      "projects",
      "project"
    ],
    "codename": "view_project"
  }
},
{
  "model": "auth.permission",
  "fields": {
    "name": "Can add Project Status History",
    "content_type": [
      "projects",
      "projectstatushistory"
    ],
    "codename": "add_projectstatushistory"
  }
},
{
  "model": "auth.permission",
  "fields": {
    "name": "Can change Project Status History",
    "content_type": [
      "projects",
      "projectstatushistory"
    ],
    "codename": "change_projectstatushistory"
  }
},
{
  "model": "auth.permission",
  "fields": {
    "name": "Can delete Project Status History",
    "content_type": [
      "projects",
      "projectstatushistory"
    ],
    "codename": "delete_projectstatushistory"
  }
},
{
  "model": "auth.permission",
  "fields": {
    "name": "Can view Project Status History",
    "content_type": [
      "projects",
      "projectstatushistory"
    ],
    "codename": "view_projectstatushistory"
  }
},
{
  "model": "auth.permission",
  "fields": {
    "name": "Can add Project Team Leader History",
    "content_type": [
      "projects",
      "projectteamleaderhistory"
    ],
    "codename": "add_projectteamleaderhistory"
  }
},
{
  "model": "auth.permission",
  "fields": {
    "name": "Can change Project Team Leader History",
    "content_type": [
      "projects",
      "projectteamleaderhistory"
    ],
    "codename": "change_projectteamleaderhistory"
  }
},
{
  "model": "auth.permission",
  "fields": {
    "name": "Can delete Project Team Leader History",
    "content_type": [
      "projects",
      "projectteamleaderhistory"
    ],
    "codename": "delete_projectteamleaderhistory"
  }
},
{
  "model": "auth.permission",
  "fields": {
    "name": "Can view Project Team Leader History",
    "content_type": [
      "projects",
      "projectteamleaderhistory"
    ],
    "codename": "view_projectteamleaderhistory"
  }
},
{
  "model": "auth.permission",
  "fields": {
    "name": "Can add Product Task",
    "content_type": [
      "projects",
      "producttask"
    ],
    "codename": "add_producttask"
  }
},
{
  "model": "auth.permission",
  "fields": {
    "name": "Can change Product Task",
    "content_type": [
      "projects",
      "producttask"
    ],
    "codename": "change_producttask"
  }
},
{
  "model": "auth.permission",
  "fields": {
    "name": "Can delete Product Task",
    "content_type": [
      "projects",
      "producttask"
    ],
    "codename": "delete_producttask"
  }
},
{
  "model": "auth.permission",
  "fields": {
    "name": "Can view Product Task",
    "content_type": [
      "projects",
      "producttask"
    ],
    "codename": "view_producttask"
  }
},
{
  "model": "auth.permission",
  "fields": {
    "name": "Can add Quality Label",
    "content_type": [
      "projects",
      "qualitylabel"
    ],
    "codename": "add_qualitylabel"
  }
},
{
  "model": "auth.permission",
  "fields": {
    "name": "Can change Quality Label",
    "content_type": [
      "projects",
      "qualitylabel"
    ],
    "codename": "change_qualitylabel"
  }
},
{
  "model": "auth.permission",
  "fields": {
    "name": "Can delete Quality Label",
    "content_type": [
      "projects",
      "qualitylabel"
    ],
    "codename": "delete_qualitylabel"
  }
},
{
  "model": "auth.permission",
  "fields": {
    "name": "Can view Quality Label",
    "content_type": [
      "projects",
      "qualitylabel"
    ],
    "codename": "view_qualitylabel"
  }
},
{
  "model": "auth.permission",
  "fields": {
    "name": "Can add Project Task",
    "content_type": [
      "projects",
      "projecttask"
    ],
    "codename": "add_projecttask"
  }
},
{
  "model": "auth.permission",
  "fields": {
    "name": "Can change Project Task",
    "content_type": [
      "projects",
      "projecttask"
    ],
    "codename": "change_projecttask"
  }
},
{
  "model": "auth.permission",
  "fields": {
    "name": "Can delete Project Task",
    "content_type": [
      "projects",
      "projecttask"
    ],
    "codename": "delete_projecttask"
  }
},
{
  "model": "auth.permission",
  "fields": {
    "name": "Can view Project Task",
    "content_type": [
      "projects",
      "projecttask"
    ],
    "codename": "view_projecttask"
  }
},
{
  "model": "auth.permission",
  "fields": {
    "name": "Can add Task Assignment",
    "content_type": [
      "projects",
      "taskassignment"
    ],
    "codename": "add_taskassignment"
  }
},
{
  "model": "auth.permission",
  "fields": {
    "name": "Can change Task Assignment",
    "content_type": [
      "projects",
      "taskassignment"
    ],
    "codename": "change_taskassignment"
  }
},
{
  "model": "auth.permission",
  "fields": {
    "name": "Can delete Task Assignment",
    "content_type": [
      "projects",
      "taskassignment"
    ],
    "codename": "delete_taskassignment"
  }
},
{
  "model": "auth.permission",
  "fields": {
    "name": "Can view Task Assignment",
    "content_type": [
      "projects",
      "taskassignment"
    ],
    "codename": "view_taskassignment"
  }
},
{
  "model": "auth.permission",
  "fields": {
    "name": "Can add Active Timer",
    "content_type": [
      "projects",
      "activetimer"
    ],
    "codename": "add_activetimer"
  }
},
{
  "model": "auth.permission",
  "fields": {
    "name": "Can change Active Timer",
    "content_type": [
      "projects",
      "activetimer"
    ],
    "codename": "change_activetimer"
  }
},
{
  "model": "auth.permission",
  "fields": {
    "name": "Can delete Active Timer",
    "content_type": [
      "projects",
      "activetimer"
    ],
    "codename": "delete_activetimer"
  }
},
{
  "model": "auth.permission",
  "fields": {
    "name": "Can view Active Timer",
    "content_type": [
      "projects",
      "activetimer"
    ],
    "codename": "view_activetimer"
  }
},
{
  "model": "auth.permission",
  "fields": {
    "name": "Can add Timer Action Log",
    "content_type": [
      "projects",
      "timeractionlog"
    ],
    "codename": "add_timeractionlog"
  }
},
{
  "model": "auth.permission",
  "fields": {
    "name": "Can change Timer Action Log",
    "content_type": [
      "projects",
      "timeractionlog"
    ],
    "codename": "change_timeractionlog"
  }
},
{
  "model": "auth.permission",
  "fields": {
    "name": "Can delete Timer Action Log",
    "content_type": [
      "projects",
      "timeractionlog"
    ],
    "codename": "delete_timeractionlog"
  }
},
{
  "model": "auth.permission",
  "fields": {
    "name": "Can view Timer Action Log",
    "content_type": [
      "projects",
      "timeractionlog"
    ],
    "codename": "view_timeractionlog"
  }
},
{
  "model": "auth.permission",
  "fields": {
    "name": "Can add Time Session",
    "content_type": [
      "projects",
      "timesession"
    ],
    "codename": "add_timesession"
  }
},
{
  "model": "auth.permission",
  "fields": {
    "name": "Can change Time Session",
    "content_type": [
      "projects",
      "timesession"
    ],
    "codename": "change_timesession"
  }
},
{
  "model": "auth.permission",
  "fields": {
    "name": "Can delete Time Session",
    "content_type": [
      "projects",
      "timesession"
    ],
    "codename": "delete_timesession"
  }
},
{
  "model": "auth.permission",
  "fields": {
    "name": "Can view Time Session",
    "content_type": [
      "projects",
      "timesession"
    ],
    "codename": "view_timesession"
  }
},
{
  "model": "auth.permission",
  "fields": {
    "name": "Can add Daily Time Total",
    "content_type": [
      "projects",
      "dailytimetotal"
    ],
    "codename": "add_dailytimetotal"
  }
},
{
  "model": "auth.permission",
  "fields": {
    "name": "Can change Daily Time Total",
    "content_type": [
      "projects",
      "dailytimetotal"
    ],
    "codename": "change_dailytimetotal"
  }
},
{
  "model": "auth.permission",
  "fields": {
    "name": "Can delete Daily Time Total",
    "content_type": [
      "projects",
      "dailytimetotal"
    ],
    "codename": "delete_dailytimetotal"
  }
},
{
  "model": "auth.permission",
  "fields": {
    "name": "Can view Daily Time Total",
    "content_type": [
      "projects",
      "dailytimetotal"
    ],
    "codename": "view_dailytimetotal"
  }
},
{
  "model": "auth.permission",
  "fields": {
    "name": "Can add Daily Roster",
    "content_type": [
      "projects",
      "dailyroster"
    ],
    "codename": "add_dailyroster"
  }
},
{
  "model": "auth.permission",
  "fields": {
    "name": "Can change Daily Roster",
    "content_type": [
      "projects",
      "dailyroster"
    ],
    "codename": "change_dailyroster"
  }
},
{
  "model": "auth.permission",
  "fields": {
    "name": "Can delete Daily Roster",
    "content_type": [
      "projects",
      "dailyroster"
    ],
    "codename": "delete_dailyroster"
  }
},
{
  "model": "auth.permission",
  "fields": {
    "name": "Can view Daily Roster",
    "content_type": [
      "projects",
      "dailyroster"
    ],
    "codename": "view_dailyroster"
  }
},
{
  "model": "auth.permission",
  "fields": {
    "name": "Can add Holiday",
    "content_type": [
      "projects",
      "holiday"
    ],
    "codename": "add_holiday"
  }
},
{
  "model": "auth.permission",
  "fields": {
    "name": "Can change Holiday",
    "content_type": [
      "projects",
      "holiday"
    ],
    "codename": "change_holiday"
  }
},
{
  "model": "auth.permission",
  "fields": {
    "name": "Can delete Holiday",
    "content_type": [
      "projects",
      "holiday"
    ],
    "codename": "delete_holiday"
  }
},
{
  "model": "auth.permission",
  "fields": {
    "name": "Can view Holiday",
    "content_type": [
      "projects",
      "holiday"
    ],
    "codename": "view_holiday"
  }
},
{
  "model": "auth.permission",
  "fields": {
    "name": "Can add aggregated metrics",
    "content_type": [
      "projects",
      "aggregatedmetrics"
    ],
    "codename": "add_aggregatedmetrics"
  }
},
{
  "model": "auth.permission",
  "fields": {
    "name": "Can change aggregated metrics",
    "content_type": [
      "projects",
      "aggregatedmetrics"
    ],
    "codename": "change_aggregatedmetrics"
  }
},
{
  "model": "auth.permission",
  "fields": {
    "name": "Can delete aggregated metrics",
    "content_type": [
      "projects",
      "aggregatedmetrics"
    ],
    "codename": "delete_aggregatedmetrics"
  }
},
{
  "model": "auth.permission",
  "fields": {
    "name": "Can view aggregated metrics",
    "content_type": [
      "projects",
      "aggregatedmetrics"
    ],
    "codename": "view_aggregatedmetrics"
  }
},
{
  "model": "auth.permission",
  "fields": {
    "name": "Can add team member metrics",
    "content_type": [
      "projects",
      "teammembermetrics"
    ],
    "codename": "add_teammembermetrics"
  }
},
{
  "model": "auth.permission",
  "fields": {
    "name": "Can change team member metrics",
    "content_type": [
      "projects",
      "teammembermetrics"
    ],
    "codename": "change_teammembermetrics"
  }
},
{
  "model": "auth.permission",
  "fields": {
    "name": "Can delete team member metrics",
    "content_type": [
      "projects",
      "teammembermetrics"
    ],
    "codename": "delete_teammembermetrics"
  }
},
{
  "model": "auth.permission",
  "fields": {
    "name": "Can view team member metrics",
    "content_type": [
      "projects",
      "teammembermetrics"
    ],
    "codename": "view_teammembermetrics"
  }
},
{
  "model": "auth.permission",
  "fields": {
    "name": "Can add project delivery",
    "content_type": [
      "projects",
      "projectdelivery"
    ],
    "codename": "add_projectdelivery"
  }
},
{
  "model": "auth.permission",
  "fields": {
    "name": "Can change project delivery",
    "content_type": [
      "projects",
      "projectdelivery"
    ],
    "codename": "change_projectdelivery"
  }
},
{
  "model": "auth.permission",
  "fields": {
    "name": "Can delete project delivery",
    "content_type": [
      "projects",
      "projectdelivery"
    ],
    "codename": "delete_projectdelivery"
  }
},
{
  "model": "auth.permission",
  "fields": {
    "name": "Can view project delivery",
    "content_type": [
      "projects",
      "projectdelivery"
    ],
    "codename": "view_projectdelivery"
  }
},
{
  "model": "auth.permission",
  "fields": {
    "name": "Can add project metrics",
    "content_type": [
      "projects",
      "projectmetrics"
    ],
    "codename": "add_projectmetrics"
  }
},
{
  "model": "auth.permission",
  "fields": {
    "name": "Can change project metrics",
    "content_type": [
      "projects",
      "projectmetrics"
    ],
    "codename": "change_projectmetrics"
  }
},
{
  "model": "auth.permission",
  "fields": {
    "name": "Can delete project metrics",
    "content_type": [
      "projects",
      "projectmetrics"
    ],
    "codename": "delete_projectmetrics"
  }
},
{
  "model": "auth.permission",
  "fields": {
    "name": "Can view project metrics",
    "content_type": [
      "projects",
      "projectmetrics"
    ],
    "codename": "view_projectmetrics"
  }
},
{
  "model": "accounts.user",
  "fields": {
    "password": "pbkdf2_sha256$1000000$NH02O59d5RScYmnYrgL2yj$h15BEYbh3SPbmGNou3o9yyFTtP+RbTveyokv+A0HaVc=",
    "last_login": "2025-05-25T06:53:04.874Z",
    "is_superuser": false,
    "username": "amit",
    "first_name": "Amit",
    "last_name": "Tailor",
    "email": "amit.tailor@housing.com",
    "is_staff": false,
    "is_active": true,
    "date_joined": "2025-01-20T07:43:07Z",
    "role": "TL",
    "created_at": "2025-01-20T07:43:08.274Z",
    "updated_at": "2025-03-24T10:41:07.039Z",
    "groups": [],
    "user_permissions": []
  }
},
{
  "model": "accounts.user",
  "fields": {
    "password": "pbkdf2_sha256$720000$kRnfBFb8d8ADy9TrQSrPrC$79KWiszbBPwCimosJ4k+xPUAXRKYdo7aNbmJqWR2Zss=",
    "last_login": "2025-06-02T00:17:21.923Z",
    "is_superuser": true,
    "username": "sunny",
    "first_name": "Sunny",
    "last_name": "Bhaumik",
    "email": "sunny@gmail.com",
    "is_staff": true,
    "is_active": true,
    "date_joined": "2025-01-10T07:01:49Z",
    "role": "DPM",
    "created_at": "2025-01-10T07:01:49.512Z",
    "updated_at": "2025-01-31T11:36:00.997Z",
    "groups": [],
    "user_permissions": []
  }
},
{
  "model": "accounts.user",
  "fields": {
    "password": "pbkdf2_sha256$870000$cQznYBQwdW2n5JfcuniVNG$sC9/yjcvfOtPqS0k2ll8mNgrg6+d/MBS4TAFs0hhyFc=",
    "last_login": null,
    "is_superuser": false,
    "username": "parth",
    "first_name": "Parth",
    "last_name": "Kaushik",
    "email": "parth@housing.com",
    "is_staff": false,
    "is_active": true,
    "date_joined": "2025-01-22T07:11:39Z",
    "role": "TL",
    "created_at": "2025-01-22T07:11:40.986Z",
    "updated_at": "2025-02-05T06:14:58.433Z",
    "groups": [],
    "user_permissions": []
  }
},
{
  "model": "accounts.user",
  "fields": {
    "password": "pbkdf2_sha256$720000$mdkxIWhrogUYiAVbtsOjoQ$N/0aw4kBizD4pTiktfzBn9KRHoP5QBvXDpJghYRKrw4=",
    "last_login": "2025-06-14T04:37:35.953Z",
    "is_superuser": false,
    "username": "praveen",
    "first_name": "Praveen",
    "last_name": "Singh",
    "email": "praveen.singh@housing.com",
    "is_staff": true,
    "is_active": true,
    "date_joined": "2025-02-05T04:35:36Z",
    "role": "TEAM_MEMBER",
    "created_at": "2025-02-05T04:35:37.605Z",
    "updated_at": "2025-03-24T11:19:58.400Z",
    "groups": [],
    "user_permissions": []
  }
},
{
  "model": "accounts.user",
  "fields": {
    "password": "pbkdf2_sha256$870000$WtlYe6hdk9he7xFz1AhGbc$1a20MlRYjGfOVjU0RtiSr3CzgDyRzWRmBgiatlyqn10=",
    "last_login": null,
    "is_superuser": false,
    "username": "shubham",
    "first_name": "Shubham",
    "last_name": "Goyal",
    "email": "shubham.goyal1@housing.com",
    "is_staff": false,
    "is_active": true,
    "date_joined": "2025-02-05T09:28:49Z",
    "role": "TL",
    "created_at": "2025-02-05T09:28:50.045Z",
    "updated_at": "2025-02-05T09:29:01.734Z",
    "groups": [],
    "user_permissions": []
  }
},
{
  "model": "accounts.user",
  "fields": {
    "password": "pbkdf2_sha256$870000$7GdbaOitRLKlPYuTFwp8iK$CNhCeRCjquaEiDiD3t+eLXQJbF+3Og3xSmeESoR231I=",
    "last_login": "2025-03-25T11:25:45.103Z",
    "is_superuser": false,
    "username": "saket",
    "first_name": "Saket",
    "last_name": "Narayan",
    "email": "saket@housing.com",
    "is_staff": false,
    "is_active": true,
    "date_joined": "2025-01-20T07:43:56Z",
    "role": "TEAM_MEMBER",
    "created_at": "2025-01-20T07:43:56.953Z",
    "updated_at": "2025-03-24T10:41:30.603Z",
    "groups": [],
    "user_permissions": []
  }
},
{
  "model": "projects.project",
  "pk": "2d13e3d0-8b58-473b-b122-5307230790f6",
  "fields": {
    "hs_id": "A2",
    "opportunity_id": "https://lookup.housing.com/opportunity/3381527",
    "project_type": "NON_EVENT",
    "project_name": "AVA Lifespaces",
    "builder_name": "AVA Lifespaces",
    "city": "4a726e2d-797a-41e0-92ac-ee5714026304",
    "product": "86c5519d-e6b8-4fed-ab6b-bdfa5e911168",
    "product_subcategory": "ae4a969e-aae3-455f-89ad-67dd8264a785",
    "package_id": "1490662",
    "quantity": 1,
    "purchase_date": "2025-01-02",
    "sales_confirmation_date": "2025-01-07",
    "expected_tat": 45,
    "account_manager": "Niraj Virendra Singh",
    "dpm": [
      "sunny"
    ],
    "current_status": "e4428c40-8bcf-44a2-98d8-7a2a86e907b0",
    "project_incharge": [
      "saket"
    ],
    "expected_completion_date": "2025-02-05",
    "delivery_performance_rating": null,
    "created_at": "2025-01-10T08:30:47.313Z",
    "updated_at": "2025-02-04T08:11:47.882Z"
  }
},
{
  "model": "projects.project",
  "pk": "4829002e-f245-45a2-9033-e73c9578063e",
  "fields": {
    "hs_id": "A1",
    "opportunity_id": "https://lookup.housing.com/opportunity/3925443",
    "project_type": "NON_EVENT",
    "project_name": "Well Wisher Group",
    "builder_name": "Well Wisher Group",
    "city": "fb9f0aaf-2e70-4e5f-9941-f64154d32d33",
    "product": "86c5519d-e6b8-4fed-ab6b-bdfa5e911168",
    "product_subcategory": "0e4e445b-f667-480e-beb6-91d8d2ca1967",
    "package_id": "1626752",
    "quantity": 1,
    "purchase_date": "2025-01-02",
    "sales_confirmation_date": "2025-01-06",
    "expected_tat": 45,
    "account_manager": "Shardul Sawant",
    "dpm": [
      "sunny"
    ],
    "current_status": "f46a64ba-bf9f-4937-8884-f0b877565748",
    "project_incharge": [
      "saket"
    ],
    "expected_completion_date": "2025-07-18",
    "delivery_performance_rating": null,
    "created_at": "2025-01-10T08:14:38.250Z",
    "updated_at": "2025-06-15T11:36:16.724Z"
  }
},
{
  "model": "projects.project",
  "pk": "798aed07-36ce-4a6a-83d0-ee26da9b73d1",
  "fields": {
    "hs_id": "A9",
    "opportunity_id": "7890887",
    "project_type": null,
    "project_name": "Krishna Villas",
    "builder_name": "test",
    "city": "1527675a-58cb-4505-9d0d-d975f48f83f3",
    "product": "0f33ec87-d516-4cbf-aa1f-aa10f7620f0c",
    "product_subcategory": "5339006f-cd0e-434c-897b-bb732ba918af",
    "package_id": null,
    "quantity": 1,
    "purchase_date": "2025-05-28",
    "sales_confirmation_date": "2025-05-29",
    "expected_tat": 25,
    "account_manager": "Sumit",
    "dpm": [
      "sunny"
    ],
    "current_status": "e4428c40-8bcf-44a2-98d8-7a2a86e907b0",
    "project_incharge": [
      "saket"
    ],
    "expected_completion_date": "2025-06-17",
    "delivery_performance_rating": null,
    "created_at": "2025-05-26T16:04:37.886Z",
    "updated_at": "2025-06-09T10:23:55.331Z"
  }
},
{
  "model": "projects.project",
  "pk": "82f7e9ee-0e25-403a-91e4-a42062ef0615",
  "fields": {
    "hs_id": "A5",
    "opportunity_id": "https://lookup.housing.com/opportunity/4510360",
    "project_type": null,
    "project_name": "The Right Life",
    "builder_name": "Mana Projects Pvt. Ltd.",
    "city": "baacbd3f-8df8-4d9e-aa8b-80b1776e00cc",
    "product": "86c5519d-e6b8-4fed-ab6b-bdfa5e911168",
    "product_subcategory": null,
    "package_id": null,
    "quantity": 1,
    "purchase_date": "2025-01-08",
    "sales_confirmation_date": "2025-01-09",
    "expected_tat": 45,
    "account_manager": "Deepak Kumar Panigrahy",
    "dpm": [
      "sunny"
    ],
    "current_status": "ce472de1-607a-49fb-8fe3-8d2e40f33dfb",
    "project_incharge": [
      "saket"
    ],
    "expected_completion_date": "2025-02-06",
    "delivery_performance_rating": null,
    "created_at": "2025-01-17T06:20:22.751Z",
    "updated_at": "2025-04-15T10:08:37.908Z"
  }
},
{
  "model": "projects.project",
  "pk": "8878afd8-f444-47dc-8cb2-db8be25ce4fe",
  "fields": {
    "hs_id": "A7",
    "opportunity_id": "https://lookup.housing.com/opportunity/4222229",
    "project_type": null,
    "project_name": "Vagator Villas",
    "builder_name": "KLN Builders",
    "city": "1527675a-58cb-4505-9d0d-d975f48f83f3",
    "product": "3efbc7df-8945-4b9d-89ac-de1732560505",
    "product_subcategory": null,
    "package_id": null,
    "quantity": 1,
    "purchase_date": "2025-04-27",
    "sales_confirmation_date": "2025-04-29",
    "expected_tat": 30,
    "account_manager": "Deepak Kumar Panigrahy",
    "dpm": [
      "sunny"
    ],
    "current_status": "a893451f-0a58-4244-bfe3-3aafa90ab2cf",
    "project_incharge": [
      "saket"
    ],
    "expected_completion_date": "2025-05-20",
    "delivery_performance_rating": "1.0",
    "created_at": "2025-05-01T07:09:41.058Z",
    "updated_at": "2025-05-26T16:00:09.041Z"
  }
},
{
  "model": "projects.project",
  "pk": "a67a7c91-3bb2-4d83-88a6-f0f3cbd02576",
  "fields": {
    "hs_id": "A4",
    "opportunity_id": "https://lookup.housing.com/opportunity/2968566",
    "project_type": "NON_EVENT",
    "project_name": "Sadguru Realty",
    "builder_name": "Sadguru Realty",
    "city": "baacbd3f-8df8-4d9e-aa8b-80b1776e00cc",
    "product": "3efbc7df-8945-4b9d-89ac-de1732560505",
    "product_subcategory": "280a522e-772d-45e8-a7b1-2885c32f3ca5",
    "package_id": null,
    "quantity": 2,
    "purchase_date": "2025-01-06",
    "sales_confirmation_date": "2025-01-08",
    "expected_tat": 30,
    "account_manager": "Amit Nitish Raval",
    "dpm": [
      "sunny"
    ],
    "current_status": "534f7308-5829-467e-9902-b89d61e9786c",
    "project_incharge": [
      "saket"
    ],
    "expected_completion_date": "2025-02-13",
    "delivery_performance_rating": null,
    "created_at": "2025-01-16T11:17:48.261Z",
    "updated_at": "2025-06-13T18:52:43.303Z"
  }
},
{
  "model": "projects.project",
  "pk": "aedaa6b4-0d60-4cdd-8ebd-8fbbb9c3879d",
  "fields": {
    "hs_id": "A8",
    "opportunity_id": "https://lookup.housing.com/opportunity/400000",
    "project_type": null,
    "project_name": "test",
    "builder_name": "test_builder",
    "city": "6352c4cd-20e4-493e-956d-9eedfe3efa93",
    "product": "3efbc7df-8945-4b9d-89ac-de1732560505",
    "product_subcategory": null,
    "package_id": null,
    "quantity": 1,
    "purchase_date": "2025-05-01",
    "sales_confirmation_date": "2025-05-02",
    "expected_tat": 30,
    "account_manager": "Shraddha Bhanushali",
    "dpm": [
      "sunny"
    ],
    "current_status": "940d6333-2bf7-46de-8c32-36d09ced75b3",
    "project_incharge": [
      "praveen"
    ],
    "expected_completion_date": "2025-05-16",
    "delivery_performance_rating": "5.0",
    "created_at": "2025-05-06T11:50:57.499Z",
    "updated_at": "2025-06-13T18:51:09.871Z"
  }
},
{
  "model": "projects.project",
  "pk": "e2346a2f-1eea-4294-86ee-6f05317744a1",
  "fields": {
    "hs_id": "A3",
    "opportunity_id": "https://lookup.housing.com/opportunity/6787676",
    "project_type": "NON_EVENT",
    "project_name": "klj",
    "builder_name": "klj",
    "city": "fb9f0aaf-2e70-4e5f-9941-f64154d32d33",
    "product": "3efbc7df-8945-4b9d-89ac-de1732560505",
    "product_subcategory": "280a522e-772d-45e8-a7b1-2885c32f3ca5",
    "package_id": "98766",
    "quantity": 1,
    "purchase_date": "2025-01-01",
    "sales_confirmation_date": "2025-01-06",
    "expected_tat": 30,
    "account_manager": "Neeraj",
    "dpm": [
      "sunny"
    ],
    "current_status": "f46a64ba-bf9f-4937-8884-f0b877565748",
    "project_incharge": [
      "saket"
    ],
    "expected_completion_date": "2025-02-14",
    "delivery_performance_rating": null,
    "created_at": "2025-01-10T09:20:46.641Z",
    "updated_at": "2025-02-04T08:29:38.250Z"
  }
},
{
  "model": "projects.project",
  "pk": "fd130d00-dd3c-47ae-b621-131d877824cd",
  "fields": {
    "hs_id": "A6",
    "opportunity_id": "https://lookup.housing.com/opportunity/4565899",
    "project_type": null,
    "project_name": "Iconic Properties",
    "builder_name": "The Pristine Horizon",
    "city": "1527675a-58cb-4505-9d0d-d975f48f83f3",
    "product": "0f33ec87-d516-4cbf-aa1f-aa10f7620f0c",
    "product_subcategory": "ae4a969e-aae3-455f-89ad-67dd8264a785",
    "package_id": null,
    "quantity": 1,
    "purchase_date": "2025-01-02",
    "sales_confirmation_date": "2025-01-03",
    "expected_tat": 25,
    "account_manager": "Shraddha Bhanushali",
    "dpm": [
      "sunny"
    ],
    "current_status": "534f7308-5829-467e-9902-b89d61e9786c",
    "project_incharge": [
      "praveen"
    ],
    "expected_completion_date": "2025-02-20",
    "delivery_performance_rating": "2.0",
    "created_at": "2025-01-17T08:36:28.624Z",
    "updated_at": "2025-06-14T09:11:22.763Z"
  }
},
{
  "model": "projects.projectstatushistory",
  "pk": "11c3828c-a8ed-4699-90c5-20d9bc27bc24",
  "fields": {
    "project": "2d13e3d0-8b58-473b-b122-5307230790f6",
    "status": "a893451f-0a58-4244-bfe3-3aafa90ab2cf",
    "category_one_snapshot": "Work In Progress",
    "category_two_snapshot": "Pipeline",
    "changed_by": [
      "sunny"
    ],
    "changed_at": "2025-01-27T05:56:04.152Z",
    "comments": "Texture file will be shared shortly"
  }
},
{
  "model": "projects.projectstatushistory",
  "pk": "13d7fc8b-c9f6-4470-8453-480859a5dcfe",
  "fields": {
    "project": "798aed07-36ce-4a6a-83d0-ee26da9b73d1",
    "status": "03756eb7-2912-4b92-92c7-28cd04e779a9",
    "category_one_snapshot": "Awaiting Data",
    "category_two_snapshot": "Not Started",
    "changed_by": [
      "sunny"
    ],
    "changed_at": "2025-06-06T07:49:33.419Z",
    "comments": ""
  }
},
{
  "model": "projects.projectstatushistory",
  "pk": "18e8509f-69b9-46b2-b81e-43d89cbd7f36",
  "fields": {
    "project": "fd130d00-dd3c-47ae-b621-131d877824cd",
    "status": "e4428c40-8bcf-44a2-98d8-7a2a86e907b0",
    "category_one_snapshot": "Work In Progress",
    "category_two_snapshot": "Pipeline",
    "changed_by": [
      "amit"
    ],
    "changed_at": "2025-01-31T08:37:29.227Z",
    "comments": ""
  }
},
{
  "model": "projects.projectstatushistory",
  "pk": "295e799d-b363-4226-bef1-8a5699b809a6",
  "fields": {
    "project": "82f7e9ee-0e25-403a-91e4-a42062ef0615",
    "status": "ce472de1-607a-49fb-8fe3-8d2e40f33dfb",
    "category_one_snapshot": "Rework Done, ACC",
    "category_two_snapshot": "Pipeline",
    "changed_by": [
      "sunny"
    ],
    "changed_at": "2025-04-15T10:07:53.975Z",
    "comments": "jshfo"
  }
},
{
  "model": "projects.projectstatushistory",
  "pk": "474ee101-346d-435c-b84a-d64fcd5080db",
  "fields": {
    "project": "2d13e3d0-8b58-473b-b122-5307230790f6",
    "status": "03756eb7-2912-4b92-92c7-28cd04e779a9",
    "category_one_snapshot": "Awaiting Data",
    "category_two_snapshot": "Not Started",
    "changed_by": [
      "sunny"
    ],
    "changed_at": "2025-01-10T08:30:47.345Z",
    "comments": ""
  }
},
{
  "model": "projects.projectstatushistory",
  "pk": "542d9ae0-03eb-4385-a97c-4b6ddd5f6967",
  "fields": {
    "project": "a67a7c91-3bb2-4d83-88a6-f0f3cbd02576",
    "status": "f46a64ba-bf9f-4937-8884-f0b877565748",
    "category_one_snapshot": "Awaiting Data",
    "category_two_snapshot": "Not Started",
    "changed_by": [
      "sunny"
    ],
    "changed_at": "2025-01-16T11:17:48.284Z",
    "comments": ""
  }
},
{
  "model": "projects.projectstatushistory",
  "pk": "65a15032-0c12-431d-912b-8835166b821e",
  "fields": {
    "project": "a67a7c91-3bb2-4d83-88a6-f0f3cbd02576",
    "status": "95a35a42-7ad6-452b-908d-19c94618a2ee",
    "category_one_snapshot": "Rework",
    "category_two_snapshot": "Pipeline",
    "changed_by": [
      "sunny"
    ],
    "changed_at": "2025-06-13T18:52:21.715Z",
    "comments": ""
  }
},
{
  "model": "projects.projectstatushistory",
  "pk": "69bd41aa-c067-4ac5-ac84-7ee2d2fae30e",
  "fields": {
    "project": "fd130d00-dd3c-47ae-b621-131d877824cd",
    "status": "a893451f-0a58-4244-bfe3-3aafa90ab2cf",
    "category_one_snapshot": "Work In Progress",
    "category_two_snapshot": "Pipeline",
    "changed_by": [
      "sunny"
    ],
    "changed_at": "2025-01-17T10:38:50.827Z",
    "comments": ""
  }
},
{
  "model": "projects.projectstatushistory",
  "pk": "6b53114f-c2e5-4ebf-b658-85192b6826f6",
  "fields": {
    "project": "8878afd8-f444-47dc-8cb2-db8be25ce4fe",
    "status": "03756eb7-2912-4b92-92c7-28cd04e779a9",
    "category_one_snapshot": "Awaiting Data",
    "category_two_snapshot": "Not Started",
    "changed_by": [
      "sunny"
    ],
    "changed_at": "2025-05-01T08:04:40.662Z",
    "comments": ""
  }
},
{
  "model": "projects.projectstatushistory",
  "pk": "6c5decad-007f-40e0-bb1d-436886b69620",
  "fields": {
    "project": "798aed07-36ce-4a6a-83d0-ee26da9b73d1",
    "status": "bb498362-b496-4089-8775-d0f4c2c71845",
    "category_one_snapshot": "1st Cut Delivered",
    "category_two_snapshot": "Pipeline",
    "changed_by": [
      "sunny"
    ],
    "changed_at": "2025-05-31T11:39:12.685Z",
    "comments": ""
  }
},
{
  "model": "projects.projectstatushistory",
  "pk": "7385fc9f-3b00-4b7c-b815-be347445cdf4",
  "fields": {
    "project": "fd130d00-dd3c-47ae-b621-131d877824cd",
    "status": "9daefb30-ab63-4317-b1ba-9393bfe928eb",
    "category_one_snapshot": "Rework",
    "category_two_snapshot": "Pipeline",
    "changed_by": [
      "sunny"
    ],
    "changed_at": "2025-04-25T08:08:00.575Z",
    "comments": ""
  }
},
{
  "model": "projects.projectstatushistory",
  "pk": "796f9de2-1670-4a6b-bbe3-61ad341e5478",
  "fields": {
    "project": "2d13e3d0-8b58-473b-b122-5307230790f6",
    "status": "e4428c40-8bcf-44a2-98d8-7a2a86e907b0",
    "category_one_snapshot": "Work In Progress",
    "category_two_snapshot": "Pipeline",
    "changed_by": [
      "sunny"
    ],
    "changed_at": "2025-01-31T05:06:23.534Z",
    "comments": ""
  }
},
{
  "model": "projects.projectstatushistory",
  "pk": "7b04fecf-a203-4e6c-a1a9-bf796bb49f39",
  "fields": {
    "project": "fd130d00-dd3c-47ae-b621-131d877824cd",
    "status": "81f082cd-87b4-414f-8153-824ae3ef231f",
    "category_one_snapshot": "Rework",
    "category_two_snapshot": "Pipeline",
    "changed_by": [
      "sunny"
    ],
    "changed_at": "2025-04-25T08:19:21.996Z",
    "comments": ""
  }
},
{
  "model": "projects.projectstatushistory",
  "pk": "7cd97633-7b06-448e-8f34-5c69de29e0c4",
  "fields": {
    "project": "798aed07-36ce-4a6a-83d0-ee26da9b73d1",
    "status": "f46a64ba-bf9f-4937-8884-f0b877565748",
    "category_one_snapshot": "Awaiting Data",
    "category_two_snapshot": "Not Started",
    "changed_by": [
      "sunny"
    ],
    "changed_at": "2025-06-01T14:45:48.877Z",
    "comments": ""
  }
},
{
  "model": "projects.projectstatushistory",
  "pk": "7d828467-e04d-48d6-8684-d32e47afbe45",
  "fields": {
    "project": "798aed07-36ce-4a6a-83d0-ee26da9b73d1",
    "status": "03756eb7-2912-4b92-92c7-28cd04e779a9",
    "category_one_snapshot": "Awaiting Data",
    "category_two_snapshot": "Not Started",
    "changed_by": [
      "sunny"
    ],
    "changed_at": "2025-05-26T16:09:59.699Z",
    "comments": ""
  }
},
{
  "model": "projects.projectstatushistory",
  "pk": "85700943-3775-48ce-945b-c8deb30a250a",
  "fields": {
    "project": "a67a7c91-3bb2-4d83-88a6-f0f3cbd02576",
    "status": "534f7308-5829-467e-9902-b89d61e9786c",
    "category_one_snapshot": "Final Delivery",
    "category_two_snapshot": "Final Delivery",
    "changed_by": [
      "sunny"
    ],
    "changed_at": "2025-06-13T18:52:43.319Z",
    "comments": ""
  }
},
{
  "model": "projects.projectstatushistory",
  "pk": "85fa3651-c517-4bba-9840-52b5eeb42e5f",
  "fields": {
    "project": "798aed07-36ce-4a6a-83d0-ee26da9b73d1",
    "status": "f46a64ba-bf9f-4937-8884-f0b877565748",
    "category_one_snapshot": "Awaiting Data",
    "category_two_snapshot": "Not Started",
    "changed_by": [
      "sunny"
    ],
    "changed_at": "2025-05-26T16:04:37.889Z",
    "comments": ""
  }
},
{
  "model": "projects.projectstatushistory",
  "pk": "8663bdcd-d18c-4645-a8ac-1a7d6304908d",
  "fields": {
    "project": "fd130d00-dd3c-47ae-b621-131d877824cd",
    "status": "f46a64ba-bf9f-4937-8884-f0b877565748",
    "category_one_snapshot": "Awaiting Data",
    "category_two_snapshot": "Not Started",
    "changed_by": [
      "sunny"
    ],
    "changed_at": "2025-01-17T08:36:28.639Z",
    "comments": ""
  }
},
{
  "model": "projects.projectstatushistory",
  "pk": "8704a421-5a18-471d-b308-0017bef55205",
  "fields": {
    "project": "aedaa6b4-0d60-4cdd-8ebd-8fbbb9c3879d",
    "status": "f46a64ba-bf9f-4937-8884-f0b877565748",
    "category_one_snapshot": "Awaiting Data",
    "category_two_snapshot": "Not Started",
    "changed_by": [
      "sunny"
    ],
    "changed_at": "2025-05-06T11:50:57.514Z",
    "comments": ""
  }
},
{
  "model": "projects.projectstatushistory",
  "pk": "9c215c93-b016-44e1-8bc7-04040fad2320",
  "fields": {
    "project": "e2346a2f-1eea-4294-86ee-6f05317744a1",
    "status": "f46a64ba-bf9f-4937-8884-f0b877565748",
    "category_one_snapshot": "Awaiting Data",
    "category_two_snapshot": "Not Started",
    "changed_by": [
      "sunny"
    ],
    "changed_at": "2025-01-10T09:20:46.656Z",
    "comments": ""
  }
},
{
  "model": "projects.projectstatushistory",
  "pk": "9e113213-df15-4028-bb37-a807f134d1c8",
  "fields": {
    "project": "fd130d00-dd3c-47ae-b621-131d877824cd",
    "status": "03756eb7-2912-4b92-92c7-28cd04e779a9",
    "category_one_snapshot": "Awaiting Data",
    "category_two_snapshot": "Not Started",
    "changed_by": [
      "sunny"
    ],
    "changed_at": "2025-01-17T09:11:54.683Z",
    "comments": ""
  }
},
{
  "model": "projects.projectstatushistory",
  "pk": "9fb1a1cd-7e0f-4c5d-9f7d-845f53b0c633",
  "fields": {
    "project": "82f7e9ee-0e25-403a-91e4-a42062ef0615",
    "status": "bb498362-b496-4089-8775-d0f4c2c71845",
    "category_one_snapshot": "1st Cut Delivered",
    "category_two_snapshot": "Pipeline",
    "changed_by": [
      "sunny"
    ],
    "changed_at": "2025-01-20T06:10:17.588Z",
    "comments": ""
  }
},
{
  "model": "projects.projectstatushistory",
  "pk": "b398a1ea-b7ee-4b8f-a507-c71edcb6d849",
  "fields": {
    "project": "798aed07-36ce-4a6a-83d0-ee26da9b73d1",
    "status": "e4428c40-8bcf-44a2-98d8-7a2a86e907b0",
    "category_one_snapshot": "Work In Progress",
    "category_two_snapshot": "Pipeline",
    "changed_by": [
      "sunny"
    ],
    "changed_at": "2025-06-06T08:27:03.135Z",
    "comments": ""
  }
},
{
  "model": "projects.projectstatushistory",
  "pk": "b7b5ceaa-d3a5-45f4-9cf5-ab04a89bf2db",
  "fields": {
    "project": "82f7e9ee-0e25-403a-91e4-a42062ef0615",
    "status": "03756eb7-2912-4b92-92c7-28cd04e779a9",
    "category_one_snapshot": "Awaiting Data",
    "category_two_snapshot": "Not Started",
    "changed_by": [
      "sunny"
    ],
    "changed_at": "2025-01-17T06:20:22.768Z",
    "comments": ""
  }
},
{
  "model": "projects.projectstatushistory",
  "pk": "bc4f94a7-ded5-49a7-9734-177584f6511f",
  "fields": {
    "project": "fd130d00-dd3c-47ae-b621-131d877824cd",
    "status": "9a0778b7-716a-4398-a994-4f49a270b041",
    "category_one_snapshot": "Rework",
    "category_two_snapshot": "Pipeline",
    "changed_by": [
      "sunny"
    ],
    "changed_at": "2025-04-25T11:44:28.956Z",
    "comments": ""
  }
},
{
  "model": "projects.projectstatushistory",
  "pk": "c3ac895e-503c-4b0d-841e-630ad0739f5a",
  "fields": {
    "project": "798aed07-36ce-4a6a-83d0-ee26da9b73d1",
    "status": "a893451f-0a58-4244-bfe3-3aafa90ab2cf",
    "category_one_snapshot": "Work In Progress",
    "category_two_snapshot": "Pipeline",
    "changed_by": [
      "sunny"
    ],
    "changed_at": "2025-05-26T16:10:58.114Z",
    "comments": ""
  }
},
{
  "model": "projects.projectstatushistory",
  "pk": "cd40bee2-14a2-4819-8f58-3300e2946a6b",
  "fields": {
    "project": "8878afd8-f444-47dc-8cb2-db8be25ce4fe",
    "status": "f46a64ba-bf9f-4937-8884-f0b877565748",
    "category_one_snapshot": "Awaiting Data",
    "category_two_snapshot": "Not Started",
    "changed_by": [
      "sunny"
    ],
    "changed_at": "2025-05-01T07:09:41.067Z",
    "comments": ""
  }
},
{
  "model": "projects.projectstatushistory",
  "pk": "cf112c0f-51fc-4e52-ac85-2e0c926bb1d1",
  "fields": {
    "project": "8878afd8-f444-47dc-8cb2-db8be25ce4fe",
    "status": "a893451f-0a58-4244-bfe3-3aafa90ab2cf",
    "category_one_snapshot": "Work In Progress",
    "category_two_snapshot": "Pipeline",
    "changed_by": [
      "sunny"
    ],
    "changed_at": "2025-05-01T11:03:01.987Z",
    "comments": ""
  }
},
{
  "model": "projects.projectstatushistory",
  "pk": "d22b1456-fae6-4f2d-91a6-9c8819b7f1a7",
  "fields": {
    "project": "fd130d00-dd3c-47ae-b621-131d877824cd",
    "status": "534f7308-5829-467e-9902-b89d61e9786c",
    "category_one_snapshot": "Final Delivery",
    "category_two_snapshot": "Final Delivery",
    "changed_by": [
      "sunny"
    ],
    "changed_at": "2025-06-14T09:11:22.773Z",
    "comments": ""
  }
},
{
  "model": "projects.projectstatushistory",
  "pk": "d24814fc-002e-48d3-8900-60bde6a63278",
  "fields": {
    "project": "4829002e-f245-45a2-9033-e73c9578063e",
    "status": "f46a64ba-bf9f-4937-8884-f0b877565748",
    "category_one_snapshot": "Awaiting Data",
    "category_two_snapshot": "Not Started",
    "changed_by": [
      "sunny"
    ],
    "changed_at": "2025-01-10T08:14:38.274Z",
    "comments": ""
  }
},
{
  "model": "projects.projectstatushistory",
  "pk": "e4ae2e0a-a6a4-4103-8c2e-7a1a9116a4c5",
  "fields": {
    "project": "aedaa6b4-0d60-4cdd-8ebd-8fbbb9c3879d",
    "status": "534f7308-5829-467e-9902-b89d61e9786c",
    "category_one_snapshot": "Final Delivery",
    "category_two_snapshot": "Final Delivery",
    "changed_by": [
      "sunny"
    ],
    "changed_at": "2025-06-02T04:11:54.323Z",
    "comments": ""
  }
},
{
  "model": "projects.projectstatushistory",
  "pk": "f1cd0f44-61f6-499d-99a2-d4382647e933",
  "fields": {
    "project": "fd130d00-dd3c-47ae-b621-131d877824cd",
    "status": "bb498362-b496-4089-8775-d0f4c2c71845",
    "category_one_snapshot": "1st Cut Delivered",
    "category_two_snapshot": "Pipeline",
    "changed_by": [
      "sunny"
    ],
    "changed_at": "2025-04-25T07:55:59.667Z",
    "comments": ""
  }
},
{
  "model": "projects.projectstatushistory",
  "pk": "f59c115a-a611-43e7-a4c8-11d09d86bfd0",
  "fields": {
    "project": "82f7e9ee-0e25-403a-91e4-a42062ef0615",
    "status": "a893451f-0a58-4244-bfe3-3aafa90ab2cf",
    "category_one_snapshot": "Work In Progress",
    "category_two_snapshot": "Pipeline",
    "changed_by": [
      "sunny"
    ],
    "changed_at": "2025-01-17T09:07:44.668Z",
    "comments": "kitchen cad still missing"
  }
},
{
  "model": "projects.projectstatushistory",
  "pk": "fbbb7387-7125-495a-b147-c549e9d40187",
  "fields": {
    "project": "798aed07-36ce-4a6a-83d0-ee26da9b73d1",
    "status": "e4428c40-8bcf-44a2-98d8-7a2a86e907b0",
    "category_one_snapshot": "Work In Progress",
    "category_two_snapshot": "Pipeline",
    "changed_by": [
      "sunny"
    ],
    "changed_at": "2025-05-31T08:54:08.236Z",
    "comments": ""
  }
},
{
  "model": "projects.projectstatushistory",
  "pk": "fc5e7954-0284-4d91-80f3-472e9fc13935",
  "fields": {
    "project": "aedaa6b4-0d60-4cdd-8ebd-8fbbb9c3879d",
    "status": "940d6333-2bf7-46de-8c32-36d09ced75b3",
    "category_one_snapshot": "Work In Progress",
    "category_two_snapshot": "Pipeline",
    "changed_by": [
      "sunny"
    ],
    "changed_at": "2025-06-13T18:51:09.887Z",
    "comments": ""
  }
},
{
  "model": "projects.projecttask",
  "pk": "0ac48dd0-775b-4542-a042-4ec820efdc1d",
  "fields": {
    "task_id": "TID_00006",
    "project": "a67a7c91-3bb2-4d83-88a6-f0f3cbd02576",
    "product_task": "e13d4a5a-4cb4-48c6-9ccd-9ded9c76d2fd",
    "task_type": "NEW",
    "estimated_time": 16800,
    "created_by": [
      "amit"
    ],
    "created_at": "2025-01-29T09:21:01.023Z",
    "updated_at": "2025-05-26T15:19:36.438Z"
  }
},
{
  "model": "projects.projecttask",
  "pk": "13b84a20-5b6c-490c-ab9f-42607f98a4bf",
  "fields": {
    "task_id": "TID_00022",
    "project": "e2346a2f-1eea-4294-86ee-6f05317744a1",
    "product_task": "964a2048-5d3a-4deb-8d7f-4e3d242121e0",
    "task_type": "REWORK",
    "estimated_time": 16800,
    "created_by": [
      "amit"
    ],
    "created_at": "2025-05-07T10:37:08.313Z",
    "updated_at": "2025-05-26T15:19:36.441Z"
  }
},
{
  "model": "projects.projecttask",
  "pk": "17c8c644-811c-47af-b902-55c4cbd5e0a8",
  "fields": {
    "task_id": "TID_00026",
    "project": "aedaa6b4-0d60-4cdd-8ebd-8fbbb9c3879d",
    "product_task": "c557c898-0ba0-4524-b877-cbd354ec9e52",
    "task_type": "NEW",
    "estimated_time": 960,
    "created_by": [
      "sunny"
    ],
    "created_at": "2025-06-06T07:53:15.850Z",
    "updated_at": "2025-06-06T07:53:15.850Z"
  }
},
{
  "model": "projects.projecttask",
  "pk": "183e72a3-e3a0-42d3-aa47-d7d8f6675d41",
  "fields": {
    "task_id": "TID_00016",
    "project": "fd130d00-dd3c-47ae-b621-131d877824cd",
    "product_task": "f29b0ffa-6794-41c3-9457-16de942c5017",
    "task_type": "NEW",
    "estimated_time": 16800,
    "created_by": [
      "amit"
    ],
    "created_at": "2025-03-25T08:40:49.945Z",
    "updated_at": "2025-05-26T15:19:36.440Z"
  }
},
{
  "model": "projects.projecttask",
  "pk": "18ce0cbf-e243-4db7-bb34-b2da6557bf48",
  "fields": {
    "task_id": "TID_00029",
    "project": "798aed07-36ce-4a6a-83d0-ee26da9b73d1",
    "product_task": "292952f5-83c8-4612-b27b-148a4e2e71f7",
    "task_type": "NEW",
    "estimated_time": 480,
    "created_by": [
      "sunny"
    ],
    "created_at": "2025-06-09T10:24:07.155Z",
    "updated_at": "2025-06-09T10:24:07.155Z"
  }
},
{
  "model": "projects.projecttask",
  "pk": "18fdce5e-2301-4e1d-9bce-1b4214154d38",
  "fields": {
    "task_id": "TID_00018",
    "project": "a67a7c91-3bb2-4d83-88a6-f0f3cbd02576",
    "product_task": "c557c898-0ba0-4524-b877-cbd354ec9e52",
    "task_type": "NEW",
    "estimated_time": 16800,
    "created_by": [
      "amit"
    ],
    "created_at": "2025-04-25T11:47:40.160Z",
    "updated_at": "2025-05-26T15:19:36.441Z"
  }
},
{
  "model": "projects.projecttask",
  "pk": "19bfd85b-a270-4e6f-8196-6e43e768820a",
  "fields": {
    "task_id": "TID_00002",
    "project": "a67a7c91-3bb2-4d83-88a6-f0f3cbd02576",
    "product_task": "964a2048-5d3a-4deb-8d7f-4e3d242121e0",
    "task_type": "NEW",
    "estimated_time": 300,
    "created_by": [
      "amit"
    ],
    "created_at": "2025-01-29T06:21:23.575Z",
    "updated_at": "2025-05-26T15:19:36.436Z"
  }
},
{
  "model": "projects.projecttask",
  "pk": "20c96561-bb57-42d8-9638-328ff8c9f131",
  "fields": {
    "task_id": "TID_00011",
    "project": "a67a7c91-3bb2-4d83-88a6-f0f3cbd02576",
    "product_task": "702ebc38-34d1-4be7-9fc5-0495151e0845",
    "task_type": "REWORK",
    "estimated_time": 16800,
    "created_by": [
      "amit"
    ],
    "created_at": "2025-01-31T10:48:41.900Z",
    "updated_at": "2025-05-26T15:19:36.439Z"
  }
},
{
  "model": "projects.projecttask",
  "pk": "431e9ab9-f56f-4564-a47a-2d2a1dc7851a",
  "fields": {
    "task_id": "TID_00019",
    "project": "8878afd8-f444-47dc-8cb2-db8be25ce4fe",
    "product_task": "964a2048-5d3a-4deb-8d7f-4e3d242121e0",
    "task_type": "NEW",
    "estimated_time": 18000,
    "created_by": [
      "amit"
    ],
    "created_at": "2025-05-01T09:13:14.304Z",
    "updated_at": "2025-05-26T15:19:36.441Z"
  }
},
{
  "model": "projects.projecttask",
  "pk": "568622e4-7a49-4ff7-bc29-f82eb937966a",
  "fields": {
    "task_id": "TID_00008",
    "project": "2d13e3d0-8b58-473b-b122-5307230790f6",
    "product_task": "91ad218b-fcd9-49cc-8f6c-841462a61eaf",
    "task_type": "NEW",
    "estimated_time": 34200,
    "created_by": [
      "parth"
    ],
    "created_at": "2025-01-31T05:08:32.530Z",
    "updated_at": "2025-05-26T15:19:36.439Z"
  }
},
{
  "model": "projects.projecttask",
  "pk": "5e96d2d1-561b-4653-86a7-e18ad903ce8f",
  "fields": {
    "task_id": "TID_00021",
    "project": "fd130d00-dd3c-47ae-b621-131d877824cd",
    "product_task": "af14eecc-0c2d-41fd-bea5-fe2ab0d35c16",
    "task_type": "NEW",
    "estimated_time": 5400,
    "created_by": [
      "amit"
    ],
    "created_at": "2025-05-07T09:55:13.461Z",
    "updated_at": "2025-05-26T15:19:36.441Z"
  }
},
{
  "model": "projects.projecttask",
  "pk": "6031f9d9-157d-4f78-9404-b7ec58346778",
  "fields": {
    "task_id": "TID_00028",
    "project": "798aed07-36ce-4a6a-83d0-ee26da9b73d1",
    "product_task": "b542a4d2-1b51-4ae7-b1e0-22801d34dec1",
    "task_type": "NEW",
    "estimated_time": 420,
    "created_by": [
      "sunny"
    ],
    "created_at": "2025-06-09T10:21:13.501Z",
    "updated_at": "2025-06-09T10:21:13.501Z"
  }
},
{
  "model": "projects.projecttask",
  "pk": "6c2fce98-9670-4260-97d1-5a1fc8f74a0b",
  "fields": {
    "task_id": "TID_00027",
    "project": "798aed07-36ce-4a6a-83d0-ee26da9b73d1",
    "product_task": "fb0102fd-358f-4daa-866f-a6fb79f3fc64",
    "task_type": "NEW",
    "estimated_time": 480,
    "created_by": [
      "sunny"
    ],
    "created_at": "2025-06-09T07:18:56.418Z",
    "updated_at": "2025-06-09T07:18:56.418Z"
  }
},
{
  "model": "projects.projecttask",
  "pk": "7868e2d1-2eb5-4c0c-88c8-db892681331e",
  "fields": {
    "task_id": "TID_00017",
    "project": "a67a7c91-3bb2-4d83-88a6-f0f3cbd02576",
    "product_task": "184f534f-b666-4130-af3f-4e462d9269c4",
    "task_type": "NEW",
    "estimated_time": 18000,
    "created_by": [
      "amit"
    ],
    "created_at": "2025-04-15T10:12:17.310Z",
    "updated_at": "2025-05-26T15:19:36.440Z"
  }
},
{
  "model": "projects.projecttask",
  "pk": "85a5042c-7668-4cb2-a27a-cf71b39a5ecb",
  "fields": {
    "task_id": "TID_00003",
    "project": "a67a7c91-3bb2-4d83-88a6-f0f3cbd02576",
    "product_task": "e13d4a5a-4cb4-48c6-9ccd-9ded9c76d2fd",
    "task_type": "NEW",
    "estimated_time": 31500,
    "created_by": [
      "amit"
    ],
    "created_at": "2025-01-29T07:32:21.244Z",
    "updated_at": "2025-05-26T15:19:36.438Z"
  }
},
{
  "model": "projects.projecttask",
  "pk": "86e6fce4-a2ac-411f-ac4e-088c7381ff86",
  "fields": {
    "task_id": "TID_00014",
    "project": "fd130d00-dd3c-47ae-b621-131d877824cd",
    "product_task": "fb0102fd-358f-4daa-866f-a6fb79f3fc64",
    "task_type": "NEW",
    "estimated_time": 5400,
    "created_by": [
      "amit"
    ],
    "created_at": "2025-02-04T05:20:00.716Z",
    "updated_at": "2025-05-26T15:19:36.440Z"
  }
},
{
  "model": "projects.projecttask",
  "pk": "96f548a0-1c53-4f40-91e2-7af0a108f628",
  "fields": {
    "task_id": "TID_00009",
    "project": "a67a7c91-3bb2-4d83-88a6-f0f3cbd02576",
    "product_task": "184f534f-b666-4130-af3f-4e462d9269c4",
    "task_type": "NEW",
    "estimated_time": 34200,
    "created_by": [
      "amit"
    ],
    "created_at": "2025-01-31T05:36:21.582Z",
    "updated_at": "2025-05-26T15:19:36.439Z"
  }
},
{
  "model": "projects.projecttask",
  "pk": "99f3eaa2-6380-46cb-9239-da3b296a9f29",
  "fields": {
    "task_id": "TID_00023",
    "project": "aedaa6b4-0d60-4cdd-8ebd-8fbbb9c3879d",
    "product_task": "702ebc38-34d1-4be7-9fc5-0495151e0845",
    "task_type": "NEW",
    "estimated_time": 720,
    "created_by": [
      "sunny"
    ],
    "created_at": "2025-05-26T15:29:07.959Z",
    "updated_at": "2025-05-26T15:29:07.959Z"
  }
},
{
  "model": "projects.projecttask",
  "pk": "9d49c0a7-34ef-4555-b104-4da3beb3f5a1",
  "fields": {
    "task_id": "TID_00004",
    "project": "a67a7c91-3bb2-4d83-88a6-f0f3cbd02576",
    "product_task": "702ebc38-34d1-4be7-9fc5-0495151e0845",
    "task_type": "REWORK",
    "estimated_time": 5400,
    "created_by": [
      "amit"
    ],
    "created_at": "2025-01-29T07:33:22.211Z",
    "updated_at": "2025-05-26T15:19:36.438Z"
  }
},
{
  "model": "projects.projecttask",
  "pk": "9d9bead4-938e-44f4-80ce-629b29731120",
  "fields": {
    "task_id": "TID_00015",
    "project": "fd130d00-dd3c-47ae-b621-131d877824cd",
    "product_task": "fb0102fd-358f-4daa-866f-a6fb79f3fc64",
    "task_type": "NEW",
    "estimated_time": 16800,
    "created_by": [
      "amit"
    ],
    "created_at": "2025-02-05T04:36:38.868Z",
    "updated_at": "2025-05-26T15:19:36.440Z"
  }
},
{
  "model": "projects.projecttask",
  "pk": "a10caf60-b8d4-4c54-933f-313aed98162b",
  "fields": {
    "task_id": "TID_00001",
    "project": "a67a7c91-3bb2-4d83-88a6-f0f3cbd02576",
    "product_task": "c557c898-0ba0-4524-b877-cbd354ec9e52",
    "task_type": "NEW",
    "estimated_time": 540,
    "created_by": [
      "amit"
    ],
    "created_at": "2025-01-29T06:05:58.885Z",
    "updated_at": "2025-05-26T15:19:36.434Z"
  }
},
{
  "model": "projects.projecttask",
  "pk": "b0d2d9dc-33e5-441f-b6bd-06e851d75960",
  "fields": {
    "task_id": "TID_00005",
    "project": "a67a7c91-3bb2-4d83-88a6-f0f3cbd02576",
    "product_task": "184f534f-b666-4130-af3f-4e462d9269c4",
    "task_type": "REWORK",
    "estimated_time": 31500,
    "created_by": [
      "amit"
    ],
    "created_at": "2025-01-29T08:57:06.104Z",
    "updated_at": "2025-05-26T15:19:36.438Z"
  }
},
{
  "model": "projects.projecttask",
  "pk": "bb1c3bb0-bbcf-49d7-8188-d999aed477f3",
  "fields": {
    "task_id": "TID_00024",
    "project": "4829002e-f245-45a2-9033-e73c9578063e",
    "product_task": "950a239f-2de5-4174-aced-fe4a080a5dd3",
    "task_type": "NEW",
    "estimated_time": 1440,
    "created_by": [
      "sunny"
    ],
    "created_at": "2025-05-31T14:34:02.056Z",
    "updated_at": "2025-05-31T14:34:02.056Z"
  }
},
{
  "model": "projects.projecttask",
  "pk": "bbdfe938-41d6-47f7-ae9c-d89de38b1b02",
  "fields": {
    "task_id": "TID_00007",
    "project": "a67a7c91-3bb2-4d83-88a6-f0f3cbd02576",
    "product_task": "964a2048-5d3a-4deb-8d7f-4e3d242121e0",
    "task_type": "REWORK",
    "estimated_time": 18000,
    "created_by": [
      "amit"
    ],
    "created_at": "2025-01-29T10:38:37.737Z",
    "updated_at": "2025-05-26T15:19:36.438Z"
  }
},
{
  "model": "projects.projecttask",
  "pk": "cc24bf7e-0aca-49d8-b043-0c8c08428a5e",
  "fields": {
    "task_id": "TID_00012",
    "project": "fd130d00-dd3c-47ae-b621-131d877824cd",
    "product_task": "fb0102fd-358f-4daa-866f-a6fb79f3fc64",
    "task_type": "REWORK",
    "estimated_time": 16800,
    "created_by": [
      "amit"
    ],
    "created_at": "2025-01-31T13:00:15.864Z",
    "updated_at": "2025-05-26T15:19:36.439Z"
  }
},
{
  "model": "projects.projecttask",
  "pk": "d37d48d2-290c-49f2-be17-cc87da895730",
  "fields": {
    "task_id": "TID_00025",
    "project": "4829002e-f245-45a2-9033-e73c9578063e",
    "product_task": "950a239f-2de5-4174-aced-fe4a080a5dd3",
    "task_type": "NEW",
    "estimated_time": 960,
    "created_by": [
      "sunny"
    ],
    "created_at": "2025-05-31T14:34:49.586Z",
    "updated_at": "2025-05-31T14:34:49.586Z"
  }
},
{
  "model": "projects.projecttask",
  "pk": "d6cd56b9-a0e7-45b5-8ec8-88d6dc5a118a",
  "fields": {
    "task_id": "TID_00020",
    "project": "aedaa6b4-0d60-4cdd-8ebd-8fbbb9c3879d",
    "product_task": "964a2048-5d3a-4deb-8d7f-4e3d242121e0",
    "task_type": "NEW",
    "estimated_time": 18000,
    "created_by": [
      "amit"
    ],
    "created_at": "2025-05-07T09:47:32.984Z",
    "updated_at": "2025-05-26T15:19:36.441Z"
  }
},
{
  "model": "projects.projecttask",
  "pk": "d72dc8ff-f8e4-4dda-bd03-ed86a88ecf2e",
  "fields": {
    "task_id": "TID_00010",
    "project": "fd130d00-dd3c-47ae-b621-131d877824cd",
    "product_task": "b92be24d-0363-4f15-9c42-60c21fbdc2fe",
    "task_type": "NEW",
    "estimated_time": 18000,
    "created_by": [
      "amit"
    ],
    "created_at": "2025-01-31T08:42:43.852Z",
    "updated_at": "2025-05-26T15:19:36.439Z"
  }
},
{
  "model": "projects.projecttask",
  "pk": "e3e3e688-25d5-4a0a-8a4d-7751b266160a",
  "fields": {
    "task_id": "TID_00013",
    "project": "82f7e9ee-0e25-403a-91e4-a42062ef0615",
    "product_task": "9088215e-9b53-407c-8ad3-82f7cb0d9927",
    "task_type": "REWORK",
    "estimated_time": 18000,
    "created_by": [
      "amit"
    ],
    "created_at": "2025-02-04T02:01:24.421Z",
    "updated_at": "2025-05-26T15:19:36.440Z"
  }
},
{
  "model": "projects.taskassignment",
  "pk": "02bb3a0e-31cf-4dbf-83d5-14bd2d6faa02",
  "fields": {
    "assignment_id": "ASID_000032",
    "task": "13b84a20-5b6c-490c-ab9f-42607f98a4bf",
    "assigned_to": [
      "saket"
    ],
    "assigned_date": "2025-05-07T11:17:43.891Z",
    "projected_hours": 9000,
    "sub_task": "hdwbjhqd",
    "rework_type": "NEW",
    "is_active": true,
    "error_count": 0,
    "error_description": "",
    "expected_delivery_date": "2025-05-22T00:00:00Z",
    "quality_rating": null,
    "assigned_by": [
      "amit"
    ],
    "completion_date": null,
    "is_completed": false,
    "created_at": "2025-05-07T11:17:43.891Z",
    "updated_at": "2025-05-26T15:19:36.444Z"
  }
},
{
  "model": "projects.taskassignment",
  "pk": "039183b1-7717-462f-be3d-ad005ea42efd",
  "fields": {
    "assignment_id": "ASID_000012",
    "task": "bbdfe938-41d6-47f7-ae9c-d89de38b1b02",
    "assigned_to": [
      "saket"
    ],
    "assigned_date": "2025-01-31T05:18:41.276Z",
    "projected_hours": 7200,
    "sub_task": "test1",
    "rework_type": "NEW",
    "is_active": true,
    "error_count": 0,
    "error_description": "",
    "expected_delivery_date": "2025-02-12T00:00:00Z",
    "quality_rating": null,
    "assigned_by": [
      "amit"
    ],
    "completion_date": null,
    "is_completed": false,
    "created_at": "2025-01-31T05:18:41.276Z",
    "updated_at": "2025-05-26T15:19:36.450Z"
  }
},
{
  "model": "projects.taskassignment",
  "pk": "03e7feb8-4c9c-4437-8cff-89eb321f03d9",
  "fields": {
    "assignment_id": "ASID_000017",
    "task": "20c96561-bb57-42d8-9638-328ff8c9f131",
    "assigned_to": [
      "amit"
    ],
    "assigned_date": "2025-01-31T10:50:01.908Z",
    "projected_hours": 1800,
    "sub_task": "test",
    "rework_type": null,
    "is_active": true,
    "error_count": 0,
    "error_description": "",
    "expected_delivery_date": "2025-02-02T00:00:00Z",
    "quality_rating": null,
    "assigned_by": [
      "amit"
    ],
    "completion_date": null,
    "is_completed": false,
    "created_at": "2025-01-31T10:50:01.908Z",
    "updated_at": "2025-05-26T15:19:36.449Z"
  }
},
{
  "model": "projects.taskassignment",
  "pk": "05dab680-ad50-4939-a928-48f6c88ee00c",
  "fields": {
    "assignment_id": "ASID_000036",
    "task": "99f3eaa2-6380-46cb-9239-da3b296a9f29",
    "assigned_to": [
      "praveen"
    ],
    "assigned_date": "2025-05-29T16:20:18.540Z",
    "projected_hours": 60,
    "sub_task": "measure boundary wall dimensions",
    "rework_type": "NEW",
    "is_active": false,
    "error_count": 0,
    "error_description": "",
    "expected_delivery_date": "2025-05-31T00:00:00Z",
    "quality_rating": "1.0",
    "assigned_by": [
      "sunny"
    ],
    "completion_date": null,
    "is_completed": false,
    "created_at": "2025-05-29T16:20:18.540Z",
    "updated_at": "2025-06-01T14:47:10.253Z"
  }
},
{
  "model": "projects.taskassignment",
  "pk": "0723ef51-1fc0-4c77-b183-5747f43be775",
  "fields": {
    "assignment_id": "ASID_000033",
    "task": "99f3eaa2-6380-46cb-9239-da3b296a9f29",
    "assigned_to": [
      "saket"
    ],
    "assigned_date": "2025-05-26T15:29:50.141Z",
    "projected_hours": 420,
    "sub_task": "test3",
    "rework_type": "INTERNAL_REWORK",
    "is_active": true,
    "error_count": 2,
    "error_description": "test",
    "expected_delivery_date": "2025-05-30T00:00:00Z",
    "quality_rating": null,
    "assigned_by": [
      "sunny"
    ],
    "completion_date": null,
    "is_completed": false,
    "created_at": "2025-05-26T15:29:50.141Z",
    "updated_at": "2025-05-26T16:06:48.877Z"
  }
},
{
  "model": "projects.taskassignment",
  "pk": "0eea68af-cf77-46fb-82de-cba7c7431bad",
  "fields": {
    "assignment_id": "ASID_000046",
    "task": "6c2fce98-9670-4260-97d1-5a1fc8f74a0b",
    "assigned_to": [
      "saket"
    ],
    "assigned_date": "2025-06-09T07:20:45.343Z",
    "projected_hours": 240,
    "sub_task": "create boundary marking",
    "rework_type": null,
    "is_active": true,
    "error_count": 0,
    "error_description": "",
    "expected_delivery_date": "2025-06-10T00:00:00Z",
    "quality_rating": null,
    "assigned_by": [
      "sunny"
    ],
    "completion_date": null,
    "is_completed": false,
    "created_at": "2025-06-09T07:20:45.343Z",
    "updated_at": "2025-06-09T07:20:45.343Z"
  }
},
{
  "model": "projects.taskassignment",
  "pk": "1e27265f-bafa-40cf-a250-5556e2936867",
  "fields": {
    "assignment_id": "ASID_000029",
    "task": "431e9ab9-f56f-4564-a47a-2d2a1dc7851a",
    "assigned_to": [
      "praveen"
    ],
    "assigned_date": "2025-05-01T09:31:10.646Z",
    "projected_hours": 5400,
    "sub_task": "test1",
    "rework_type": null,
    "is_active": false,
    "error_count": 0,
    "error_description": "",
    "expected_delivery_date": "2025-05-22T00:00:00Z",
    "quality_rating": "3.5",
    "assigned_by": [
      "amit"
    ],
    "completion_date": "2025-05-29T16:28:15.248Z",
    "is_completed": true,
    "created_at": "2025-05-01T09:31:10.646Z",
    "updated_at": "2025-05-31T02:20:43.399Z"
  }
},
{
  "model": "projects.taskassignment",
  "pk": "1e886879-8e60-494d-9786-cd8a94aba69a",
  "fields": {
    "assignment_id": "ASID_000026",
    "task": "7868e2d1-2eb5-4c0c-88c8-db892681331e",
    "assigned_to": [
      "shubham"
    ],
    "assigned_date": "2025-04-15T10:13:32.765Z",
    "projected_hours": 9000,
    "sub_task": "testing",
    "rework_type": "NEW",
    "is_active": true,
    "error_count": 0,
    "error_description": "",
    "expected_delivery_date": "2025-04-24T00:00:00Z",
    "quality_rating": null,
    "assigned_by": [
      "amit"
    ],
    "completion_date": null,
    "is_completed": false,
    "created_at": "2025-04-15T10:13:32.765Z",
    "updated_at": "2025-05-26T15:19:36.447Z"
  }
},
{
  "model": "projects.taskassignment",
  "pk": "250e172f-8cc0-4001-bd96-896a68ad1d3e",
  "fields": {
    "assignment_id": "ASID_000044",
    "task": "17c8c644-811c-47af-b902-55c4cbd5e0a8",
    "assigned_to": [
      "praveen"
    ],
    "assigned_date": "2025-06-06T07:53:46.355Z",
    "projected_hours": 480,
    "sub_task": "gym",
    "rework_type": "NEW",
    "is_active": false,
    "error_count": 0,
    "error_description": "",
    "expected_delivery_date": "2025-06-13T00:00:00Z",
    "quality_rating": "4.0",
    "assigned_by": [
      "sunny"
    ],
    "completion_date": "2025-06-06T07:59:00.649Z",
    "is_completed": true,
    "created_at": "2025-06-06T07:53:46.355Z",
    "updated_at": "2025-06-06T07:59:13.206Z"
  }
},
{
  "model": "projects.taskassignment",
  "pk": "253529ee-f166-434b-8951-2527030b9eb9",
  "fields": {
    "assignment_id": "ASID_000040",
    "task": "431e9ab9-f56f-4564-a47a-2d2a1dc7851a",
    "assigned_to": [
      "praveen"
    ],
    "assigned_date": "2025-05-29T18:55:53.745Z",
    "projected_hours": 420,
    "sub_task": "jsdkjahd",
    "rework_type": "INTERNAL_REWORK",
    "is_active": true,
    "error_count": 0,
    "error_description": "",
    "expected_delivery_date": "2025-06-06T00:00:00Z",
    "quality_rating": null,
    "assigned_by": [
      "sunny"
    ],
    "completion_date": null,
    "is_completed": false,
    "created_at": "2025-05-29T18:55:53.745Z",
    "updated_at": "2025-05-31T01:48:12.484Z"
  }
},
{
  "model": "projects.taskassignment",
  "pk": "259afc93-b656-4ec8-84c1-65dfcacf069c",
  "fields": {
    "assignment_id": "ASID_000010",
    "task": "bbdfe938-41d6-47f7-ae9c-d89de38b1b02",
    "assigned_to": [
      "parth"
    ],
    "assigned_date": "2025-01-29T10:39:31.973Z",
    "projected_hours": 5400,
    "sub_task": "test",
    "rework_type": "NEW",
    "is_active": false,
    "error_count": 0,
    "error_description": "",
    "expected_delivery_date": "2025-02-05T00:00:00Z",
    "quality_rating": null,
    "assigned_by": [
      "amit"
    ],
    "completion_date": null,
    "is_completed": false,
    "created_at": "2025-01-29T10:39:31.973Z",
    "updated_at": "2025-05-26T15:19:36.451Z"
  }
},
{
  "model": "projects.taskassignment",
  "pk": "266f1461-e65f-46f6-bdf6-44a70da4b490",
  "fields": {
    "assignment_id": "ASID_000048",
    "task": "6c2fce98-9670-4260-97d1-5a1fc8f74a0b",
    "assigned_to": [
      "praveen"
    ],
    "assigned_date": "2025-06-09T10:24:37.303Z",
    "projected_hours": 300,
    "sub_task": "create first hotspot",
    "rework_type": null,
    "is_active": false,
    "error_count": 0,
    "error_description": "",
    "expected_delivery_date": "2025-06-11T00:00:00Z",
    "quality_rating": "4.5",
    "assigned_by": [
      "sunny"
    ],
    "completion_date": "2025-06-09T10:26:45.194Z",
    "is_completed": true,
    "created_at": "2025-06-09T10:24:37.310Z",
    "updated_at": "2025-06-09T10:27:00.464Z"
  }
},
{
  "model": "projects.taskassignment",
  "pk": "29d3c248-d8e3-4843-9cff-173bb6ac235a",
  "fields": {
    "assignment_id": "ASID_000002",
    "task": "9d49c0a7-34ef-4555-b104-4da3beb3f5a1",
    "assigned_to": [
      "saket"
    ],
    "assigned_date": "2025-01-29T07:35:17.567Z",
    "projected_hours": 9000,
    "sub_task": "boundary wall texturing",
    "rework_type": "NEW",
    "is_active": true,
    "error_count": 0,
    "error_description": "",
    "expected_delivery_date": "2025-02-06T00:00:00Z",
    "quality_rating": null,
    "assigned_by": [
      "amit"
    ],
    "completion_date": null,
    "is_completed": false,
    "created_at": "2025-01-29T07:35:17.567Z",
    "updated_at": "2025-05-26T15:19:36.453Z"
  }
},
{
  "model": "projects.taskassignment",
  "pk": "2ba95547-869c-4d77-bf59-98b49cdc7178",
  "fields": {
    "assignment_id": "ASID_000008",
    "task": "b0d2d9dc-33e5-441f-b6bd-06e851d75960",
    "assigned_to": [
      "saket"
    ],
    "assigned_date": "2025-01-29T10:37:20.531Z",
    "projected_hours": 8100,
    "sub_task": "test",
    "rework_type": "INTERNAL_REWORK",
    "is_active": true,
    "error_count": 0,
    "error_description": "",
    "expected_delivery_date": "2025-02-03T00:00:00Z",
    "quality_rating": null,
    "assigned_by": [
      "amit"
    ],
    "completion_date": null,
    "is_completed": false,
    "created_at": "2025-01-29T10:37:20.531Z",
    "updated_at": "2025-05-26T15:19:36.451Z"
  }
},
{
  "model": "projects.taskassignment",
  "pk": "2ea3a74f-63a9-46e6-8aac-38ad39898a10",
  "fields": {
    "assignment_id": "ASID_000006",
    "task": "b0d2d9dc-33e5-441f-b6bd-06e851d75960",
    "assigned_to": [
      "parth"
    ],
    "assigned_date": "2025-01-29T09:00:21.240Z",
    "projected_hours": 9000,
    "sub_task": "test1",
    "rework_type": "INTERNAL_REWORK",
    "is_active": false,
    "error_count": 2,
    "error_description": "",
    "expected_delivery_date": "2025-02-08T00:00:00Z",
    "quality_rating": null,
    "assigned_by": [
      "amit"
    ],
    "completion_date": null,
    "is_completed": false,
    "created_at": "2025-01-29T09:00:21.240Z",
    "updated_at": "2025-05-26T15:19:36.452Z"
  }
},
{
  "model": "projects.taskassignment",
  "pk": "385902f5-8c6f-4744-9274-346e83d6b359",
  "fields": {
    "assignment_id": "ASID_000023",
    "task": "e3e3e688-25d5-4a0a-8a4d-7751b266160a",
    "assigned_to": [
      "saket"
    ],
    "assigned_date": "2025-03-25T08:46:33.811Z",
    "projected_hours": 12600,
    "sub_task": "Podium modeling",
    "rework_type": "NEW",
    "is_active": true,
    "error_count": 0,
    "error_description": "",
    "expected_delivery_date": "2025-03-28T00:00:00Z",
    "quality_rating": null,
    "assigned_by": [
      "amit"
    ],
    "completion_date": null,
    "is_completed": false,
    "created_at": "2025-03-25T08:46:33.811Z",
    "updated_at": "2025-05-26T15:19:36.448Z"
  }
},
{
  "model": "projects.taskassignment",
  "pk": "3f14f4ab-8d2c-40fb-b83f-008409804a4f",
  "fields": {
    "assignment_id": "ASID_000001",
    "task": "19bfd85b-a270-4e6f-8196-6e43e768820a",
    "assigned_to": [
      "saket"
    ],
    "assigned_date": "2025-01-29T06:22:30.172Z",
    "projected_hours": 180,
    "sub_task": "lighting fix",
    "rework_type": "NEW",
    "is_active": false,
    "error_count": 0,
    "error_description": "",
    "expected_delivery_date": "2025-02-08T15:56:00Z",
    "quality_rating": "1.0",
    "assigned_by": [
      "amit"
    ],
    "completion_date": null,
    "is_completed": false,
    "created_at": "2025-01-29T06:22:30.172Z",
    "updated_at": "2025-05-26T15:19:36.453Z"
  }
},
{
  "model": "projects.taskassignment",
  "pk": "41cf49e8-d831-4087-a815-b1d7acd730cd",
  "fields": {
    "assignment_id": "ASID_000007",
    "task": "b0d2d9dc-33e5-441f-b6bd-06e851d75960",
    "assigned_to": [
      "amit"
    ],
    "assigned_date": "2025-01-29T09:48:51.084Z",
    "projected_hours": 12600,
    "sub_task": "test",
    "rework_type": "NEW",
    "is_active": true,
    "error_count": 1,
    "error_description": "",
    "expected_delivery_date": "2025-01-29T00:00:00Z",
    "quality_rating": "1.0",
    "assigned_by": [
      "amit"
    ],
    "completion_date": null,
    "is_completed": false,
    "created_at": "2025-01-29T09:48:51.084Z",
    "updated_at": "2025-05-26T15:19:36.452Z"
  }
},
{
  "model": "projects.taskassignment",
  "pk": "42431290-f8da-4073-8c62-2046e73b5e18",
  "fields": {
    "assignment_id": "ASID_000015",
    "task": "d72dc8ff-f8e4-4dda-bd03-ed86a88ecf2e",
    "assigned_to": [
      "parth"
    ],
    "assigned_date": "2025-01-31T08:43:21.056Z",
    "projected_hours": 7200,
    "sub_task": "test",
    "rework_type": "NEW",
    "is_active": true,
    "error_count": 1,
    "error_description": "",
    "expected_delivery_date": "2025-02-08T00:00:00Z",
    "quality_rating": "2.0",
    "assigned_by": [
      "amit"
    ],
    "completion_date": null,
    "is_completed": false,
    "created_at": "2025-01-31T08:43:21.056Z",
    "updated_at": "2025-05-26T15:19:36.450Z"
  }
},
{
  "model": "projects.taskassignment",
  "pk": "4835800a-bacc-4af0-abee-9d7b8d792cf1",
  "fields": {
    "assignment_id": "ASID_000022",
    "task": "183e72a3-e3a0-42d3-aa47-d7d8f6675d41",
    "assigned_to": [
      "praveen"
    ],
    "assigned_date": "2025-03-25T08:43:33.325Z",
    "projected_hours": 8100,
    "sub_task": "link bifurcation",
    "rework_type": "INTERNAL_REWORK",
    "is_active": true,
    "error_count": 0,
    "error_description": "",
    "expected_delivery_date": "2025-03-27T00:00:00Z",
    "quality_rating": null,
    "assigned_by": [
      "amit"
    ],
    "completion_date": "2025-05-27T07:30:33.231Z",
    "is_completed": true,
    "created_at": "2025-03-25T08:43:33.325Z",
    "updated_at": "2025-05-27T08:15:50.634Z"
  }
},
{
  "model": "projects.taskassignment",
  "pk": "496e3027-f06d-4884-824c-1a41d763d541",
  "fields": {
    "assignment_id": "ASID_000034",
    "task": "99f3eaa2-6380-46cb-9239-da3b296a9f29",
    "assigned_to": [
      "praveen"
    ],
    "assigned_date": "2025-05-26T16:07:51.281Z",
    "projected_hours": 360,
    "sub_task": "test2",
    "rework_type": "NEW",
    "is_active": false,
    "error_count": 0,
    "error_description": "",
    "expected_delivery_date": "2025-06-06T00:00:00Z",
    "quality_rating": "3.0",
    "assigned_by": [
      "sunny"
    ],
    "completion_date": "2025-05-28T12:10:24.441Z",
    "is_completed": true,
    "created_at": "2025-05-26T16:07:51.281Z",
    "updated_at": "2025-06-01T14:46:59.243Z"
  }
},
{
  "model": "projects.taskassignment",
  "pk": "4e9379dd-d96d-4dac-bbcc-ace1ba0aa31f",
  "fields": {
    "assignment_id": "ASID_000016",
    "task": "20c96561-bb57-42d8-9638-328ff8c9f131",
    "assigned_to": [
      "parth"
    ],
    "assigned_date": "2025-01-31T10:49:04.827Z",
    "projected_hours": 12600,
    "sub_task": "test",
    "rework_type": null,
    "is_active": true,
    "error_count": 0,
    "error_description": "",
    "expected_delivery_date": "2025-02-03T00:00:00Z",
    "quality_rating": "1.0",
    "assigned_by": [
      "amit"
    ],
    "completion_date": null,
    "is_completed": false,
    "created_at": "2025-01-31T10:49:04.827Z",
    "updated_at": "2025-05-26T15:19:36.449Z"
  }
},
{
  "model": "projects.taskassignment",
  "pk": "517526d9-fafc-4a66-93e1-4f3289e20015",
  "fields": {
    "assignment_id": "ASID_000024",
    "task": "e3e3e688-25d5-4a0a-8a4d-7751b266160a",
    "assigned_to": [
      "praveen"
    ],
    "assigned_date": "2025-03-25T08:47:59.126Z",
    "projected_hours": 5400,
    "sub_task": "Texture addition",
    "rework_type": "NEW",
    "is_active": false,
    "error_count": 0,
    "error_description": "",
    "expected_delivery_date": "2025-03-28T00:00:00Z",
    "quality_rating": null,
    "assigned_by": [
      "amit"
    ],
    "completion_date": "2025-05-27T08:17:21.477Z",
    "is_completed": true,
    "created_at": "2025-03-25T08:47:59.126Z",
    "updated_at": "2025-05-27T08:17:21.481Z"
  }
},
{
  "model": "projects.taskassignment",
  "pk": "5304ff0a-f143-4a7a-9711-3759676fc2f9",
  "fields": {
    "assignment_id": "ASID_000028",
    "task": "431e9ab9-f56f-4564-a47a-2d2a1dc7851a",
    "assigned_to": [
      "saket"
    ],
    "assigned_date": "2025-05-01T09:13:37.441Z",
    "projected_hours": 10800,
    "sub_task": "test",
    "rework_type": "NEW",
    "is_active": true,
    "error_count": 0,
    "error_description": "",
    "expected_delivery_date": "2025-05-15T00:00:00Z",
    "quality_rating": null,
    "assigned_by": [
      "amit"
    ],
    "completion_date": null,
    "is_completed": false,
    "created_at": "2025-05-01T09:13:37.441Z",
    "updated_at": "2025-05-26T15:19:36.446Z"
  }
},
{
  "model": "projects.taskassignment",
  "pk": "58363e49-18a7-4c71-a9a9-5e303d423886",
  "fields": {
    "assignment_id": "ASID_000042",
    "task": "431e9ab9-f56f-4564-a47a-2d2a1dc7851a",
    "assigned_to": [
      "praveen"
    ],
    "assigned_date": "2025-05-31T02:22:17.652Z",
    "projected_hours": 360,
    "sub_task": "this a test sub task to increase the length",
    "rework_type": "NEW",
    "is_active": true,
    "error_count": 0,
    "error_description": "",
    "expected_delivery_date": "2025-06-03T00:00:00Z",
    "quality_rating": null,
    "assigned_by": [
      "sunny"
    ],
    "completion_date": null,
    "is_completed": false,
    "created_at": "2025-05-31T02:22:17.653Z",
    "updated_at": "2025-05-31T02:22:17.653Z"
  }
},
{
  "model": "projects.taskassignment",
  "pk": "5dec0fd9-99c7-4caf-85c4-6baa49074f27",
  "fields": {
    "assignment_id": "ASID_000038",
    "task": "7868e2d1-2eb5-4c0c-88c8-db892681331e",
    "assigned_to": [
      "praveen"
    ],
    "assigned_date": "2025-05-29T18:16:18.497Z",
    "projected_hours": 150,
    "sub_task": "test",
    "rework_type": "INTERNAL_REWORK",
    "is_active": false,
    "error_count": 0,
    "error_description": "",
    "expected_delivery_date": "2025-05-31T00:00:00Z",
    "quality_rating": "1.0",
    "assigned_by": [
      "sunny"
    ],
    "completion_date": "2025-05-29T18:34:24.448Z",
    "is_completed": true,
    "created_at": "2025-05-29T18:16:18.497Z",
    "updated_at": "2025-05-29T18:34:24.451Z"
  }
},
{
  "model": "projects.taskassignment",
  "pk": "62678348-3576-417e-8884-257c7a004f7f",
  "fields": {
    "assignment_id": "ASID_000011",
    "task": "568622e4-7a49-4ff7-bc29-f82eb937966a",
    "assigned_to": [
      "parth"
    ],
    "assigned_date": "2025-01-31T05:09:14.215Z",
    "projected_hours": 9000,
    "sub_task": "texture",
    "rework_type": "NEW",
    "is_active": true,
    "error_count": 0,
    "error_description": "",
    "expected_delivery_date": "2025-02-07T00:00:00Z",
    "quality_rating": null,
    "assigned_by": [
      "amit"
    ],
    "completion_date": null,
    "is_completed": false,
    "created_at": "2025-01-31T05:09:14.215Z",
    "updated_at": "2025-05-26T15:19:36.451Z"
  }
},
{
  "model": "projects.taskassignment",
  "pk": "69028dee-bfe9-4fd0-b509-8342e51dde7e",
  "fields": {
    "assignment_id": "ASID_000020",
    "task": "9d9bead4-938e-44f4-80ce-629b29731120",
    "assigned_to": [
      "praveen"
    ],
    "assigned_date": "2025-02-05T04:36:59.553Z",
    "projected_hours": 5400,
    "sub_task": "test",
    "rework_type": "INTERNAL_REWORK",
    "is_active": false,
    "error_count": 0,
    "error_description": "",
    "expected_delivery_date": "2025-02-21T00:00:00Z",
    "quality_rating": null,
    "assigned_by": [
      "amit"
    ],
    "completion_date": "2025-05-27T07:19:11.090Z",
    "is_completed": true,
    "created_at": "2025-02-05T04:36:59.553Z",
    "updated_at": "2025-05-27T07:19:11.094Z"
  }
},
{
  "model": "projects.taskassignment",
  "pk": "6d7db297-e849-40f7-bea0-804238a55c64",
  "fields": {
    "assignment_id": "ASID_000014",
    "task": "96f548a0-1c53-4f40-91e2-7af0a108f628",
    "assigned_to": [
      "saket"
    ],
    "assigned_date": "2025-01-31T05:37:36.919Z",
    "projected_hours": 5400,
    "sub_task": "test",
    "rework_type": "NEW",
    "is_active": true,
    "error_count": 0,
    "error_description": "",
    "expected_delivery_date": "2025-02-08T00:00:00Z",
    "quality_rating": null,
    "assigned_by": [
      "amit"
    ],
    "completion_date": null,
    "is_completed": false,
    "created_at": "2025-01-31T05:37:36.919Z",
    "updated_at": "2025-05-26T15:19:36.450Z"
  }
},
{
  "model": "projects.taskassignment",
  "pk": "7986b4a4-19ee-4334-a318-4529b3beab9e",
  "fields": {
    "assignment_id": "ASID_000009",
    "task": "bbdfe938-41d6-47f7-ae9c-d89de38b1b02",
    "assigned_to": [
      "amit"
    ],
    "assigned_date": "2025-01-29T10:39:04.913Z",
    "projected_hours": 12600,
    "sub_task": "test",
    "rework_type": "NEW",
    "is_active": true,
    "error_count": 0,
    "error_description": "",
    "expected_delivery_date": "2025-02-08T00:00:00Z",
    "quality_rating": null,
    "assigned_by": [
      "amit"
    ],
    "completion_date": null,
    "is_completed": false,
    "created_at": "2025-01-29T10:39:04.913Z",
    "updated_at": "2025-05-26T15:19:36.451Z"
  }
},
{
  "model": "projects.taskassignment",
  "pk": "7e17a2ae-1af2-4fcc-879c-6758b83873d4",
  "fields": {
    "assignment_id": "ASID_000018",
    "task": "cc24bf7e-0aca-49d8-b043-0c8c08428a5e",
    "assigned_to": [
      "parth"
    ],
    "assigned_date": "2025-02-04T03:02:09.358Z",
    "projected_hours": 5400,
    "sub_task": "test",
    "rework_type": "NEW",
    "is_active": true,
    "error_count": 0,
    "error_description": "",
    "expected_delivery_date": "2025-02-20T00:00:00Z",
    "quality_rating": null,
    "assigned_by": [
      "amit"
    ],
    "completion_date": null,
    "is_completed": false,
    "created_at": "2025-02-04T03:02:09.358Z",
    "updated_at": "2025-05-26T15:19:36.449Z"
  }
},
{
  "model": "projects.taskassignment",
  "pk": "7f907480-aa51-490b-9b7f-fca547dcbe5a",
  "fields": {
    "assignment_id": "ASID_000021",
    "task": "183e72a3-e3a0-42d3-aa47-d7d8f6675d41",
    "assigned_to": [
      "saket"
    ],
    "assigned_date": "2025-03-25T08:41:58.119Z",
    "projected_hours": 3600,
    "sub_task": "link updation",
    "rework_type": "INTERNAL_REWORK",
    "is_active": true,
    "error_count": 0,
    "error_description": "",
    "expected_delivery_date": "2025-03-26T00:00:00Z",
    "quality_rating": null,
    "assigned_by": [
      "amit"
    ],
    "completion_date": null,
    "is_completed": false,
    "created_at": "2025-03-25T08:41:58.119Z",
    "updated_at": "2025-05-26T15:19:36.448Z"
  }
},
{
  "model": "projects.taskassignment",
  "pk": "9233f10b-a42f-4ac1-b848-fdebdffc7ab6",
  "fields": {
    "assignment_id": "ASID_000003",
    "task": "9d49c0a7-34ef-4555-b104-4da3beb3f5a1",
    "assigned_to": [
      "saket"
    ],
    "assigned_date": "2025-01-29T07:37:48.923Z",
    "projected_hours": 5400,
    "sub_task": "boundary wall model creation",
    "rework_type": "NEW",
    "is_active": true,
    "error_count": 0,
    "error_description": "",
    "expected_delivery_date": "2025-02-05T00:00:00Z",
    "quality_rating": null,
    "assigned_by": [
      "amit"
    ],
    "completion_date": null,
    "is_completed": false,
    "created_at": "2025-01-29T07:37:48.923Z",
    "updated_at": "2025-05-26T15:19:36.452Z"
  }
},
{
  "model": "projects.taskassignment",
  "pk": "93c4e9ee-063e-483f-a0a6-e65f9431fda5",
  "fields": {
    "assignment_id": "ASID_000025",
    "task": "7868e2d1-2eb5-4c0c-88c8-db892681331e",
    "assigned_to": [
      "saket"
    ],
    "assigned_date": "2025-04-15T10:12:58.053Z",
    "projected_hours": 9000,
    "sub_task": "link creation",
    "rework_type": "NEW",
    "is_active": true,
    "error_count": 0,
    "error_description": "",
    "expected_delivery_date": "2025-04-16T00:00:00Z",
    "quality_rating": null,
    "assigned_by": [
      "amit"
    ],
    "completion_date": null,
    "is_completed": false,
    "created_at": "2025-04-15T10:12:58.053Z",
    "updated_at": "2025-05-26T15:19:36.447Z"
  }
},
{
  "model": "projects.taskassignment",
  "pk": "946b8a1d-6e60-4c6a-ab84-34d9870453ae",
  "fields": {
    "assignment_id": "ASID_000047",
    "task": "6031f9d9-157d-4f78-9404-b7ec58346778",
    "assigned_to": [
      "praveen"
    ],
    "assigned_date": "2025-06-09T10:21:35.876Z",
    "projected_hours": 300,
    "sub_task": "test",
    "rework_type": null,
    "is_active": false,
    "error_count": 0,
    "error_description": "",
    "expected_delivery_date": "2025-06-13T00:00:00Z",
    "quality_rating": "3.0",
    "assigned_by": [
      "sunny"
    ],
    "completion_date": "2025-06-09T10:22:50.501Z",
    "is_completed": true,
    "created_at": "2025-06-09T10:21:35.876Z",
    "updated_at": "2025-06-09T10:23:02.793Z"
  }
},
{
  "model": "projects.taskassignment",
  "pk": "9aa43e35-94bd-46cd-83be-32a417c49575",
  "fields": {
    "assignment_id": "ASID_000039",
    "task": "7868e2d1-2eb5-4c0c-88c8-db892681331e",
    "assigned_to": [
      "praveen"
    ],
    "assigned_date": "2025-05-29T18:55:24.526Z",
    "projected_hours": 180,
    "sub_task": "yeweq",
    "rework_type": "NEW",
    "is_active": false,
    "error_count": 0,
    "error_description": "",
    "expected_delivery_date": "2025-06-07T00:00:00Z",
    "quality_rating": null,
    "assigned_by": [
      "sunny"
    ],
    "completion_date": "2025-05-30T03:54:27.548Z",
    "is_completed": true,
    "created_at": "2025-05-29T18:55:24.526Z",
    "updated_at": "2025-05-30T03:54:27.554Z"
  }
},
{
  "model": "projects.taskassignment",
  "pk": "9be64d49-844f-43e7-b10d-d5a53fcdaccb",
  "fields": {
    "assignment_id": "ASID_000041",
    "task": "431e9ab9-f56f-4564-a47a-2d2a1dc7851a",
    "assigned_to": [
      "praveen"
    ],
    "assigned_date": "2025-05-31T01:21:35.441Z",
    "projected_hours": 1500,
    "sub_task": "ndbdk",
    "rework_type": "NEW",
    "is_active": true,
    "error_count": 0,
    "error_description": "",
    "expected_delivery_date": "2025-06-05T00:00:00Z",
    "quality_rating": null,
    "assigned_by": [
      "sunny"
    ],
    "completion_date": null,
    "is_completed": false,
    "created_at": "2025-05-31T01:21:35.441Z",
    "updated_at": "2025-05-31T01:21:35.441Z"
  }
},
{
  "model": "projects.taskassignment",
  "pk": "abf27203-9631-46b8-b26c-cf6333c0fcca",
  "fields": {
    "assignment_id": "ASID_000037",
    "task": "18fdce5e-2301-4e1d-9bce-1b4214154d38",
    "assigned_to": [
      "praveen"
    ],
    "assigned_date": "2025-05-29T17:13:19.417Z",
    "projected_hours": 120,
    "sub_task": "tower structure creation",
    "rework_type": "INTERNAL_REWORK",
    "is_active": false,
    "error_count": 0,
    "error_description": "",
    "expected_delivery_date": "2025-06-02T00:00:00Z",
    "quality_rating": null,
    "assigned_by": [
      "sunny"
    ],
    "completion_date": "2025-05-29T17:19:06.642Z",
    "is_completed": true,
    "created_at": "2025-05-29T17:13:19.417Z",
    "updated_at": "2025-05-29T17:19:06.644Z"
  }
},
{
  "model": "projects.taskassignment",
  "pk": "afa0bd46-f482-429c-bca5-aea7ffce2c7e",
  "fields": {
    "assignment_id": "ASID_000019",
    "task": "86e6fce4-a2ac-411f-ac4e-088c7381ff86",
    "assigned_to": [
      "parth"
    ],
    "assigned_date": "2025-02-04T05:20:26.142Z",
    "projected_hours": 8100,
    "sub_task": "test",
    "rework_type": "NEW",
    "is_active": true,
    "error_count": 0,
    "error_description": "",
    "expected_delivery_date": "2025-02-21T00:00:00Z",
    "quality_rating": null,
    "assigned_by": [
      "amit"
    ],
    "completion_date": null,
    "is_completed": false,
    "created_at": "2025-02-04T05:20:26.142Z",
    "updated_at": "2025-05-26T15:19:36.449Z"
  }
},
{
  "model": "projects.taskassignment",
  "pk": "b7e1770a-4902-4f6a-a177-2f4c8ad0b09d",
  "fields": {
    "assignment_id": "ASID_000049",
    "task": "6c2fce98-9670-4260-97d1-5a1fc8f74a0b",
    "assigned_to": [
      "saket"
    ],
    "assigned_date": "2025-06-09T10:25:12.176Z",
    "projected_hours": 240,
    "sub_task": "create 2nd hotspot",
    "rework_type": null,
    "is_active": true,
    "error_count": 0,
    "error_description": "",
    "expected_delivery_date": "2025-06-10T00:00:00Z",
    "quality_rating": null,
    "assigned_by": [
      "sunny"
    ],
    "completion_date": null,
    "is_completed": false,
    "created_at": "2025-06-09T10:25:12.176Z",
    "updated_at": "2025-06-09T10:25:52.511Z"
  }
},
{
  "model": "projects.taskassignment",
  "pk": "c1dd67a5-01cb-4a0d-8de9-5df7f41a45fc",
  "fields": {
    "assignment_id": "ASID_000027",
    "task": "18fdce5e-2301-4e1d-9bce-1b4214154d38",
    "assigned_to": [
      "praveen"
    ],
    "assigned_date": "2025-04-25T11:48:02.519Z",
    "projected_hours": 2100,
    "sub_task": "test",
    "rework_type": "INTERNAL_REWORK",
    "is_active": false,
    "error_count": 1,
    "error_description": "",
    "expected_delivery_date": "2025-05-03T00:00:00Z",
    "quality_rating": "1.0",
    "assigned_by": [
      "amit"
    ],
    "completion_date": "2025-05-29T16:33:21.617Z",
    "is_completed": true,
    "created_at": "2025-04-25T11:48:02.519Z",
    "updated_at": "2025-05-29T16:33:21.620Z"
  }
},
{
  "model": "projects.taskassignment",
  "pk": "c5a454ea-f9e2-4f1d-910a-e398773e60da",
  "fields": {
    "assignment_id": "ASID_000030",
    "task": "13b84a20-5b6c-490c-ab9f-42607f98a4bf",
    "assigned_to": [
      "praveen"
    ],
    "assigned_date": "2025-05-07T10:37:37.358Z",
    "projected_hours": 6000,
    "sub_task": "test",
    "rework_type": "INTERNAL_REWORK",
    "is_active": false,
    "error_count": 0,
    "error_description": "",
    "expected_delivery_date": "2025-05-21T00:00:00Z",
    "quality_rating": null,
    "assigned_by": [
      "amit"
    ],
    "completion_date": "2025-05-29T16:38:37.530Z",
    "is_completed": true,
    "created_at": "2025-05-07T10:37:37.358Z",
    "updated_at": "2025-05-29T16:38:37.532Z"
  }
},
{
  "model": "projects.taskassignment",
  "pk": "ce941e5e-a3b0-4706-8ad6-7a2b437d289e",
  "fields": {
    "assignment_id": "ASID_000013",
    "task": "96f548a0-1c53-4f40-91e2-7af0a108f628",
    "assigned_to": [
      "parth"
    ],
    "assigned_date": "2025-01-31T05:36:59.751Z",
    "projected_hours": 8100,
    "sub_task": "texturing",
    "rework_type": "INTERNAL_REWORK",
    "is_active": true,
    "error_count": 0,
    "error_description": "",
    "expected_delivery_date": "2025-02-08T00:00:00Z",
    "quality_rating": null,
    "assigned_by": [
      "amit"
    ],
    "completion_date": null,
    "is_completed": false,
    "created_at": "2025-01-31T05:36:59.751Z",
    "updated_at": "2025-05-26T15:19:36.450Z"
  }
},
{
  "model": "projects.taskassignment",
  "pk": "d04d7774-2247-4e3a-bf75-965611c7c855",
  "fields": {
    "assignment_id": "ASID_000045",
    "task": "6c2fce98-9670-4260-97d1-5a1fc8f74a0b",
    "assigned_to": [
      "praveen"
    ],
    "assigned_date": "2025-06-09T07:19:52.949Z",
    "projected_hours": 240,
    "sub_task": "create overlay",
    "rework_type": "NEW",
    "is_active": true,
    "error_count": 0,
    "error_description": "",
    "expected_delivery_date": "2025-06-10T00:00:00Z",
    "quality_rating": null,
    "assigned_by": [
      "sunny"
    ],
    "completion_date": null,
    "is_completed": false,
    "created_at": "2025-06-09T07:19:52.949Z",
    "updated_at": "2025-06-09T07:19:52.949Z"
  }
},
{
  "model": "projects.taskassignment",
  "pk": "d2e86e51-2f3f-4961-bcf3-ed596e2dbaba",
  "fields": {
    "assignment_id": "ASID_000050",
    "task": "d37d48d2-290c-49f2-be17-cc87da895730",
    "assigned_to": [
      "praveen"
    ],
    "assigned_date": "2025-06-15T11:30:49.826Z",
    "projected_hours": 90,
    "sub_task": "kldmjlwd",
    "rework_type": null,
    "is_active": true,
    "error_count": 0,
    "error_description": "",
    "expected_delivery_date": "2025-06-05T00:00:00Z",
    "quality_rating": null,
    "assigned_by": [
      "sunny"
    ],
    "completion_date": null,
    "is_completed": false,
    "created_at": "2025-06-15T11:30:49.826Z",
    "updated_at": "2025-06-15T11:30:49.826Z"
  }
},
{
  "model": "projects.taskassignment",
  "pk": "d75ec496-f2f9-4fca-9996-22a296b0d75c",
  "fields": {
    "assignment_id": "ASID_000043",
    "task": "d37d48d2-290c-49f2-be17-cc87da895730",
    "assigned_to": [
      "praveen"
    ],
    "assigned_date": "2025-05-31T14:35:42.536Z",
    "projected_hours": 960,
    "sub_task": "Landscape sketch import",
    "rework_type": null,
    "is_active": false,
    "error_count": 0,
    "error_description": "",
    "expected_delivery_date": "2025-06-02T00:00:00Z",
    "quality_rating": "3.5",
    "assigned_by": [
      "sunny"
    ],
    "completion_date": "2025-06-01T14:49:39.871Z",
    "is_completed": true,
    "created_at": "2025-05-31T14:35:42.537Z",
    "updated_at": "2025-06-15T11:30:32.973Z"
  }
},
{
  "model": "projects.taskassignment",
  "pk": "d76c283a-bbe9-4492-b2fc-d09c3eec7357",
  "fields": {
    "assignment_id": "ASID_000004",
    "task": "9d49c0a7-34ef-4555-b104-4da3beb3f5a1",
    "assigned_to": [
      "saket"
    ],
    "assigned_date": "2025-01-29T07:38:17.485Z",
    "projected_hours": 12600,
    "sub_task": "test",
    "rework_type": "NEW",
    "is_active": false,
    "error_count": 0,
    "error_description": "",
    "expected_delivery_date": "2025-02-04T00:00:00Z",
    "quality_rating": null,
    "assigned_by": [
      "amit"
    ],
    "completion_date": null,
    "is_completed": false,
    "created_at": "2025-01-29T07:38:17.485Z",
    "updated_at": "2025-05-26T15:19:36.452Z"
  }
},
{
  "model": "projects.taskassignment",
  "pk": "deb301b7-f444-45b2-aef9-cb877ba7085c",
  "fields": {
    "assignment_id": "ASID_000005",
    "task": "19bfd85b-a270-4e6f-8196-6e43e768820a",
    "assigned_to": [
      "amit"
    ],
    "assigned_date": "2025-01-29T08:43:21.429Z",
    "projected_hours": 12600,
    "sub_task": "test",
    "rework_type": "NEW",
    "is_active": false,
    "error_count": 0,
    "error_description": "",
    "expected_delivery_date": "2025-02-04T00:00:00Z",
    "quality_rating": null,
    "assigned_by": [
      "amit"
    ],
    "completion_date": null,
    "is_completed": false,
    "created_at": "2025-01-29T08:43:21.429Z",
    "updated_at": "2025-05-26T15:19:36.452Z"
  }
},
{
  "model": "projects.taskassignment",
  "pk": "e40149ff-a878-41c0-ad1b-e20789aa5feb",
  "fields": {
    "assignment_id": "ASID_000035",
    "task": "18fdce5e-2301-4e1d-9bce-1b4214154d38",
    "assigned_to": [
      "praveen"
    ],
    "assigned_date": "2025-05-27T19:33:06.971Z",
    "projected_hours": 10800,
    "sub_task": "gft",
    "rework_type": "INTERNAL_REWORK",
    "is_active": false,
    "error_count": 0,
    "error_description": "",
    "expected_delivery_date": "2025-06-07T00:00:00Z",
    "quality_rating": null,
    "assigned_by": [
      "sunny"
    ],
    "completion_date": "2025-05-29T17:17:04.846Z",
    "is_completed": true,
    "created_at": "2025-05-27T19:33:06.971Z",
    "updated_at": "2025-05-29T17:17:04.847Z"
  }
},
{
  "model": "projects.taskassignment",
  "pk": "fe7fea8c-d43c-44e8-ae50-0317c92084b5",
  "fields": {
    "assignment_id": "ASID_000031",
    "task": "13b84a20-5b6c-490c-ab9f-42607f98a4bf",
    "assigned_to": [
      "saket"
    ],
    "assigned_date": "2025-05-07T10:38:11.717Z",
    "projected_hours": 7200,
    "sub_task": "test2",
    "rework_type": "INTERNAL_REWORK",
    "is_active": true,
    "error_count": 0,
    "error_description": "",
    "expected_delivery_date": "2025-05-23T00:00:00Z",
    "quality_rating": null,
    "assigned_by": [
      "amit"
    ],
    "completion_date": null,
    "is_completed": false,
    "created_at": "2025-05-07T10:38:11.717Z",
    "updated_at": "2025-05-26T15:19:36.445Z"
  }
},
{
  "model": "projects.timesession",
  "pk": "014effac-b403-4a8b-b580-69e8b66968e1",
  "fields": {
    "assignment": "266f1461-e65f-46f6-bdf6-44a70da4b490",
    "team_member": [
      "praveen"
    ],
    "started_at": "2025-06-09T10:26:12.639Z",
    "ended_at": "2025-06-09T10:26:19.227Z",
    "duration_minutes": 2,
    "date_worked": "2025-06-09",
    "description": "",
    "session_type": "TIMER",
    "is_edited": true,
    "created_at": "2025-06-09T10:26:19.227Z"
  }
},
{
  "model": "projects.timesession",
  "pk": "0798c56e-5ff4-4691-807b-dd8326aeaf26",
  "fields": {
    "assignment": "d75ec496-f2f9-4fca-9996-22a296b0d75c",
    "team_member": [
      "praveen"
    ],
    "started_at": "2025-06-01T00:00:00Z",
    "ended_at": "2025-06-01T01:00:00Z",
    "duration_minutes": 60,
    "date_worked": "2025-06-01",
    "description": "",
    "session_type": "MANUAL",
    "is_edited": false,
    "created_at": "2025-06-01T14:48:21.385Z"
  }
},
{
  "model": "projects.timesession",
  "pk": "09a7edc6-33ec-44f5-b0d2-ce8c3733c6f5",
  "fields": {
    "assignment": "58363e49-18a7-4c71-a9a9-5e303d423886",
    "team_member": [
      "praveen"
    ],
    "started_at": "2025-06-06T00:00:00Z",
    "ended_at": "2025-06-06T01:00:00Z",
    "duration_minutes": 60,
    "date_worked": "2025-06-06",
    "description": "",
    "session_type": "MANUAL",
    "is_edited": false,
    "created_at": "2025-06-06T00:41:54.442Z"
  }
},
{
  "model": "projects.timesession",
  "pk": "0beddae5-8851-4e0b-85af-d0cf17a8d998",
  "fields": {
    "assignment": "c1dd67a5-01cb-4a0d-8de9-5df7f41a45fc",
    "team_member": [
      "praveen"
    ],
    "started_at": "2025-05-27T00:00:00Z",
    "ended_at": "2025-05-27T01:00:00Z",
    "duration_minutes": 60,
    "date_worked": "2025-05-27",
    "description": "",
    "session_type": "MANUAL",
    "is_edited": false,
    "created_at": "2025-05-27T16:00:41.529Z"
  }
},
{
  "model": "projects.timesession",
  "pk": "103eedee-f8a3-4b7b-ae8c-7dc9fe9fca5d",
  "fields": {
    "assignment": "abf27203-9631-46b8-b26c-cf6333c0fcca",
    "team_member": [
      "praveen"
    ],
    "started_at": "2025-05-29T00:00:00Z",
    "ended_at": "2025-05-29T05:00:00Z",
    "duration_minutes": 300,
    "date_worked": "2025-05-29",
    "description": "",
    "session_type": "MANUAL",
    "is_edited": false,
    "created_at": "2025-05-29T17:19:06.613Z"
  }
},
{
  "model": "projects.timesession",
  "pk": "1112f188-9b0f-4f99-86db-b41ea436c432",
  "fields": {
    "assignment": "05dab680-ad50-4939-a928-48f6c88ee00c",
    "team_member": [
      "praveen"
    ],
    "started_at": "2025-05-29T16:20:35.345Z",
    "ended_at": "2025-05-29T16:20:45.806Z",
    "duration_minutes": 1,
    "date_worked": "2025-05-29",
    "description": "",
    "session_type": "TIMER",
    "is_edited": true,
    "created_at": "2025-05-29T16:20:45.807Z"
  }
},
{
  "model": "projects.timesession",
  "pk": "112260c6-993d-484f-8b6c-0b9f79182e58",
  "fields": {
    "assignment": "58363e49-18a7-4c71-a9a9-5e303d423886",
    "team_member": [
      "praveen"
    ],
    "started_at": "2025-06-06T00:00:00Z",
    "ended_at": "2025-06-06T00:02:00Z",
    "duration_minutes": 2,
    "date_worked": "2025-06-06",
    "description": "",
    "session_type": "MANUAL",
    "is_edited": false,
    "created_at": "2025-06-06T08:25:26.647Z"
  }
},
{
  "model": "projects.timesession",
  "pk": "1713eae3-53aa-426f-a6fe-418ad6883caa",
  "fields": {
    "assignment": "9aa43e35-94bd-46cd-83be-32a417c49575",
    "team_member": [
      "praveen"
    ],
    "started_at": "2025-05-30T03:50:20.617Z",
    "ended_at": "2025-05-30T03:53:00.644Z",
    "duration_minutes": 2,
    "date_worked": "2025-05-30",
    "description": "",
    "session_type": "TIMER",
    "is_edited": false,
    "created_at": "2025-05-30T03:53:00.645Z"
  }
},
{
  "model": "projects.timesession",
  "pk": "1907cca6-42d7-4134-a594-25113126ea35",
  "fields": {
    "assignment": "58363e49-18a7-4c71-a9a9-5e303d423886",
    "team_member": [
      "praveen"
    ],
    "started_at": "2025-06-06T00:00:00Z",
    "ended_at": "2025-06-06T01:00:00Z",
    "duration_minutes": 60,
    "date_worked": "2025-06-06",
    "description": "",
    "session_type": "MANUAL",
    "is_edited": false,
    "created_at": "2025-06-06T06:33:52.890Z"
  }
},
{
  "model": "projects.timesession",
  "pk": "1fe5baec-c33f-4f1e-aff7-93457f6b64b7",
  "fields": {
    "assignment": "5dec0fd9-99c7-4caf-85c4-6baa49074f27",
    "team_member": [
      "praveen"
    ],
    "started_at": "2025-05-29T18:16:30.924Z",
    "ended_at": "2025-05-29T18:16:56.483Z",
    "duration_minutes": 0,
    "date_worked": "2025-05-29",
    "description": "",
    "session_type": "TIMER",
    "is_edited": false,
    "created_at": "2025-05-29T18:16:56.483Z"
  }
},
{
  "model": "projects.timesession",
  "pk": "2113f904-6949-4a9a-87b4-9d5edd24a4bc",
  "fields": {
    "assignment": "05dab680-ad50-4939-a928-48f6c88ee00c",
    "team_member": [
      "praveen"
    ],
    "started_at": "2025-05-29T16:22:11.150Z",
    "ended_at": "2025-05-29T16:23:39.388Z",
    "duration_minutes": 1,
    "date_worked": "2025-05-29",
    "description": "",
    "session_type": "TIMER",
    "is_edited": false,
    "created_at": "2025-05-29T16:23:39.389Z"
  }
},
{
  "model": "projects.timesession",
  "pk": "21cd05e3-f78b-4141-acbc-a5883851d413",
  "fields": {
    "assignment": "253529ee-f166-434b-8951-2527030b9eb9",
    "team_member": [
      "praveen"
    ],
    "started_at": "2025-05-29T19:03:30.562Z",
    "ended_at": "2025-05-29T19:03:37.005Z",
    "duration_minutes": 0,
    "date_worked": "2025-05-29",
    "description": "",
    "session_type": "TIMER",
    "is_edited": false,
    "created_at": "2025-05-29T19:03:37.006Z"
  }
},
{
  "model": "projects.timesession",
  "pk": "2831f4b6-1f7d-4152-b726-203933a8e602",
  "fields": {
    "assignment": "c5a454ea-f9e2-4f1d-910a-e398773e60da",
    "team_member": [
      "praveen"
    ],
    "started_at": "2025-05-29T16:36:53.890Z",
    "ended_at": "2025-05-29T16:37:58.549Z",
    "duration_minutes": 3,
    "date_worked": "2025-05-29",
    "description": "",
    "session_type": "TIMER",
    "is_edited": true,
    "created_at": "2025-05-29T16:37:58.550Z"
  }
},
{
  "model": "projects.timesession",
  "pk": "31ee9d3f-c1cb-400d-a179-a151a4ed32d1",
  "fields": {
    "assignment": "58363e49-18a7-4c71-a9a9-5e303d423886",
    "team_member": [
      "praveen"
    ],
    "started_at": "2025-06-09T00:00:00Z",
    "ended_at": "2025-06-09T04:00:00Z",
    "duration_minutes": 240,
    "date_worked": "2025-06-09",
    "description": "",
    "session_type": "MANUAL",
    "is_edited": false,
    "created_at": "2025-06-09T07:47:40.080Z"
  }
},
{
  "model": "projects.timesession",
  "pk": "3d527c0c-a956-4b79-945d-8363c11c99db",
  "fields": {
    "assignment": "e40149ff-a878-41c0-ad1b-e20789aa5feb",
    "team_member": [
      "praveen"
    ],
    "started_at": "2025-05-29T00:00:00Z",
    "ended_at": "2025-05-29T01:00:00Z",
    "duration_minutes": 60,
    "date_worked": "2025-05-29",
    "description": "",
    "session_type": "MANUAL",
    "is_edited": false,
    "created_at": "2025-05-29T17:17:04.816Z"
  }
},
{
  "model": "projects.timesession",
  "pk": "44becb0a-1a2d-46f8-ae85-aac9830d26ea",
  "fields": {
    "assignment": "e40149ff-a878-41c0-ad1b-e20789aa5feb",
    "team_member": [
      "praveen"
    ],
    "started_at": "2025-05-29T17:06:34.877Z",
    "ended_at": "2025-05-29T17:06:58.118Z",
    "duration_minutes": 0,
    "date_worked": "2025-05-29",
    "description": "",
    "session_type": "TIMER",
    "is_edited": false,
    "created_at": "2025-05-29T17:06:58.119Z"
  }
},
{
  "model": "projects.timesession",
  "pk": "4618676f-3c64-45c2-97d0-96fa8dfd192f",
  "fields": {
    "assignment": "c1dd67a5-01cb-4a0d-8de9-5df7f41a45fc",
    "team_member": [
      "praveen"
    ],
    "started_at": "2025-05-27T13:01:37.236Z",
    "ended_at": "2025-05-27T15:10:26.052Z",
    "duration_minutes": 148,
    "date_worked": "2025-05-27",
    "description": "",
    "session_type": "TIMER",
    "is_edited": false,
    "created_at": "2025-05-27T15:10:26.055Z"
  }
},
{
  "model": "projects.timesession",
  "pk": "4aee7479-f1e9-4515-94ac-d1b074ea7623",
  "fields": {
    "assignment": "5dec0fd9-99c7-4caf-85c4-6baa49074f27",
    "team_member": [
      "praveen"
    ],
    "started_at": "2025-05-29T18:23:38.944Z",
    "ended_at": "2025-05-29T18:28:01.791Z",
    "duration_minutes": 4,
    "date_worked": "2025-05-29",
    "description": "",
    "session_type": "TIMER",
    "is_edited": false,
    "created_at": "2025-05-29T18:28:01.793Z"
  }
},
{
  "model": "projects.timesession",
  "pk": "4c2d5582-542b-4388-9d8f-60cad1b0c8ac",
  "fields": {
    "assignment": "9aa43e35-94bd-46cd-83be-32a417c49575",
    "team_member": [
      "praveen"
    ],
    "started_at": "2025-05-30T00:00:00Z",
    "ended_at": "2025-05-30T02:00:00Z",
    "duration_minutes": 120,
    "date_worked": "2025-05-30",
    "description": "",
    "session_type": "MANUAL",
    "is_edited": false,
    "created_at": "2025-05-30T03:54:15.217Z"
  }
},
{
  "model": "projects.timesession",
  "pk": "5145ee37-e702-47e7-81bd-e1fcdd506cdf",
  "fields": {
    "assignment": "250e172f-8cc0-4001-bd96-896a68ad1d3e",
    "team_member": [
      "praveen"
    ],
    "started_at": "2025-06-05T00:00:00Z",
    "ended_at": "2025-06-05T00:03:00Z",
    "duration_minutes": 3,
    "date_worked": "2025-06-05",
    "description": "",
    "session_type": "MANUAL",
    "is_edited": false,
    "created_at": "2025-06-06T07:57:51.908Z"
  }
},
{
  "model": "projects.timesession",
  "pk": "553d69b8-b6b1-46a5-a74e-8d4740f86773",
  "fields": {
    "assignment": "58363e49-18a7-4c71-a9a9-5e303d423886",
    "team_member": [
      "praveen"
    ],
    "started_at": "2025-06-06T06:33:14.596Z",
    "ended_at": "2025-06-06T06:33:21.224Z",
    "duration_minutes": 0,
    "date_worked": "2025-06-06",
    "description": "",
    "session_type": "TIMER",
    "is_edited": false,
    "created_at": "2025-06-06T06:33:21.226Z"
  }
},
{
  "model": "projects.timesession",
  "pk": "5c977ce5-522f-4490-8b3c-d2088c871488",
  "fields": {
    "assignment": "496e3027-f06d-4884-824c-1a41d763d541",
    "team_member": [
      "praveen"
    ],
    "started_at": "2025-05-28T00:00:00Z",
    "ended_at": "2025-05-28T01:00:00Z",
    "duration_minutes": 60,
    "date_worked": "2025-05-28",
    "description": "",
    "session_type": "MANUAL",
    "is_edited": false,
    "created_at": "2025-05-28T12:10:10.380Z"
  }
},
{
  "model": "projects.timesession",
  "pk": "682f901c-1cb5-4159-935b-84df9e405037",
  "fields": {
    "assignment": "253529ee-f166-434b-8951-2527030b9eb9",
    "team_member": [
      "praveen"
    ],
    "started_at": "2025-05-29T19:37:41.978Z",
    "ended_at": "2025-05-29T19:37:44.746Z",
    "duration_minutes": 0,
    "date_worked": "2025-05-29",
    "description": "",
    "session_type": "TIMER",
    "is_edited": false,
    "created_at": "2025-05-29T19:37:44.746Z"
  }
},
{
  "model": "projects.timesession",
  "pk": "69c96412-dd90-4a30-b128-e45e761c045a",
  "fields": {
    "assignment": "517526d9-fafc-4a66-93e1-4f3289e20015",
    "team_member": [
      "praveen"
    ],
    "started_at": "2025-05-27T07:37:12.562Z",
    "ended_at": "2025-05-27T08:08:28.283Z",
    "duration_minutes": 31,
    "date_worked": "2025-05-27",
    "description": "",
    "session_type": "TIMER",
    "is_edited": false,
    "created_at": "2025-05-27T08:08:28.284Z"
  }
},
{
  "model": "projects.timesession",
  "pk": "705ffe52-0031-45c8-b19b-c1fb4d135d79",
  "fields": {
    "assignment": "d75ec496-f2f9-4fca-9996-22a296b0d75c",
    "team_member": [
      "praveen"
    ],
    "started_at": "2025-05-31T00:00:00Z",
    "ended_at": "2025-05-31T04:00:00Z",
    "duration_minutes": 240,
    "date_worked": "2025-05-31",
    "description": "",
    "session_type": "MANUAL",
    "is_edited": false,
    "created_at": "2025-05-31T14:36:07.305Z"
  }
},
{
  "model": "projects.timesession",
  "pk": "74cb61a2-9d90-4aff-94f3-01780dc562cf",
  "fields": {
    "assignment": "69028dee-bfe9-4fd0-b509-8342e51dde7e",
    "team_member": [
      "praveen"
    ],
    "started_at": "2025-05-27T00:00:00Z",
    "ended_at": "2025-05-27T01:00:00Z",
    "duration_minutes": 60,
    "date_worked": "2025-05-27",
    "description": "",
    "session_type": "MANUAL",
    "is_edited": false,
    "created_at": "2025-05-27T07:04:16.221Z"
  }
},
{
  "model": "projects.timesession",
  "pk": "77d1f1b7-88dc-43e1-8e84-79a917c820f7",
  "fields": {
    "assignment": "9be64d49-844f-43e7-b10d-d5a53fcdaccb",
    "team_member": [
      "praveen"
    ],
    "started_at": "2025-05-31T01:39:17.690Z",
    "ended_at": "2025-05-31T01:39:27.879Z",
    "duration_minutes": 0,
    "date_worked": "2025-05-31",
    "description": "",
    "session_type": "TIMER",
    "is_edited": false,
    "created_at": "2025-05-31T01:39:27.883Z"
  }
},
{
  "model": "projects.timesession",
  "pk": "799f2d1a-7e3c-47b4-86d1-daacb775b164",
  "fields": {
    "assignment": "1e27265f-bafa-40cf-a250-5556e2936867",
    "team_member": [
      "praveen"
    ],
    "started_at": "2025-05-28T00:00:00Z",
    "ended_at": "2025-05-28T01:00:00Z",
    "duration_minutes": 60,
    "date_worked": "2025-05-28",
    "description": "",
    "session_type": "MANUAL",
    "is_edited": false,
    "created_at": "2025-05-27T21:13:23.008Z"
  }
},
{
  "model": "projects.timesession",
  "pk": "7aa9dcc2-ab4b-4436-8028-aff1eb28f16e",
  "fields": {
    "assignment": "5dec0fd9-99c7-4caf-85c4-6baa49074f27",
    "team_member": [
      "praveen"
    ],
    "started_at": "2025-05-29T18:28:06.162Z",
    "ended_at": "2025-05-29T18:28:18.514Z",
    "duration_minutes": 0,
    "date_worked": "2025-05-29",
    "description": "",
    "session_type": "TIMER",
    "is_edited": false,
    "created_at": "2025-05-29T18:28:18.515Z"
  }
},
{
  "model": "projects.timesession",
  "pk": "7d96e3c2-e84b-45ad-b5b3-36893f0a8590",
  "fields": {
    "assignment": "9aa43e35-94bd-46cd-83be-32a417c49575",
    "team_member": [
      "praveen"
    ],
    "started_at": "2025-05-29T00:00:00Z",
    "ended_at": "2025-05-29T00:01:00Z",
    "duration_minutes": 1,
    "date_worked": "2025-05-29",
    "description": "",
    "session_type": "MANUAL",
    "is_edited": false,
    "created_at": "2025-05-29T20:37:46.505Z"
  }
},
{
  "model": "projects.timesession",
  "pk": "81d50d21-87de-4f78-a9de-1de677ade27a",
  "fields": {
    "assignment": "250e172f-8cc0-4001-bd96-896a68ad1d3e",
    "team_member": [
      "praveen"
    ],
    "started_at": "2025-06-06T07:54:28.528Z",
    "ended_at": "2025-06-06T07:54:39.025Z",
    "duration_minutes": 3,
    "date_worked": "2025-06-06",
    "description": "",
    "session_type": "TIMER",
    "is_edited": true,
    "created_at": "2025-06-06T07:54:39.031Z"
  }
},
{
  "model": "projects.timesession",
  "pk": "83a19203-7688-4526-898e-66755761e04b",
  "fields": {
    "assignment": "e40149ff-a878-41c0-ad1b-e20789aa5feb",
    "team_member": [
      "praveen"
    ],
    "started_at": "2025-05-29T00:00:00Z",
    "ended_at": "2025-05-29T01:00:00Z",
    "duration_minutes": 60,
    "date_worked": "2025-05-29",
    "description": "",
    "session_type": "MANUAL",
    "is_edited": false,
    "created_at": "2025-05-29T17:14:24.197Z"
  }
},
{
  "model": "projects.timesession",
  "pk": "8b773303-c308-42f1-9e0d-79462bebb28c",
  "fields": {
    "assignment": "c1dd67a5-01cb-4a0d-8de9-5df7f41a45fc",
    "team_member": [
      "praveen"
    ],
    "started_at": "2025-05-26T00:00:00Z",
    "ended_at": "2025-05-26T05:00:00Z",
    "duration_minutes": 300,
    "date_worked": "2025-05-26",
    "description": "",
    "session_type": "MANUAL",
    "is_edited": false,
    "created_at": "2025-05-27T07:39:15.987Z"
  }
},
{
  "model": "projects.timesession",
  "pk": "8fe0e941-c59f-4e57-9756-ec164539f120",
  "fields": {
    "assignment": "e40149ff-a878-41c0-ad1b-e20789aa5feb",
    "team_member": [
      "praveen"
    ],
    "started_at": "2025-05-29T17:09:49.610Z",
    "ended_at": "2025-05-29T17:14:09.669Z",
    "duration_minutes": 4,
    "date_worked": "2025-05-29",
    "description": "",
    "session_type": "TIMER",
    "is_edited": false,
    "created_at": "2025-05-29T17:14:09.670Z"
  }
},
{
  "model": "projects.timesession",
  "pk": "938189ba-ffe3-4f70-877e-8ee883f056af",
  "fields": {
    "assignment": "58363e49-18a7-4c71-a9a9-5e303d423886",
    "team_member": [
      "praveen"
    ],
    "started_at": "2025-06-14T08:34:20.616Z",
    "ended_at": "2025-06-14T08:36:56.820Z",
    "duration_minutes": 2,
    "date_worked": "2025-06-14",
    "description": "",
    "session_type": "TIMER",
    "is_edited": false,
    "created_at": "2025-06-14T08:36:56.820Z"
  }
},
{
  "model": "projects.timesession",
  "pk": "9c84701f-f9c8-458a-a987-061c5b0011a6",
  "fields": {
    "assignment": "253529ee-f166-434b-8951-2527030b9eb9",
    "team_member": [
      "praveen"
    ],
    "started_at": "2025-05-29T19:05:59.259Z",
    "ended_at": "2025-05-29T19:26:04.440Z",
    "duration_minutes": 20,
    "date_worked": "2025-05-29",
    "description": "",
    "session_type": "TIMER",
    "is_edited": false,
    "created_at": "2025-05-29T19:26:04.441Z"
  }
},
{
  "model": "projects.timesession",
  "pk": "9ede3533-6fe5-43a9-8950-41855f18c356",
  "fields": {
    "assignment": "517526d9-fafc-4a66-93e1-4f3289e20015",
    "team_member": [
      "praveen"
    ],
    "started_at": "2025-05-26T00:00:00Z",
    "ended_at": "2025-05-26T02:00:00Z",
    "duration_minutes": 120,
    "date_worked": "2025-05-26",
    "description": "",
    "session_type": "MANUAL",
    "is_edited": false,
    "created_at": "2025-05-27T07:35:31.411Z"
  }
},
{
  "model": "projects.timesession",
  "pk": "a9162d72-b34a-4117-97bd-39a380f95f1d",
  "fields": {
    "assignment": "58363e49-18a7-4c71-a9a9-5e303d423886",
    "team_member": [
      "praveen"
    ],
    "started_at": "2025-06-06T06:33:24.398Z",
    "ended_at": "2025-06-06T06:33:43.882Z",
    "duration_minutes": 0,
    "date_worked": "2025-06-06",
    "description": "",
    "session_type": "TIMER",
    "is_edited": false,
    "created_at": "2025-06-06T06:33:43.882Z"
  }
},
{
  "model": "projects.timesession",
  "pk": "b02a8279-edb6-4dc1-a860-03564973ceb8",
  "fields": {
    "assignment": "d75ec496-f2f9-4fca-9996-22a296b0d75c",
    "team_member": [
      "praveen"
    ],
    "started_at": "2025-06-01T14:47:38.291Z",
    "ended_at": "2025-06-01T14:47:48.237Z",
    "duration_minutes": 0,
    "date_worked": "2025-06-01",
    "description": "",
    "session_type": "TIMER",
    "is_edited": false,
    "created_at": "2025-06-01T14:47:48.243Z"
  }
},
{
  "model": "projects.timesession",
  "pk": "c0cc1839-a793-4d40-b4ff-018c6e9683a9",
  "fields": {
    "assignment": "e40149ff-a878-41c0-ad1b-e20789aa5feb",
    "team_member": [
      "praveen"
    ],
    "started_at": "2025-05-29T17:07:00.130Z",
    "ended_at": "2025-05-29T17:09:37.735Z",
    "duration_minutes": 3,
    "date_worked": "2025-05-29",
    "description": "",
    "session_type": "TIMER",
    "is_edited": true,
    "created_at": "2025-05-29T17:09:37.736Z"
  }
},
{
  "model": "projects.timesession",
  "pk": "c9a16b33-2087-4273-8fe1-d6a1d82077ea",
  "fields": {
    "assignment": "58363e49-18a7-4c71-a9a9-5e303d423886",
    "team_member": [
      "praveen"
    ],
    "started_at": "2025-06-06T08:24:26.967Z",
    "ended_at": "2025-06-06T08:24:34.695Z",
    "duration_minutes": 1,
    "date_worked": "2025-06-06",
    "description": "",
    "session_type": "TIMER",
    "is_edited": true,
    "created_at": "2025-06-06T08:24:34.695Z"
  }
},
{
  "model": "projects.timesession",
  "pk": "d4997e39-744b-449c-920c-760eac03b037",
  "fields": {
    "assignment": "9aa43e35-94bd-46cd-83be-32a417c49575",
    "team_member": [
      "praveen"
    ],
    "started_at": "2025-05-29T20:35:55.289Z",
    "ended_at": "2025-05-29T20:36:59.565Z",
    "duration_minutes": 2,
    "date_worked": "2025-05-29",
    "description": "",
    "session_type": "TIMER",
    "is_edited": true,
    "created_at": "2025-05-29T20:36:59.566Z"
  }
},
{
  "model": "projects.timesession",
  "pk": "dac3b84a-ceb1-4435-9930-6f52159cb260",
  "fields": {
    "assignment": "d04d7774-2247-4e3a-bf75-965611c7c855",
    "team_member": [
      "praveen"
    ],
    "started_at": "2025-06-15T07:24:33.705Z",
    "ended_at": "2025-06-15T11:38:50.981Z",
    "duration_minutes": 254,
    "date_worked": "2025-06-15",
    "description": "",
    "session_type": "TIMER",
    "is_edited": false,
    "created_at": "2025-06-15T11:38:50.981Z"
  }
},
{
  "model": "projects.timesession",
  "pk": "e0fcecc8-47d2-4cdf-9542-00c65e4937c1",
  "fields": {
    "assignment": "58363e49-18a7-4c71-a9a9-5e303d423886",
    "team_member": [
      "praveen"
    ],
    "started_at": "2025-06-13T12:23:32.802Z",
    "ended_at": "2025-06-13T12:24:36.141Z",
    "duration_minutes": 1,
    "date_worked": "2025-06-13",
    "description": "",
    "session_type": "TIMER",
    "is_edited": false,
    "created_at": "2025-06-13T12:24:36.141Z"
  }
},
{
  "model": "projects.timesession",
  "pk": "e3d1a74b-9f32-4792-8077-ad60c8b363db",
  "fields": {
    "assignment": "253529ee-f166-434b-8951-2527030b9eb9",
    "team_member": [
      "praveen"
    ],
    "started_at": "2025-05-29T18:55:58.717Z",
    "ended_at": "2025-05-29T18:56:04.697Z",
    "duration_minutes": 0,
    "date_worked": "2025-05-29",
    "description": "",
    "session_type": "TIMER",
    "is_edited": false,
    "created_at": "2025-05-29T18:56:04.698Z"
  }
},
{
  "model": "projects.timesession",
  "pk": "e52ca639-3e13-41bf-b92f-877becf070fe",
  "fields": {
    "assignment": "58363e49-18a7-4c71-a9a9-5e303d423886",
    "team_member": [
      "praveen"
    ],
    "started_at": "2025-06-09T10:04:15.049Z",
    "ended_at": "2025-06-09T10:04:22.615Z",
    "duration_minutes": 0,
    "date_worked": "2025-06-09",
    "description": "",
    "session_type": "TIMER",
    "is_edited": false,
    "created_at": "2025-06-09T10:04:22.616Z"
  }
},
{
  "model": "projects.timesession",
  "pk": "e89dcb72-4c7f-4758-b379-dfcef85f2c3f",
  "fields": {
    "assignment": "58363e49-18a7-4c71-a9a9-5e303d423886",
    "team_member": [
      "praveen"
    ],
    "started_at": "2025-05-31T12:54:02.170Z",
    "ended_at": "2025-05-31T13:01:09.820Z",
    "duration_minutes": 10,
    "date_worked": "2025-05-31",
    "description": "",
    "session_type": "TIMER",
    "is_edited": true,
    "created_at": "2025-05-31T13:01:09.823Z"
  }
},
{
  "model": "projects.timesession",
  "pk": "eae287f0-deb8-4336-93fb-8e0f9f7e324d",
  "fields": {
    "assignment": "c1dd67a5-01cb-4a0d-8de9-5df7f41a45fc",
    "team_member": [
      "praveen"
    ],
    "started_at": "2025-05-27T15:10:59.928Z",
    "ended_at": "2025-05-27T15:59:37.131Z",
    "duration_minutes": 62,
    "date_worked": "2025-05-27",
    "description": "",
    "session_type": "TIMER",
    "is_edited": true,
    "created_at": "2025-05-27T15:59:37.132Z"
  }
},
{
  "model": "projects.timesession",
  "pk": "ef750a3b-8fce-4a39-91b6-406597d977d6",
  "fields": {
    "assignment": "c5a454ea-f9e2-4f1d-910a-e398773e60da",
    "team_member": [
      "praveen"
    ],
    "started_at": "2025-05-29T16:38:28.245Z",
    "ended_at": "2025-05-29T16:38:37.470Z",
    "duration_minutes": 0,
    "date_worked": "2025-05-29",
    "description": "",
    "session_type": "TIMER",
    "is_edited": false,
    "created_at": "2025-05-29T16:38:37.471Z"
  }
},
{
  "model": "projects.timesession",
  "pk": "f0d10f00-811c-4d0e-9b6d-c0e0ded27fce",
  "fields": {
    "assignment": "253529ee-f166-434b-8951-2527030b9eb9",
    "team_member": [
      "praveen"
    ],
    "started_at": "2025-05-29T19:37:27.105Z",
    "ended_at": "2025-05-29T19:37:40.309Z",
    "duration_minutes": 0,
    "date_worked": "2025-05-29",
    "description": "",
    "session_type": "TIMER",
    "is_edited": false,
    "created_at": "2025-05-29T19:37:40.310Z"
  }
},
{
  "model": "projects.timesession",
  "pk": "f3b0cb08-4ffc-4a31-9b1a-ebead4c64691",
  "fields": {
    "assignment": "69028dee-bfe9-4fd0-b509-8342e51dde7e",
    "team_member": [
      "praveen"
    ],
    "started_at": "2025-05-27T07:02:58.385Z",
    "ended_at": "2025-05-27T07:03:45.394Z",
    "duration_minutes": 0,
    "date_worked": "2025-05-27",
    "description": "",
    "session_type": "TIMER",
    "is_edited": false,
    "created_at": "2025-05-27T07:03:45.395Z"
  }
},
{
  "model": "projects.timesession",
  "pk": "f53c3e9d-49f8-4bcd-a97c-0d0d5768ea40",
  "fields": {
    "assignment": "9be64d49-844f-43e7-b10d-d5a53fcdaccb",
    "team_member": [
      "praveen"
    ],
    "started_at": "2025-05-31T01:36:05.656Z",
    "ended_at": "2025-05-31T01:39:13.092Z",
    "duration_minutes": 3,
    "date_worked": "2025-05-31",
    "description": "",
    "session_type": "TIMER",
    "is_edited": false,
    "created_at": "2025-05-31T01:39:13.096Z"
  }
},
{
  "model": "projects.timesession",
  "pk": "f69139c2-6f9e-4d9c-b377-4b6d48e4d576",
  "fields": {
    "assignment": "4835800a-bacc-4af0-abee-9d7b8d792cf1",
    "team_member": [
      "praveen"
    ],
    "started_at": "2025-05-27T07:20:46.204Z",
    "ended_at": "2025-05-27T07:20:53.543Z",
    "duration_minutes": 0,
    "date_worked": "2025-05-27",
    "description": "",
    "session_type": "TIMER",
    "is_edited": false,
    "created_at": "2025-05-27T07:20:53.544Z"
  }
},
{
  "model": "projects.timesession",
  "pk": "f8a278e1-de64-4132-a0fe-dea55cd70667",
  "fields": {
    "assignment": "253529ee-f166-434b-8951-2527030b9eb9",
    "team_member": [
      "praveen"
    ],
    "started_at": "2025-05-29T19:26:11.078Z",
    "ended_at": "2025-05-29T19:34:04.348Z",
    "duration_minutes": 7,
    "date_worked": "2025-05-29",
    "description": "",
    "session_type": "TIMER",
    "is_edited": false,
    "created_at": "2025-05-29T19:34:04.351Z"
  }
},
{
  "model": "projects.timesession",
  "pk": "fbd536a6-fcaa-4b89-8617-9765c43df4b6",
  "fields": {
    "assignment": "946b8a1d-6e60-4c6a-ab84-34d9870453ae",
    "team_member": [
      "praveen"
    ],
    "started_at": "2025-06-09T10:22:05.671Z",
    "ended_at": "2025-06-09T10:22:14.162Z",
    "duration_minutes": 1,
    "date_worked": "2025-06-09",
    "description": "",
    "session_type": "TIMER",
    "is_edited": true,
    "created_at": "2025-06-09T10:22:14.162Z"
  }
},
{
  "model": "projects.timesession",
  "pk": "fe4f43d6-9861-43d1-8e0d-be412886ca45",
  "fields": {
    "assignment": "5dec0fd9-99c7-4caf-85c4-6baa49074f27",
    "team_member": [
      "praveen"
    ],
    "started_at": "2025-05-29T18:18:38.460Z",
    "ended_at": "2025-05-29T18:18:59.901Z",
    "duration_minutes": 0,
    "date_worked": "2025-05-29",
    "description": "",
    "session_type": "TIMER",
    "is_edited": false,
    "created_at": "2025-05-29T18:18:59.902Z"
  }
},
{
  "model": "projects.timesession",
  "pk": "ff6eaad5-3204-47b2-9fa1-02e06f1964ed",
  "fields": {
    "assignment": "250e172f-8cc0-4001-bd96-896a68ad1d3e",
    "team_member": [
      "praveen"
    ],
    "started_at": "2025-06-06T00:00:00Z",
    "ended_at": "2025-06-06T01:00:00Z",
    "duration_minutes": 60,
    "date_worked": "2025-06-06",
    "description": "",
    "session_type": "MANUAL",
    "is_edited": false,
    "created_at": "2025-06-06T07:56:28.274Z"
  }
},
{
  "model": "projects.dailytimetotal",
  "pk": "0219b5b4-5626-4f83-9fd4-81ffe3d3cf19",
  "fields": {
    "assignment": "266f1461-e65f-46f6-bdf6-44a70da4b490",
    "team_member": [
      "praveen"
    ],
    "date_worked": "2025-06-09",
    "total_minutes": 2,
    "is_manually_edited": false,
    "last_updated": "2025-06-09T10:26:28.038Z"
  }
},
{
  "model": "projects.dailytimetotal",
  "pk": "1585bfd4-113b-4fd6-8e9d-e808a9cb9b4f",
  "fields": {
    "assignment": "946b8a1d-6e60-4c6a-ab84-34d9870453ae",
    "team_member": [
      "praveen"
    ],
    "date_worked": "2025-06-09",
    "total_minutes": 1,
    "is_manually_edited": false,
    "last_updated": "2025-06-09T10:22:25.664Z"
  }
},
{
  "model": "projects.dailytimetotal",
  "pk": "17aa76a4-8b97-4e30-a947-971c513ccdb6",
  "fields": {
    "assignment": "58363e49-18a7-4c71-a9a9-5e303d423886",
    "team_member": [
      "praveen"
    ],
    "date_worked": "2025-06-14",
    "total_minutes": 2,
    "is_manually_edited": false,
    "last_updated": "2025-06-14T08:36:56.820Z"
  }
},
{
  "model": "projects.dailytimetotal",
  "pk": "1ea5bb70-ae84-43ad-9f2d-b6b9ed2c7d02",
  "fields": {
    "assignment": "05dab680-ad50-4939-a928-48f6c88ee00c",
    "team_member": [
      "praveen"
    ],
    "date_worked": "2025-05-29",
    "total_minutes": 2,
    "is_manually_edited": false,
    "last_updated": "2025-05-29T16:23:39.406Z"
  }
},
{
  "model": "projects.dailytimetotal",
  "pk": "278d841f-359e-4dd9-bee2-39481fde3905",
  "fields": {
    "assignment": "9be64d49-844f-43e7-b10d-d5a53fcdaccb",
    "team_member": [
      "praveen"
    ],
    "date_worked": "2025-05-31",
    "total_minutes": 3,
    "is_manually_edited": false,
    "last_updated": "2025-05-31T01:39:27.908Z"
  }
},
{
  "model": "projects.dailytimetotal",
  "pk": "31758ba0-353e-4b3a-b4e7-263db5f61ca4",
  "fields": {
    "assignment": "250e172f-8cc0-4001-bd96-896a68ad1d3e",
    "team_member": [
      "praveen"
    ],
    "date_worked": "2025-06-06",
    "total_minutes": 63,
    "is_manually_edited": false,
    "last_updated": "2025-06-06T07:56:57.790Z"
  }
},
{
  "model": "projects.dailytimetotal",
  "pk": "3625075a-153b-47e4-b790-b5e38484fa41",
  "fields": {
    "assignment": "496e3027-f06d-4884-824c-1a41d763d541",
    "team_member": [
      "praveen"
    ],
    "date_worked": "2025-05-28",
    "total_minutes": 60,
    "is_manually_edited": false,
    "last_updated": "2025-05-28T12:10:10.438Z"
  }
},
{
  "model": "projects.dailytimetotal",
  "pk": "37ffdcb2-446e-454e-9a9a-d14975953398",
  "fields": {
    "assignment": "517526d9-fafc-4a66-93e1-4f3289e20015",
    "team_member": [
      "praveen"
    ],
    "date_worked": "2025-05-26",
    "total_minutes": 120,
    "is_manually_edited": false,
    "last_updated": "2025-05-27T07:35:31.419Z"
  }
},
{
  "model": "projects.dailytimetotal",
  "pk": "39af3a00-3fb4-408e-b21c-c7470105b78a",
  "fields": {
    "assignment": "abf27203-9631-46b8-b26c-cf6333c0fcca",
    "team_member": [
      "praveen"
    ],
    "date_worked": "2025-05-29",
    "total_minutes": 300,
    "is_manually_edited": false,
    "last_updated": "2025-05-29T17:19:06.624Z"
  }
},
{
  "model": "projects.dailytimetotal",
  "pk": "3ec80086-8c84-45ed-a28e-cbdfd381f4f7",
  "fields": {
    "assignment": "517526d9-fafc-4a66-93e1-4f3289e20015",
    "team_member": [
      "praveen"
    ],
    "date_worked": "2025-05-27",
    "total_minutes": 31,
    "is_manually_edited": false,
    "last_updated": "2025-05-27T08:08:28.300Z"
  }
},
{
  "model": "projects.dailytimetotal",
  "pk": "60ce16e9-c37f-4158-b77e-7f6f9b21d263",
  "fields": {
    "assignment": "58363e49-18a7-4c71-a9a9-5e303d423886",
    "team_member": [
      "praveen"
    ],
    "date_worked": "2025-06-06",
    "total_minutes": 123,
    "is_manually_edited": false,
    "last_updated": "2025-06-06T08:25:26.680Z"
  }
},
{
  "model": "projects.dailytimetotal",
  "pk": "65d6699d-721c-43b5-80ea-5d56fd136b54",
  "fields": {
    "assignment": "e40149ff-a878-41c0-ad1b-e20789aa5feb",
    "team_member": [
      "praveen"
    ],
    "date_worked": "2025-05-29",
    "total_minutes": 127,
    "is_manually_edited": false,
    "last_updated": "2025-05-29T17:17:04.823Z"
  }
},
{
  "model": "projects.dailytimetotal",
  "pk": "6d057900-b80d-4a7a-8784-8a3779d13474",
  "fields": {
    "assignment": "9aa43e35-94bd-46cd-83be-32a417c49575",
    "team_member": [
      "praveen"
    ],
    "date_worked": "2025-05-30",
    "total_minutes": 122,
    "is_manually_edited": false,
    "last_updated": "2025-05-30T03:54:15.231Z"
  }
},
{
  "model": "projects.dailytimetotal",
  "pk": "7850a03c-6c95-459f-b487-f28b82adc80c",
  "fields": {
    "assignment": "58363e49-18a7-4c71-a9a9-5e303d423886",
    "team_member": [
      "praveen"
    ],
    "date_worked": "2025-05-31",
    "total_minutes": 10,
    "is_manually_edited": false,
    "last_updated": "2025-06-01T14:52:38.535Z"
  }
},
{
  "model": "projects.dailytimetotal",
  "pk": "7b3f8b78-5f36-426a-b45d-3f4d1f0aa6ed",
  "fields": {
    "assignment": "253529ee-f166-434b-8951-2527030b9eb9",
    "team_member": [
      "praveen"
    ],
    "date_worked": "2025-05-29",
    "total_minutes": 27,
    "is_manually_edited": false,
    "last_updated": "2025-05-29T19:37:44.757Z"
  }
},
{
  "model": "projects.dailytimetotal",
  "pk": "856c451e-fd1b-4581-bc36-1453a57a46e9",
  "fields": {
    "assignment": "d04d7774-2247-4e3a-bf75-965611c7c855",
    "team_member": [
      "praveen"
    ],
    "date_worked": "2025-06-15",
    "total_minutes": 254,
    "is_manually_edited": false,
    "last_updated": "2025-06-15T11:38:51.000Z"
  }
},
{
  "model": "projects.dailytimetotal",
  "pk": "a5e95964-1c39-486e-a952-8e63a2b9f4b5",
  "fields": {
    "assignment": "9aa43e35-94bd-46cd-83be-32a417c49575",
    "team_member": [
      "praveen"
    ],
    "date_worked": "2025-05-29",
    "total_minutes": 3,
    "is_manually_edited": false,
    "last_updated": "2025-05-29T20:38:02.490Z"
  }
},
{
  "model": "projects.dailytimetotal",
  "pk": "b00ed83a-5434-480a-a94a-eca25c374df7",
  "fields": {
    "assignment": "c5a454ea-f9e2-4f1d-910a-e398773e60da",
    "team_member": [
      "praveen"
    ],
    "date_worked": "2025-05-29",
    "total_minutes": 3,
    "is_manually_edited": false,
    "last_updated": "2025-05-29T16:38:37.487Z"
  }
},
{
  "model": "projects.dailytimetotal",
  "pk": "b35c5e31-fa70-44cb-adf6-fca03520a4c1",
  "fields": {
    "assignment": "58363e49-18a7-4c71-a9a9-5e303d423886",
    "team_member": [
      "praveen"
    ],
    "date_worked": "2025-06-09",
    "total_minutes": 240,
    "is_manually_edited": false,
    "last_updated": "2025-06-09T10:04:22.616Z"
  }
},
{
  "model": "projects.dailytimetotal",
  "pk": "b5a296ad-d9c6-42d8-8206-15b35c15677d",
  "fields": {
    "assignment": "5dec0fd9-99c7-4caf-85c4-6baa49074f27",
    "team_member": [
      "praveen"
    ],
    "date_worked": "2025-05-29",
    "total_minutes": 4,
    "is_manually_edited": false,
    "last_updated": "2025-05-29T18:28:18.524Z"
  }
},
{
  "model": "projects.dailytimetotal",
  "pk": "c4bfe428-3e61-4fe9-a28d-8306d4b91ac0",
  "fields": {
    "assignment": "c1dd67a5-01cb-4a0d-8de9-5df7f41a45fc",
    "team_member": [
      "praveen"
    ],
    "date_worked": "2025-05-26",
    "total_minutes": 540,
    "is_manually_edited": true,
    "last_updated": "2025-05-27T08:08:17.431Z"
  }
},
{
  "model": "projects.dailytimetotal",
  "pk": "cf0ced00-0e75-4f16-9523-0a807443f9e4",
  "fields": {
    "assignment": "250e172f-8cc0-4001-bd96-896a68ad1d3e",
    "team_member": [
      "praveen"
    ],
    "date_worked": "2025-06-05",
    "total_minutes": 3,
    "is_manually_edited": false,
    "last_updated": "2025-06-06T07:57:51.941Z"
  }
},
{
  "model": "projects.dailytimetotal",
  "pk": "d91e8c1d-d836-4050-af3e-c8266ddac745",
  "fields": {
    "assignment": "69028dee-bfe9-4fd0-b509-8342e51dde7e",
    "team_member": [
      "praveen"
    ],
    "date_worked": "2025-05-27",
    "total_minutes": 60,
    "is_manually_edited": false,
    "last_updated": "2025-05-27T07:04:16.229Z"
  }
},
{
  "model": "projects.dailytimetotal",
  "pk": "da6f9c24-dd0c-4811-af45-492c2b42e72a",
  "fields": {
    "assignment": "4835800a-bacc-4af0-abee-9d7b8d792cf1",
    "team_member": [
      "praveen"
    ],
    "date_worked": "2025-05-27",
    "total_minutes": 120,
    "is_manually_edited": true,
    "last_updated": "2025-05-27T08:10:49.587Z"
  }
},
{
  "model": "projects.dailytimetotal",
  "pk": "ea935c64-3987-41a9-bee0-7742ed3acec0",
  "fields": {
    "assignment": "d75ec496-f2f9-4fca-9996-22a296b0d75c",
    "team_member": [
      "praveen"
    ],
    "date_worked": "2025-05-31",
    "total_minutes": 240,
    "is_manually_edited": false,
    "last_updated": "2025-05-31T14:36:07.335Z"
  }
},
{
  "model": "projects.dailytimetotal",
  "pk": "edc62109-e1e5-48cf-b992-d8d1729cb185",
  "fields": {
    "assignment": "58363e49-18a7-4c71-a9a9-5e303d423886",
    "team_member": [
      "praveen"
    ],
    "date_worked": "2025-06-13",
    "total_minutes": 1,
    "is_manually_edited": false,
    "last_updated": "2025-06-13T12:24:36.151Z"
  }
},
{
  "model": "projects.dailytimetotal",
  "pk": "f2580256-4b08-4feb-8390-ac60cb94562a",
  "fields": {
    "assignment": "1e27265f-bafa-40cf-a250-5556e2936867",
    "team_member": [
      "praveen"
    ],
    "date_worked": "2025-05-28",
    "total_minutes": 60,
    "is_manually_edited": false,
    "last_updated": "2025-05-27T21:13:23.016Z"
  }
},
{
  "model": "projects.dailytimetotal",
  "pk": "f5e58405-efd5-48e9-9c92-fe74a659b4a2",
  "fields": {
    "assignment": "c1dd67a5-01cb-4a0d-8de9-5df7f41a45fc",
    "team_member": [
      "praveen"
    ],
    "date_worked": "2025-05-27",
    "total_minutes": 270,
    "is_manually_edited": false,
    "last_updated": "2025-05-27T21:14:58.244Z"
  }
},
{
  "model": "projects.dailytimetotal",
  "pk": "fc1d406a-5a47-473c-9a71-9ae663b0aca9",
  "fields": {
    "assignment": "d75ec496-f2f9-4fca-9996-22a296b0d75c",
    "team_member": [
      "praveen"
    ],
    "date_worked": "2025-06-01",
    "total_minutes": 60,
    "is_manually_edited": false,
    "last_updated": "2025-06-01T14:48:21.428Z"
  }
},
{
  "model": "projects.timeractionlog",
  "pk": "02afdcc3-0f65-447a-bd72-6962fa695a17",
  "fields": {
    "assignment": "58363e49-18a7-4c71-a9a9-5e303d423886",
    "team_member": [
      "praveen"
    ],
    "action": "START",
    "timestamp": "2025-06-06T06:33:14.620Z",
    "details": "Started timer at 2025-06-06 06:33:14"
  }
},
{
  "model": "projects.timeractionlog",
  "pk": "02f48902-cbee-4ad9-bd92-4c6c3e26064d",
  "fields": {
    "assignment": "253529ee-f166-434b-8951-2527030b9eb9",
    "team_member": [
      "praveen"
    ],
    "action": "START",
    "timestamp": "2025-05-29T19:26:11.088Z",
    "details": "Started timer at 2025-05-29 19:26:11"
  }
},
{
  "model": "projects.timeractionlog",
  "pk": "052f094e-ebfe-4464-a905-d27a86c345d5",
  "fields": {
    "assignment": "1e27265f-bafa-40cf-a250-5556e2936867",
    "team_member": [
      "praveen"
    ],
    "action": "MANUAL_ADD",
    "timestamp": "2025-05-27T21:13:23.024Z",
    "details": "Added 01:00 for 2025-05-28, Description: "
  }
},
{
  "model": "projects.timeractionlog",
  "pk": "0585ed44-cc3d-4bf1-ade4-2cb1d465a09a",
  "fields": {
    "assignment": "c1dd67a5-01cb-4a0d-8de9-5df7f41a45fc",
    "team_member": [
      "praveen"
    ],
    "action": "STOP",
    "timestamp": "2025-05-27T15:59:37.162Z",
    "details": "Stopped timer at 2025-05-27 15:59:37, Duration: 00:48"
  }
},
{
  "model": "projects.timeractionlog",
  "pk": "064340aa-9f25-4f8f-9def-7dfd30adcd95",
  "fields": {
    "assignment": "58363e49-18a7-4c71-a9a9-5e303d423886",
    "team_member": [
      "praveen"
    ],
    "action": "MANUAL_ADD",
    "timestamp": "2025-06-09T07:47:40.139Z",
    "details": "Added 04:00 for 2025-06-09, Description: "
  }
},
{
  "model": "projects.timeractionlog",
  "pk": "06b3d802-1c08-4e05-91e9-efffbe7e5095",
  "fields": {
    "assignment": "9be64d49-844f-43e7-b10d-d5a53fcdaccb",
    "team_member": [
      "praveen"
    ],
    "action": "STOP",
    "timestamp": "2025-05-31T01:39:13.239Z",
    "details": "Stopped timer at 2025-05-31 01:39:13, Duration: 00:03"
  }
},
{
  "model": "projects.timeractionlog",
  "pk": "0a1a925d-e312-4fc1-b324-9868a7e012b7",
  "fields": {
    "assignment": "253529ee-f166-434b-8951-2527030b9eb9",
    "team_member": [
      "praveen"
    ],
    "action": "STOP",
    "timestamp": "2025-05-29T19:34:04.377Z",
    "details": "Stopped timer at 2025-05-29 19:34:04, Duration: 00:07"
  }
},
{
  "model": "projects.timeractionlog",
  "pk": "0a205531-ee05-46dd-a6b9-fa479cbbdc28",
  "fields": {
    "assignment": "05dab680-ad50-4939-a928-48f6c88ee00c",
    "team_member": [
      "praveen"
    ],
    "action": "STOP",
    "timestamp": "2025-05-29T16:23:39.421Z",
    "details": "Stopped timer at 2025-05-29 16:23:39, Duration: 00:01"
  }
},
{
  "model": "projects.timeractionlog",
  "pk": "0be7de98-c86f-4ae9-98f6-88ab7877a562",
  "fields": {
    "assignment": "58363e49-18a7-4c71-a9a9-5e303d423886",
    "team_member": [
      "praveen"
    ],
    "action": "EDIT_SESSION",
    "timestamp": "2025-06-01T14:52:38.558Z",
    "details": "Edited session duration from 00:07 to 00:10"
  }
},
{
  "model": "projects.timeractionlog",
  "pk": "0dbf1bc5-b058-47d1-9580-3b94473854e0",
  "fields": {
    "assignment": "58363e49-18a7-4c71-a9a9-5e303d423886",
    "team_member": [
      "praveen"
    ],
    "action": "MANUAL_ADD",
    "timestamp": "2025-06-06T00:41:54.547Z",
    "details": "Added 01:00 for 2025-06-06, Description: "
  }
},
{
  "model": "projects.timeractionlog",
  "pk": "0eaad528-e98b-4ba5-a7e1-21563e6f89cc",
  "fields": {
    "assignment": "253529ee-f166-434b-8951-2527030b9eb9",
    "team_member": [
      "praveen"
    ],
    "action": "START",
    "timestamp": "2025-05-29T19:37:41.985Z",
    "details": "Started timer at 2025-05-29 19:37:41"
  }
},
{
  "model": "projects.timeractionlog",
  "pk": "0f26beef-f598-4e96-bc99-d049126f4e48",
  "fields": {
    "assignment": "517526d9-fafc-4a66-93e1-4f3289e20015",
    "team_member": [
      "praveen"
    ],
    "action": "MANUAL_ADD",
    "timestamp": "2025-05-27T07:35:31.426Z",
    "details": "Added 02:00 for 2025-05-26, Description: "
  }
},
{
  "model": "projects.timeractionlog",
  "pk": "127caa73-5a42-44da-805a-a70fc27d99d6",
  "fields": {
    "assignment": "253529ee-f166-434b-8951-2527030b9eb9",
    "team_member": [
      "praveen"
    ],
    "action": "STOP",
    "timestamp": "2025-05-29T19:26:04.459Z",
    "details": "Stopped timer at 2025-05-29 19:26:04, Duration: 00:20"
  }
},
{
  "model": "projects.timeractionlog",
  "pk": "13513b5c-b023-4b1e-aea5-6c0d5e84b224",
  "fields": {
    "assignment": "c1dd67a5-01cb-4a0d-8de9-5df7f41a45fc",
    "team_member": [
      "praveen"
    ],
    "action": "STOP",
    "timestamp": "2025-05-27T15:10:26.096Z",
    "details": "Stopped timer at 2025-05-27 15:10:26, Duration: 02:08"
  }
},
{
  "model": "projects.timeractionlog",
  "pk": "177a7dbc-bbb0-4418-9ca5-ca9cb7edc47c",
  "fields": {
    "assignment": "e40149ff-a878-41c0-ad1b-e20789aa5feb",
    "team_member": [
      "praveen"
    ],
    "action": "START",
    "timestamp": "2025-05-29T17:07:00.137Z",
    "details": "Started timer at 2025-05-29 17:07:00"
  }
},
{
  "model": "projects.timeractionlog",
  "pk": "1a216d4b-b1eb-47bb-8fc8-8c7268c904de",
  "fields": {
    "assignment": "e40149ff-a878-41c0-ad1b-e20789aa5feb",
    "team_member": [
      "praveen"
    ],
    "action": "EDIT_SESSION",
    "timestamp": "2025-05-29T17:11:22.317Z",
    "details": "Edited session duration from 00:02 to 00:03"
  }
},
{
  "model": "projects.timeractionlog",
  "pk": "1cdf6204-72f3-4739-8048-c70579fb2166",
  "fields": {
    "assignment": "c1dd67a5-01cb-4a0d-8de9-5df7f41a45fc",
    "team_member": [
      "praveen"
    ],
    "action": "EDIT_SESSION",
    "timestamp": "2025-05-27T19:52:05.049Z",
    "details": "Edited session duration from 00:52 to 00:53"
  }
},
{
  "model": "projects.timeractionlog",
  "pk": "1dbad6f2-0534-4cf9-871c-13eb3fcc0641",
  "fields": {
    "assignment": "9aa43e35-94bd-46cd-83be-32a417c49575",
    "team_member": [
      "praveen"
    ],
    "action": "MANUAL_ADD",
    "timestamp": "2025-05-29T20:37:46.570Z",
    "details": "Added 00:01 for 2025-05-29, Description: "
  }
},
{
  "model": "projects.timeractionlog",
  "pk": "1dcc1fab-005c-4a6a-8a79-05a0d6052ddf",
  "fields": {
    "assignment": "946b8a1d-6e60-4c6a-ab84-34d9870453ae",
    "team_member": [
      "praveen"
    ],
    "action": "EDIT_SESSION",
    "timestamp": "2025-06-09T10:22:25.664Z",
    "details": "Edited session duration from 00:00 to 00:01"
  }
},
{
  "model": "projects.timeractionlog",
  "pk": "1e0ea0e5-e21b-4238-81a9-3fb24d783dd6",
  "fields": {
    "assignment": "9be64d49-844f-43e7-b10d-d5a53fcdaccb",
    "team_member": [
      "praveen"
    ],
    "action": "START",
    "timestamp": "2025-05-31T01:39:17.789Z",
    "details": "Started timer at 2025-05-31 01:39:17"
  }
},
{
  "model": "projects.timeractionlog",
  "pk": "20098bab-6086-4156-947b-4be134bc8457",
  "fields": {
    "assignment": "e40149ff-a878-41c0-ad1b-e20789aa5feb",
    "team_member": [
      "praveen"
    ],
    "action": "STOP",
    "timestamp": "2025-05-29T17:06:58.135Z",
    "details": "Stopped timer at 2025-05-29 17:06:58, Duration: 00:00"
  }
},
{
  "model": "projects.timeractionlog",
  "pk": "20b90cda-58de-471b-95d3-f4fd87cd871d",
  "fields": {
    "assignment": "05dab680-ad50-4939-a928-48f6c88ee00c",
    "team_member": [
      "praveen"
    ],
    "action": "START",
    "timestamp": "2025-05-29T16:20:35.359Z",
    "details": "Started timer at 2025-05-29 16:20:35"
  }
},
{
  "model": "projects.timeractionlog",
  "pk": "222a7823-e04d-4874-99d2-ebe1a9ef2e11",
  "fields": {
    "assignment": "e40149ff-a878-41c0-ad1b-e20789aa5feb",
    "team_member": [
      "praveen"
    ],
    "action": "START",
    "timestamp": "2025-05-29T17:09:49.621Z",
    "details": "Started timer at 2025-05-29 17:09:49"
  }
},
{
  "model": "projects.timeractionlog",
  "pk": "24c75b88-d722-4204-ba39-4a6a91f5f774",
  "fields": {
    "assignment": "517526d9-fafc-4a66-93e1-4f3289e20015",
    "team_member": [
      "praveen"
    ],
    "action": "START",
    "timestamp": "2025-05-27T07:37:12.570Z",
    "details": "Started timer at 2025-05-27 07:37:12"
  }
},
{
  "model": "projects.timeractionlog",
  "pk": "28c79cb8-9f98-4e25-b884-b58fe7c32bbc",
  "fields": {
    "assignment": "5dec0fd9-99c7-4caf-85c4-6baa49074f27",
    "team_member": [
      "praveen"
    ],
    "action": "STOP",
    "timestamp": "2025-05-29T18:18:59.920Z",
    "details": "Stopped timer at 2025-05-29 18:18:59, Duration: 00:00"
  }
},
{
  "model": "projects.timeractionlog",
  "pk": "2b3a251c-200b-4b45-a94b-9857b4725560",
  "fields": {
    "assignment": "1e27265f-bafa-40cf-a250-5556e2936867",
    "team_member": [
      "praveen"
    ],
    "action": "COMPLETE",
    "timestamp": "2025-05-29T16:28:15.263Z",
    "details": "Assignment completed at 2025-05-29 16:28:15"
  }
},
{
  "model": "projects.timeractionlog",
  "pk": "2b88416a-edfd-4b42-81a6-c4ea80ad535f",
  "fields": {
    "assignment": "253529ee-f166-434b-8951-2527030b9eb9",
    "team_member": [
      "praveen"
    ],
    "action": "STOP",
    "timestamp": "2025-05-29T19:37:44.764Z",
    "details": "Stopped timer at 2025-05-29 19:37:44, Duration: 00:00"
  }
},
{
  "model": "projects.timeractionlog",
  "pk": "2e22907b-43a9-4d8b-8f75-3315d5b67e9e",
  "fields": {
    "assignment": "5dec0fd9-99c7-4caf-85c4-6baa49074f27",
    "team_member": [
      "praveen"
    ],
    "action": "STOP",
    "timestamp": "2025-05-29T18:28:18.530Z",
    "details": "Stopped timer at 2025-05-29 18:28:18, Duration: 00:00"
  }
},
{
  "model": "projects.timeractionlog",
  "pk": "2f69e543-2287-4604-9ba8-a3bce92a7e9e",
  "fields": {
    "assignment": "58363e49-18a7-4c71-a9a9-5e303d423886",
    "team_member": [
      "praveen"
    ],
    "action": "STOP",
    "timestamp": "2025-06-14T08:36:56.820Z",
    "details": "Stopped timer at 2025-06-14 08:36:56, Duration: 00:02"
  }
},
{
  "model": "projects.timeractionlog",
  "pk": "2fbfb691-94b1-4054-ae2b-9c63d9431108",
  "fields": {
    "assignment": "253529ee-f166-434b-8951-2527030b9eb9",
    "team_member": [
      "praveen"
    ],
    "action": "STOP",
    "timestamp": "2025-05-29T19:03:37.023Z",
    "details": "Stopped timer at 2025-05-29 19:03:37, Duration: 00:00"
  }
},
{
  "model": "projects.timeractionlog",
  "pk": "31a4c589-e30a-42a1-baa8-8bb8a1414de5",
  "fields": {
    "assignment": "250e172f-8cc0-4001-bd96-896a68ad1d3e",
    "team_member": [
      "praveen"
    ],
    "action": "COMPLETE",
    "timestamp": "2025-06-06T07:59:00.800Z",
    "details": "Assignment completed at 2025-06-06 07:59:00"
  }
},
{
  "model": "projects.timeractionlog",
  "pk": "31cdb21f-6a8e-4558-8385-0b53e1c22599",
  "fields": {
    "assignment": "e40149ff-a878-41c0-ad1b-e20789aa5feb",
    "team_member": [
      "praveen"
    ],
    "action": "MANUAL_ADD",
    "timestamp": "2025-05-29T17:17:04.830Z",
    "details": "Added 01:00 for 2025-05-29, Description: "
  }
},
{
  "model": "projects.timeractionlog",
  "pk": "3315e15f-05b1-4091-9da3-91babbe28d9f",
  "fields": {
    "assignment": "9aa43e35-94bd-46cd-83be-32a417c49575",
    "team_member": [
      "praveen"
    ],
    "action": "STOP",
    "timestamp": "2025-05-30T03:53:00.675Z",
    "details": "Stopped timer at 2025-05-30 03:53:00, Duration: 00:02"
  }
},
{
  "model": "projects.timeractionlog",
  "pk": "3430fe72-df81-4fb3-b5fa-81338f05876e",
  "fields": {
    "assignment": "9aa43e35-94bd-46cd-83be-32a417c49575",
    "team_member": [
      "praveen"
    ],
    "action": "STOP",
    "timestamp": "2025-05-29T20:36:59.586Z",
    "details": "Stopped timer at 2025-05-29 20:36:59, Duration: 00:01"
  }
},
{
  "model": "projects.timeractionlog",
  "pk": "353b2576-6ea6-4773-8da7-7614ac809363",
  "fields": {
    "assignment": "496e3027-f06d-4884-824c-1a41d763d541",
    "team_member": [
      "praveen"
    ],
    "action": "MANUAL_ADD",
    "timestamp": "2025-05-28T12:10:10.470Z",
    "details": "Added 01:00 for 2025-05-28, Description: "
  }
},
{
  "model": "projects.timeractionlog",
  "pk": "39ab0e7a-763f-4dfa-8619-7fc5db81c3cb",
  "fields": {
    "assignment": "58363e49-18a7-4c71-a9a9-5e303d423886",
    "team_member": [
      "praveen"
    ],
    "action": "STOP",
    "timestamp": "2025-06-06T08:24:34.781Z",
    "details": "Stopped timer at 2025-06-06 08:24:34, Duration: 00:00"
  }
},
{
  "model": "projects.timeractionlog",
  "pk": "3aeb07b9-8770-49c8-8ca0-07b1683c51d8",
  "fields": {
    "assignment": "250e172f-8cc0-4001-bd96-896a68ad1d3e",
    "team_member": [
      "praveen"
    ],
    "action": "MANUAL_ADD",
    "timestamp": "2025-06-06T07:57:51.959Z",
    "details": "Added 00:03 for 2025-06-05, Description: "
  }
},
{
  "model": "projects.timeractionlog",
  "pk": "3aed2083-d75b-421e-bda9-518dc47bdee0",
  "fields": {
    "assignment": "c5a454ea-f9e2-4f1d-910a-e398773e60da",
    "team_member": [
      "praveen"
    ],
    "action": "STOP",
    "timestamp": "2025-05-29T16:38:37.500Z",
    "details": "Stopped timer at 2025-05-29 16:38:37, Duration: 00:00"
  }
},
{
  "model": "projects.timeractionlog",
  "pk": "3b6c9e2a-8f2b-445c-b78d-197238705ead",
  "fields": {
    "assignment": "c5a454ea-f9e2-4f1d-910a-e398773e60da",
    "team_member": [
      "praveen"
    ],
    "action": "STOP",
    "timestamp": "2025-05-29T16:37:58.580Z",
    "details": "Stopped timer at 2025-05-29 16:37:58, Duration: 00:01"
  }
},
{
  "model": "projects.timeractionlog",
  "pk": "44be057f-e970-4bf8-9ca6-68943dbeb45f",
  "fields": {
    "assignment": "d04d7774-2247-4e3a-bf75-965611c7c855",
    "team_member": [
      "praveen"
    ],
    "action": "STOP",
    "timestamp": "2025-06-15T11:38:51.000Z",
    "details": "Stopped timer at 2025-06-15 11:38:50, Duration: 04:14"
  }
},
{
  "model": "projects.timeractionlog",
  "pk": "4992f90b-5591-41eb-a890-8d438c5add89",
  "fields": {
    "assignment": "9be64d49-844f-43e7-b10d-d5a53fcdaccb",
    "team_member": [
      "praveen"
    ],
    "action": "STOP",
    "timestamp": "2025-05-31T01:39:27.932Z",
    "details": "Stopped timer at 2025-05-31 01:39:27, Duration: 00:00"
  }
},
{
  "model": "projects.timeractionlog",
  "pk": "4a2e3a72-8731-416f-ac10-af5ce4e5c53b",
  "fields": {
    "assignment": "e40149ff-a878-41c0-ad1b-e20789aa5feb",
    "team_member": [
      "praveen"
    ],
    "action": "MANUAL_ADD",
    "timestamp": "2025-05-29T17:14:24.216Z",
    "details": "Added 01:00 for 2025-05-29, Description: "
  }
},
{
  "model": "projects.timeractionlog",
  "pk": "4d51d9ec-1578-40ca-91e5-909952720905",
  "fields": {
    "assignment": "5dec0fd9-99c7-4caf-85c4-6baa49074f27",
    "team_member": [
      "praveen"
    ],
    "action": "START",
    "timestamp": "2025-05-29T18:16:30.990Z",
    "details": "Started timer at 2025-05-29 18:16:30"
  }
},
{
  "model": "projects.timeractionlog",
  "pk": "52a1db74-f7e7-4056-bd5a-4e7e8d7c79f2",
  "fields": {
    "assignment": "d75ec496-f2f9-4fca-9996-22a296b0d75c",
    "team_member": [
      "praveen"
    ],
    "action": "MANUAL_ADD",
    "timestamp": "2025-05-31T14:36:07.358Z",
    "details": "Added 04:00 for 2025-05-31, Description: "
  }
},
{
  "model": "projects.timeractionlog",
  "pk": "54706456-f87a-4a5e-9ffc-d8c9f82d267c",
  "fields": {
    "assignment": "69028dee-bfe9-4fd0-b509-8342e51dde7e",
    "team_member": [
      "praveen"
    ],
    "action": "MANUAL_ADD",
    "timestamp": "2025-05-27T07:04:16.237Z",
    "details": "Added 01:00 for 2025-05-27, Description: "
  }
},
{
  "model": "projects.timeractionlog",
  "pk": "57f7f76a-9338-4370-806d-3e3e159217a6",
  "fields": {
    "assignment": "58363e49-18a7-4c71-a9a9-5e303d423886",
    "team_member": [
      "praveen"
    ],
    "action": "START",
    "timestamp": "2025-06-09T10:04:15.063Z",
    "details": "Started timer at 2025-06-09 10:04:15"
  }
},
{
  "model": "projects.timeractionlog",
  "pk": "61585a06-491f-46a6-8fee-a30f84be358e",
  "fields": {
    "assignment": "e40149ff-a878-41c0-ad1b-e20789aa5feb",
    "team_member": [
      "praveen"
    ],
    "action": "START",
    "timestamp": "2025-05-29T17:06:34.884Z",
    "details": "Started timer at 2025-05-29 17:06:34"
  }
},
{
  "model": "projects.timeractionlog",
  "pk": "62e5cb15-03ac-4aa3-8f71-c5ea6e07d9c5",
  "fields": {
    "assignment": "58363e49-18a7-4c71-a9a9-5e303d423886",
    "team_member": [
      "praveen"
    ],
    "action": "EDIT_SESSION",
    "timestamp": "2025-06-06T08:24:47.040Z",
    "details": "Edited session duration from 00:00 to 00:01"
  }
},
{
  "model": "projects.timeractionlog",
  "pk": "63588376-41ba-4df8-9398-2523d5b730fc",
  "fields": {
    "assignment": "266f1461-e65f-46f6-bdf6-44a70da4b490",
    "team_member": [
      "praveen"
    ],
    "action": "EDIT_SESSION",
    "timestamp": "2025-06-09T10:26:28.038Z",
    "details": "Edited session duration from 00:00 to 00:02"
  }
},
{
  "model": "projects.timeractionlog",
  "pk": "65a2577f-a1d7-4f2a-8c15-ba95e1ba0407",
  "fields": {
    "assignment": "946b8a1d-6e60-4c6a-ab84-34d9870453ae",
    "team_member": [
      "praveen"
    ],
    "action": "COMPLETE",
    "timestamp": "2025-06-09T10:22:50.517Z",
    "details": "Assignment completed at 2025-06-09 10:22:50"
  }
},
{
  "model": "projects.timeractionlog",
  "pk": "665d1b37-8c95-432d-b432-b56e624d9de5",
  "fields": {
    "assignment": "9aa43e35-94bd-46cd-83be-32a417c49575",
    "team_member": [
      "praveen"
    ],
    "action": "COMPLETE",
    "timestamp": "2025-05-30T03:54:27.569Z",
    "details": "Assignment completed at 2025-05-30 03:54:27"
  }
},
{
  "model": "projects.timeractionlog",
  "pk": "67247b89-69c4-4475-87cc-80abf0507f36",
  "fields": {
    "assignment": "253529ee-f166-434b-8951-2527030b9eb9",
    "team_member": [
      "praveen"
    ],
    "action": "START",
    "timestamp": "2025-05-29T19:37:27.112Z",
    "details": "Started timer at 2025-05-29 19:37:27"
  }
},
{
  "model": "projects.timeractionlog",
  "pk": "69776698-0563-4546-92f3-1c2fa144b494",
  "fields": {
    "assignment": "250e172f-8cc0-4001-bd96-896a68ad1d3e",
    "team_member": [
      "praveen"
    ],
    "action": "START",
    "timestamp": "2025-06-06T07:54:28.575Z",
    "details": "Started timer at 2025-06-06 07:54:28"
  }
},
{
  "model": "projects.timeractionlog",
  "pk": "69fbbfc0-0155-4cdf-b101-ebab34cb7918",
  "fields": {
    "assignment": "5dec0fd9-99c7-4caf-85c4-6baa49074f27",
    "team_member": [
      "praveen"
    ],
    "action": "START",
    "timestamp": "2025-05-29T18:28:06.168Z",
    "details": "Started timer at 2025-05-29 18:28:06"
  }
},
{
  "model": "projects.timeractionlog",
  "pk": "6c8e5c8a-19c6-4b8f-b0d8-6302f2cae7df",
  "fields": {
    "assignment": "9aa43e35-94bd-46cd-83be-32a417c49575",
    "team_member": [
      "praveen"
    ],
    "action": "START",
    "timestamp": "2025-05-30T03:50:20.632Z",
    "details": "Started timer at 2025-05-30 03:50:20"
  }
},
{
  "model": "projects.timeractionlog",
  "pk": "6d907d83-3bd4-40c2-bd0d-4da2884376bf",
  "fields": {
    "assignment": "58363e49-18a7-4c71-a9a9-5e303d423886",
    "team_member": [
      "praveen"
    ],
    "action": "MANUAL_ADD",
    "timestamp": "2025-06-06T08:25:26.703Z",
    "details": "Added 00:02 for 2025-06-06, Description: "
  }
},
{
  "model": "projects.timeractionlog",
  "pk": "6e75856e-3773-43f9-b9a3-5cc642ac4de8",
  "fields": {
    "assignment": "250e172f-8cc0-4001-bd96-896a68ad1d3e",
    "team_member": [
      "praveen"
    ],
    "action": "EDIT_SESSION",
    "timestamp": "2025-06-06T07:56:57.823Z",
    "details": "Edited session duration from 00:00 to 00:03"
  }
},
{
  "model": "projects.timeractionlog",
  "pk": "6ed2234a-c5d5-4ca6-8acc-060e25558092",
  "fields": {
    "assignment": "58363e49-18a7-4c71-a9a9-5e303d423886",
    "team_member": [
      "praveen"
    ],
    "action": "START",
    "timestamp": "2025-06-06T08:24:27.015Z",
    "details": "Started timer at 2025-06-06 08:24:26"
  }
},
{
  "model": "projects.timeractionlog",
  "pk": "708b7493-9d01-4e0a-9067-3a6f80c523d3",
  "fields": {
    "assignment": "d75ec496-f2f9-4fca-9996-22a296b0d75c",
    "team_member": [
      "praveen"
    ],
    "action": "STOP",
    "timestamp": "2025-06-01T14:47:48.296Z",
    "details": "Stopped timer at 2025-06-01 14:47:48, Duration: 00:00"
  }
},
{
  "model": "projects.timeractionlog",
  "pk": "762eafc0-79fb-4052-91ea-f99e9bdf95cd",
  "fields": {
    "assignment": "58363e49-18a7-4c71-a9a9-5e303d423886",
    "team_member": [
      "praveen"
    ],
    "action": "START",
    "timestamp": "2025-06-13T12:23:32.818Z",
    "details": "Started timer at 2025-06-13 12:23:32"
  }
},
{
  "model": "projects.timeractionlog",
  "pk": "76393373-45ac-4308-9a28-5d5225e82839",
  "fields": {
    "assignment": "c1dd67a5-01cb-4a0d-8de9-5df7f41a45fc",
    "team_member": [
      "praveen"
    ],
    "action": "EDIT_TOTAL",
    "timestamp": "2025-05-27T08:08:17.449Z",
    "details": "Edited daily total for 2025-05-26 to 09:00"
  }
},
{
  "model": "projects.timeractionlog",
  "pk": "7742df6e-9312-429b-bb48-5be60547f4f1",
  "fields": {
    "assignment": "9aa43e35-94bd-46cd-83be-32a417c49575",
    "team_member": [
      "praveen"
    ],
    "action": "EDIT_SESSION",
    "timestamp": "2025-05-29T20:38:02.497Z",
    "details": "Edited session duration from 00:01 to 00:02"
  }
},
{
  "model": "projects.timeractionlog",
  "pk": "77782830-1c82-4ed3-87c6-3d8a16d90d7f",
  "fields": {
    "assignment": "c1dd67a5-01cb-4a0d-8de9-5df7f41a45fc",
    "team_member": [
      "praveen"
    ],
    "action": "EDIT_SESSION",
    "timestamp": "2025-05-27T19:36:06.533Z",
    "details": "Edited session duration from 02:08 to 02:28"
  }
},
{
  "model": "projects.timeractionlog",
  "pk": "78ddb364-1814-4cdd-a6d6-b68f899c4bb4",
  "fields": {
    "assignment": "c5a454ea-f9e2-4f1d-910a-e398773e60da",
    "team_member": [
      "praveen"
    ],
    "action": "START",
    "timestamp": "2025-05-29T16:36:53.905Z",
    "details": "Started timer at 2025-05-29 16:36:53"
  }
},
{
  "model": "projects.timeractionlog",
  "pk": "7b55de51-0f6c-4a9b-bef6-a8f717bc6392",
  "fields": {
    "assignment": "9aa43e35-94bd-46cd-83be-32a417c49575",
    "team_member": [
      "praveen"
    ],
    "action": "MANUAL_ADD",
    "timestamp": "2025-05-30T03:54:15.245Z",
    "details": "Added 02:00 for 2025-05-30, Description: "
  }
},
{
  "model": "projects.timeractionlog",
  "pk": "7fbb5726-3d53-46c9-8005-9892c0191720",
  "fields": {
    "assignment": "d75ec496-f2f9-4fca-9996-22a296b0d75c",
    "team_member": [
      "praveen"
    ],
    "action": "MANUAL_ADD",
    "timestamp": "2025-06-01T14:48:21.463Z",
    "details": "Added 01:00 for 2025-06-01, Description: "
  }
},
{
  "model": "projects.timeractionlog",
  "pk": "811cb9fc-3041-4b67-918a-4738a4f4df56",
  "fields": {
    "assignment": "266f1461-e65f-46f6-bdf6-44a70da4b490",
    "team_member": [
      "praveen"
    ],
    "action": "START",
    "timestamp": "2025-06-09T10:26:12.646Z",
    "details": "Started timer at 2025-06-09 10:26:12"
  }
},
{
  "model": "projects.timeractionlog",
  "pk": "8137c84e-38f4-4fc3-a860-6c0812a0c237",
  "fields": {
    "assignment": "253529ee-f166-434b-8951-2527030b9eb9",
    "team_member": [
      "praveen"
    ],
    "action": "STOP",
    "timestamp": "2025-05-29T18:56:04.715Z",
    "details": "Stopped timer at 2025-05-29 18:56:04, Duration: 00:00"
  }
},
{
  "model": "projects.timeractionlog",
  "pk": "840d818a-7e01-40e8-a938-882492cb9327",
  "fields": {
    "assignment": "266f1461-e65f-46f6-bdf6-44a70da4b490",
    "team_member": [
      "praveen"
    ],
    "action": "STOP",
    "timestamp": "2025-06-09T10:26:19.245Z",
    "details": "Stopped timer at 2025-06-09 10:26:19, Duration: 00:00"
  }
},
{
  "model": "projects.timeractionlog",
  "pk": "86019d57-f697-4d8a-97fe-c5b1ca48692f",
  "fields": {
    "assignment": "c1dd67a5-01cb-4a0d-8de9-5df7f41a45fc",
    "team_member": [
      "praveen"
    ],
    "action": "EDIT_TOTAL",
    "timestamp": "2025-05-27T07:55:55.494Z",
    "details": "Edited daily total for 2025-05-26 to 08:00"
  }
},
{
  "model": "projects.timeractionlog",
  "pk": "8640ea38-6768-4704-8217-19f1391e8a5b",
  "fields": {
    "assignment": "4835800a-bacc-4af0-abee-9d7b8d792cf1",
    "team_member": [
      "praveen"
    ],
    "action": "EDIT_TOTAL",
    "timestamp": "2025-05-27T08:10:30.570Z",
    "details": "Edited daily total for 2025-05-27 to 01:00"
  }
},
{
  "model": "projects.timeractionlog",
  "pk": "8948380f-6f18-47dc-b6a7-7cc807283f0c",
  "fields": {
    "assignment": "05dab680-ad50-4939-a928-48f6c88ee00c",
    "team_member": [
      "praveen"
    ],
    "action": "EDIT_SESSION",
    "timestamp": "2025-05-29T16:22:01.866Z",
    "details": "Edited session duration from 01:10 to 00:01"
  }
},
{
  "model": "projects.timeractionlog",
  "pk": "8a273350-bf13-4c98-933c-96d28192bbea",
  "fields": {
    "assignment": "517526d9-fafc-4a66-93e1-4f3289e20015",
    "team_member": [
      "praveen"
    ],
    "action": "STOP",
    "timestamp": "2025-05-27T08:08:28.312Z",
    "details": "Stopped timer at 2025-05-27 08:08:28, Duration: 00:31"
  }
},
{
  "model": "projects.timeractionlog",
  "pk": "8c98dce2-86a4-4329-9687-fc0ef24e350f",
  "fields": {
    "assignment": "c5a454ea-f9e2-4f1d-910a-e398773e60da",
    "team_member": [
      "praveen"
    ],
    "action": "START",
    "timestamp": "2025-05-29T16:38:28.260Z",
    "details": "Started timer at 2025-05-29 16:38:28"
  }
},
{
  "model": "projects.timeractionlog",
  "pk": "8e5b9827-8bd0-4c07-8ca7-dc1b16774ae6",
  "fields": {
    "assignment": "c1dd67a5-01cb-4a0d-8de9-5df7f41a45fc",
    "team_member": [
      "praveen"
    ],
    "action": "EDIT_SESSION",
    "timestamp": "2025-05-27T19:30:10.757Z",
    "details": "Edited session duration from 00:48 to 00:52"
  }
},
{
  "model": "projects.timeractionlog",
  "pk": "8ff82b6c-de11-4f0b-87e7-d8525a594fd6",
  "fields": {
    "assignment": "abf27203-9631-46b8-b26c-cf6333c0fcca",
    "team_member": [
      "praveen"
    ],
    "action": "MANUAL_ADD",
    "timestamp": "2025-05-29T17:19:06.631Z",
    "details": "Added 05:00 for 2025-05-29, Description: "
  }
},
{
  "model": "projects.timeractionlog",
  "pk": "934a50fc-7cd7-43fc-a861-dafdf5abb721",
  "fields": {
    "assignment": "c1dd67a5-01cb-4a0d-8de9-5df7f41a45fc",
    "team_member": [
      "praveen"
    ],
    "action": "MANUAL_ADD",
    "timestamp": "2025-05-27T07:39:16.005Z",
    "details": "Added 05:00 for 2025-05-26, Description: "
  }
},
{
  "model": "projects.timeractionlog",
  "pk": "9381dd33-3943-418c-a718-2c1df6ebfb1e",
  "fields": {
    "assignment": "c1dd67a5-01cb-4a0d-8de9-5df7f41a45fc",
    "team_member": [
      "praveen"
    ],
    "action": "COMPLETE",
    "timestamp": "2025-05-29T16:33:21.635Z",
    "details": "Assignment completed at 2025-05-29 16:33:21"
  }
},
{
  "model": "projects.timeractionlog",
  "pk": "944a8da8-a888-4f42-8ddb-15a6e1443f47",
  "fields": {
    "assignment": "5dec0fd9-99c7-4caf-85c4-6baa49074f27",
    "team_member": [
      "praveen"
    ],
    "action": "COMPLETE",
    "timestamp": "2025-05-29T18:34:24.462Z",
    "details": "Assignment completed at 2025-05-29 18:34:24"
  }
},
{
  "model": "projects.timeractionlog",
  "pk": "97199a05-32ab-4d25-a060-436bbbec3ac3",
  "fields": {
    "assignment": "c5a454ea-f9e2-4f1d-910a-e398773e60da",
    "team_member": [
      "praveen"
    ],
    "action": "COMPLETE",
    "timestamp": "2025-05-29T16:38:37.546Z",
    "details": "Assignment completed at 2025-05-29 16:38:37"
  }
},
{
  "model": "projects.timeractionlog",
  "pk": "9884c5a8-d50c-4b9f-be1b-9c8be6848788",
  "fields": {
    "assignment": "c5a454ea-f9e2-4f1d-910a-e398773e60da",
    "team_member": [
      "praveen"
    ],
    "action": "EDIT_SESSION",
    "timestamp": "2025-05-29T16:38:16.529Z",
    "details": "Edited session duration from 00:02 to 00:03"
  }
},
{
  "model": "projects.timeractionlog",
  "pk": "997e6dbd-a8bd-471c-8ef7-349a384e9281",
  "fields": {
    "assignment": "e40149ff-a878-41c0-ad1b-e20789aa5feb",
    "team_member": [
      "praveen"
    ],
    "action": "STOP",
    "timestamp": "2025-05-29T17:09:37.751Z",
    "details": "Stopped timer at 2025-05-29 17:09:37, Duration: 00:02"
  }
},
{
  "model": "projects.timeractionlog",
  "pk": "9a6f9252-d6da-47e7-89c8-47f75cf502ce",
  "fields": {
    "assignment": "250e172f-8cc0-4001-bd96-896a68ad1d3e",
    "team_member": [
      "praveen"
    ],
    "action": "MANUAL_ADD",
    "timestamp": "2025-06-06T07:56:28.342Z",
    "details": "Added 01:00 for 2025-06-06, Description: "
  }
},
{
  "model": "projects.timeractionlog",
  "pk": "9afdbca9-ef19-4c30-9c46-b9efa7e8fc82",
  "fields": {
    "assignment": "c5a454ea-f9e2-4f1d-910a-e398773e60da",
    "team_member": [
      "praveen"
    ],
    "action": "EDIT_SESSION",
    "timestamp": "2025-05-29T16:38:09.506Z",
    "details": "Edited session duration from 00:01 to 00:02"
  }
},
{
  "model": "projects.timeractionlog",
  "pk": "9bad7763-809b-48d1-b326-bcd0a5cf5fa9",
  "fields": {
    "assignment": "d75ec496-f2f9-4fca-9996-22a296b0d75c",
    "team_member": [
      "praveen"
    ],
    "action": "START",
    "timestamp": "2025-06-01T14:47:38.331Z",
    "details": "Started timer at 2025-06-01 14:47:38"
  }
},
{
  "model": "projects.timeractionlog",
  "pk": "9d9ccf70-904b-428f-830a-3c0639c41c23",
  "fields": {
    "assignment": "9aa43e35-94bd-46cd-83be-32a417c49575",
    "team_member": [
      "praveen"
    ],
    "action": "START",
    "timestamp": "2025-05-29T20:35:55.304Z",
    "details": "Started timer at 2025-05-29 20:35:55"
  }
},
{
  "model": "projects.timeractionlog",
  "pk": "a0556963-2eca-4092-8d82-b733557563de",
  "fields": {
    "assignment": "d75ec496-f2f9-4fca-9996-22a296b0d75c",
    "team_member": [
      "praveen"
    ],
    "action": "COMPLETE",
    "timestamp": "2025-06-01T14:49:39.919Z",
    "details": "Assignment completed at 2025-06-01 14:49:39"
  }
},
{
  "model": "projects.timeractionlog",
  "pk": "a19fafb3-2a51-4177-b3df-d84bb76cb2b3",
  "fields": {
    "assignment": "5dec0fd9-99c7-4caf-85c4-6baa49074f27",
    "team_member": [
      "praveen"
    ],
    "action": "START",
    "timestamp": "2025-05-29T18:18:38.469Z",
    "details": "Started timer at 2025-05-29 18:18:38"
  }
},
{
  "model": "projects.timeractionlog",
  "pk": "a1a651b3-81a1-41f0-8b24-f7fa7855a6b7",
  "fields": {
    "assignment": "c1dd67a5-01cb-4a0d-8de9-5df7f41a45fc",
    "team_member": [
      "praveen"
    ],
    "action": "START",
    "timestamp": "2025-05-27T13:01:37.305Z",
    "details": "Started timer at 2025-05-27 13:01:37"
  }
},
{
  "model": "projects.timeractionlog",
  "pk": "a2421888-ae3b-414e-bfbd-48fd18884e63",
  "fields": {
    "assignment": "253529ee-f166-434b-8951-2527030b9eb9",
    "team_member": [
      "praveen"
    ],
    "action": "START",
    "timestamp": "2025-05-29T18:55:58.725Z",
    "details": "Started timer at 2025-05-29 18:55:58"
  }
},
{
  "model": "projects.timeractionlog",
  "pk": "a5142ddf-4cab-4931-be30-98662c9fce26",
  "fields": {
    "assignment": "4835800a-bacc-4af0-abee-9d7b8d792cf1",
    "team_member": [
      "praveen"
    ],
    "action": "COMPLETE",
    "timestamp": "2025-05-27T07:30:33.240Z",
    "details": "Assignment completed at 2025-05-27 07:30:33"
  }
},
{
  "model": "projects.timeractionlog",
  "pk": "a9460cc1-0b40-4b65-bb9c-f96c7c638cc0",
  "fields": {
    "assignment": "69028dee-bfe9-4fd0-b509-8342e51dde7e",
    "team_member": [
      "praveen"
    ],
    "action": "START",
    "timestamp": "2025-05-27T07:02:58.399Z",
    "details": "Started timer at 2025-05-27 07:02:58"
  }
},
{
  "model": "projects.timeractionlog",
  "pk": "aae1101a-1d62-45ad-8f24-0032ab0cfae5",
  "fields": {
    "assignment": "253529ee-f166-434b-8951-2527030b9eb9",
    "team_member": [
      "praveen"
    ],
    "action": "START",
    "timestamp": "2025-05-29T19:05:59.268Z",
    "details": "Started timer at 2025-05-29 19:05:59"
  }
},
{
  "model": "projects.timeractionlog",
  "pk": "ab69e2a9-664f-4a8c-8311-5703a2becea5",
  "fields": {
    "assignment": "5dec0fd9-99c7-4caf-85c4-6baa49074f27",
    "team_member": [
      "praveen"
    ],
    "action": "STOP",
    "timestamp": "2025-05-29T18:16:56.497Z",
    "details": "Stopped timer at 2025-05-29 18:16:56, Duration: 00:00"
  }
},
{
  "model": "projects.timeractionlog",
  "pk": "acba462f-7330-490e-b7ac-56cd1a8263ee",
  "fields": {
    "assignment": "253529ee-f166-434b-8951-2527030b9eb9",
    "team_member": [
      "praveen"
    ],
    "action": "STOP",
    "timestamp": "2025-05-29T19:37:40.326Z",
    "details": "Stopped timer at 2025-05-29 19:37:40, Duration: 00:00"
  }
},
{
  "model": "projects.timeractionlog",
  "pk": "af520501-620b-47f9-88e1-7b03d7771352",
  "fields": {
    "assignment": "266f1461-e65f-46f6-bdf6-44a70da4b490",
    "team_member": [
      "praveen"
    ],
    "action": "COMPLETE",
    "timestamp": "2025-06-09T10:26:45.225Z",
    "details": "Assignment completed at 2025-06-09 10:26:45"
  }
},
{
  "model": "projects.timeractionlog",
  "pk": "afdec9a5-0a8b-49d4-9aa8-252ab9da7125",
  "fields": {
    "assignment": "946b8a1d-6e60-4c6a-ab84-34d9870453ae",
    "team_member": [
      "praveen"
    ],
    "action": "STOP",
    "timestamp": "2025-06-09T10:22:14.181Z",
    "details": "Stopped timer at 2025-06-09 10:22:14, Duration: 00:00"
  }
},
{
  "model": "projects.timeractionlog",
  "pk": "b0a251b3-018c-4e3a-b363-05d7afbea377",
  "fields": {
    "assignment": "58363e49-18a7-4c71-a9a9-5e303d423886",
    "team_member": [
      "praveen"
    ],
    "action": "STOP",
    "timestamp": "2025-05-31T13:01:09.856Z",
    "details": "Stopped timer at 2025-05-31 13:01:09, Duration: 00:07"
  }
},
{
  "model": "projects.timeractionlog",
  "pk": "b176d7ca-8f49-4b9c-89a1-378e1565ea1d",
  "fields": {
    "assignment": "c1dd67a5-01cb-4a0d-8de9-5df7f41a45fc",
    "team_member": [
      "praveen"
    ],
    "action": "EDIT_SESSION",
    "timestamp": "2025-05-27T21:14:58.250Z",
    "details": "Edited session duration from 01:00 to 01:02"
  }
},
{
  "model": "projects.timeractionlog",
  "pk": "b377d5e2-22d1-4ae2-9544-80cffdaa509b",
  "fields": {
    "assignment": "58363e49-18a7-4c71-a9a9-5e303d423886",
    "team_member": [
      "praveen"
    ],
    "action": "MANUAL_ADD",
    "timestamp": "2025-06-06T06:33:52.941Z",
    "details": "Added 01:00 for 2025-06-06, Description: "
  }
},
{
  "model": "projects.timeractionlog",
  "pk": "b37bec7e-610d-4de3-8b18-780d15dad12f",
  "fields": {
    "assignment": "05dab680-ad50-4939-a928-48f6c88ee00c",
    "team_member": [
      "praveen"
    ],
    "action": "STOP",
    "timestamp": "2025-05-29T16:20:45.838Z",
    "details": "Stopped timer at 2025-05-29 16:20:45, Duration: 00:00"
  }
},
{
  "model": "projects.timeractionlog",
  "pk": "b37eeec9-1224-4604-89f5-c0c9c5643ac0",
  "fields": {
    "assignment": "5dec0fd9-99c7-4caf-85c4-6baa49074f27",
    "team_member": [
      "praveen"
    ],
    "action": "START",
    "timestamp": "2025-05-29T18:23:38.953Z",
    "details": "Started timer at 2025-05-29 18:23:38"
  }
},
{
  "model": "projects.timeractionlog",
  "pk": "b4190f4c-f3c6-4ce8-a057-20ad8042ccc9",
  "fields": {
    "assignment": "250e172f-8cc0-4001-bd96-896a68ad1d3e",
    "team_member": [
      "praveen"
    ],
    "action": "STOP",
    "timestamp": "2025-06-06T07:54:39.082Z",
    "details": "Stopped timer at 2025-06-06 07:54:39, Duration: 00:00"
  }
},
{
  "model": "projects.timeractionlog",
  "pk": "b4587eda-475c-4355-bad6-00459fec5ea8",
  "fields": {
    "assignment": "496e3027-f06d-4884-824c-1a41d763d541",
    "team_member": [
      "praveen"
    ],
    "action": "COMPLETE",
    "timestamp": "2025-05-28T12:10:24.467Z",
    "details": "Assignment completed at 2025-05-28 12:10:24"
  }
},
{
  "model": "projects.timeractionlog",
  "pk": "b46bc4de-f2fa-4f6f-831d-b91c4020e7ab",
  "fields": {
    "assignment": "4835800a-bacc-4af0-abee-9d7b8d792cf1",
    "team_member": [
      "praveen"
    ],
    "action": "EDIT_TOTAL",
    "timestamp": "2025-05-27T08:10:49.661Z",
    "details": "Edited daily total for 2025-05-27 to 02:00"
  }
},
{
  "model": "projects.timeractionlog",
  "pk": "b4e5dc9d-38c7-4754-b152-d347ea2c23d9",
  "fields": {
    "assignment": "69028dee-bfe9-4fd0-b509-8342e51dde7e",
    "team_member": [
      "praveen"
    ],
    "action": "STOP",
    "timestamp": "2025-05-27T07:03:45.414Z",
    "details": "Stopped timer at 2025-05-27 07:03:45, Duration: 00:00"
  }
},
{
  "model": "projects.timeractionlog",
  "pk": "b54db7ff-040c-4d27-950e-411060f25f48",
  "fields": {
    "assignment": "05dab680-ad50-4939-a928-48f6c88ee00c",
    "team_member": [
      "praveen"
    ],
    "action": "EDIT_SESSION",
    "timestamp": "2025-05-29T16:21:18.544Z",
    "details": "Edited session duration from 00:00 to 00:10"
  }
},
{
  "model": "projects.timeractionlog",
  "pk": "b74d0356-63bd-4bd3-a6c1-b0ffee115efc",
  "fields": {
    "assignment": "58363e49-18a7-4c71-a9a9-5e303d423886",
    "team_member": [
      "praveen"
    ],
    "action": "STOP",
    "timestamp": "2025-06-06T06:33:21.288Z",
    "details": "Stopped timer at 2025-06-06 06:33:21, Duration: 00:00"
  }
},
{
  "model": "projects.timeractionlog",
  "pk": "bc4a8a69-2e06-4904-a07f-931c73e39a9b",
  "fields": {
    "assignment": "e40149ff-a878-41c0-ad1b-e20789aa5feb",
    "team_member": [
      "praveen"
    ],
    "action": "COMPLETE",
    "timestamp": "2025-05-29T17:17:04.854Z",
    "details": "Assignment completed at 2025-05-29 17:17:04"
  }
},
{
  "model": "projects.timeractionlog",
  "pk": "bcf238a6-f8a4-4580-977d-ef0fe00c22f3",
  "fields": {
    "assignment": "e40149ff-a878-41c0-ad1b-e20789aa5feb",
    "team_member": [
      "praveen"
    ],
    "action": "STOP",
    "timestamp": "2025-05-29T17:14:09.690Z",
    "details": "Stopped timer at 2025-05-29 17:14:09, Duration: 00:04"
  }
},
{
  "model": "projects.timeractionlog",
  "pk": "bdb58a26-4da2-4d71-808c-92eb1e7a53b6",
  "fields": {
    "assignment": "c1dd67a5-01cb-4a0d-8de9-5df7f41a45fc",
    "team_member": [
      "praveen"
    ],
    "action": "EDIT_SESSION",
    "timestamp": "2025-05-27T21:14:27.425Z",
    "details": "Edited session duration from 00:53 to 01:00"
  }
},
{
  "model": "projects.timeractionlog",
  "pk": "be25deb1-6313-4ed6-ab84-1bd68ea36d9e",
  "fields": {
    "assignment": "58363e49-18a7-4c71-a9a9-5e303d423886",
    "team_member": [
      "praveen"
    ],
    "action": "START",
    "timestamp": "2025-06-06T06:33:24.419Z",
    "details": "Started timer at 2025-06-06 06:33:24"
  }
},
{
  "model": "projects.timeractionlog",
  "pk": "c0addae4-e2ba-4bde-9c7b-6aab64775f02",
  "fields": {
    "assignment": "58363e49-18a7-4c71-a9a9-5e303d423886",
    "team_member": [
      "praveen"
    ],
    "action": "STOP",
    "timestamp": "2025-06-09T10:04:22.616Z",
    "details": "Stopped timer at 2025-06-09 10:04:22, Duration: 00:00"
  }
},
{
  "model": "projects.timeractionlog",
  "pk": "c9a6dd65-1170-4fb1-b784-ebf5b80afeed",
  "fields": {
    "assignment": "c1dd67a5-01cb-4a0d-8de9-5df7f41a45fc",
    "team_member": [
      "praveen"
    ],
    "action": "START",
    "timestamp": "2025-05-27T15:11:00.027Z",
    "details": "Started timer at 2025-05-27 15:10:59"
  }
},
{
  "model": "projects.timeractionlog",
  "pk": "d3f9af89-a209-4805-831a-b920f7ea27c7",
  "fields": {
    "assignment": "05dab680-ad50-4939-a928-48f6c88ee00c",
    "team_member": [
      "praveen"
    ],
    "action": "START",
    "timestamp": "2025-05-29T16:22:11.165Z",
    "details": "Started timer at 2025-05-29 16:22:11"
  }
},
{
  "model": "projects.timeractionlog",
  "pk": "d4043825-0c24-40b9-8e1f-aa278cf9d695",
  "fields": {
    "assignment": "517526d9-fafc-4a66-93e1-4f3289e20015",
    "team_member": [
      "praveen"
    ],
    "action": "COMPLETE",
    "timestamp": "2025-05-27T08:17:21.579Z",
    "details": "Assignment completed at 2025-05-27 08:17:21"
  }
},
{
  "model": "projects.timeractionlog",
  "pk": "db1cb93a-3dc8-4259-af58-f11d47708204",
  "fields": {
    "assignment": "4835800a-bacc-4af0-abee-9d7b8d792cf1",
    "team_member": [
      "praveen"
    ],
    "action": "START",
    "timestamp": "2025-05-27T07:20:46.217Z",
    "details": "Started timer at 2025-05-27 07:20:46"
  }
},
{
  "model": "projects.timeractionlog",
  "pk": "de0f0095-bd5a-4341-9339-b8d4f9deb6ea",
  "fields": {
    "assignment": "253529ee-f166-434b-8951-2527030b9eb9",
    "team_member": [
      "praveen"
    ],
    "action": "START",
    "timestamp": "2025-05-29T19:03:30.568Z",
    "details": "Started timer at 2025-05-29 19:03:30"
  }
},
{
  "model": "projects.timeractionlog",
  "pk": "e0e2f871-0445-42bd-8da3-73ac98b82bc0",
  "fields": {
    "assignment": "4835800a-bacc-4af0-abee-9d7b8d792cf1",
    "team_member": [
      "praveen"
    ],
    "action": "STOP",
    "timestamp": "2025-05-27T07:20:53.563Z",
    "details": "Stopped timer at 2025-05-27 07:20:53, Duration: 00:00"
  }
},
{
  "model": "projects.timeractionlog",
  "pk": "e3133764-7820-4cb4-b414-94fe4d0f4ded",
  "fields": {
    "assignment": "05dab680-ad50-4939-a928-48f6c88ee00c",
    "team_member": [
      "praveen"
    ],
    "action": "EDIT_SESSION",
    "timestamp": "2025-05-29T16:21:29.444Z",
    "details": "Edited session duration from 00:10 to 01:10"
  }
},
{
  "model": "projects.timeractionlog",
  "pk": "e6a8ffd5-1500-4ee6-80ca-4ba11b8b2e40",
  "fields": {
    "assignment": "58363e49-18a7-4c71-a9a9-5e303d423886",
    "team_member": [
      "praveen"
    ],
    "action": "START",
    "timestamp": "2025-06-14T08:34:20.618Z",
    "details": "Started timer at 2025-06-14 08:34:20"
  }
},
{
  "model": "projects.timeractionlog",
  "pk": "ee212332-cb9a-4814-aae2-3fa3d8e032ca",
  "fields": {
    "assignment": "58363e49-18a7-4c71-a9a9-5e303d423886",
    "team_member": [
      "praveen"
    ],
    "action": "START",
    "timestamp": "2025-05-31T12:54:02.179Z",
    "details": "Started timer at 2025-05-31 12:54:02"
  }
},
{
  "model": "projects.timeractionlog",
  "pk": "eea90cea-380e-430a-92b2-996ced044b11",
  "fields": {
    "assignment": "5dec0fd9-99c7-4caf-85c4-6baa49074f27",
    "team_member": [
      "praveen"
    ],
    "action": "STOP",
    "timestamp": "2025-05-29T18:28:01.810Z",
    "details": "Stopped timer at 2025-05-29 18:28:01, Duration: 00:04"
  }
},
{
  "model": "projects.timeractionlog",
  "pk": "f0fa640f-453b-4e5f-989e-6028f5aa651f",
  "fields": {
    "assignment": "9be64d49-844f-43e7-b10d-d5a53fcdaccb",
    "team_member": [
      "praveen"
    ],
    "action": "START",
    "timestamp": "2025-05-31T01:36:05.684Z",
    "details": "Started timer at 2025-05-31 01:36:05"
  }
},
{
  "model": "projects.timeractionlog",
  "pk": "f2e7daf6-0306-4f6e-a26b-d63bb7a9cf19",
  "fields": {
    "assignment": "58363e49-18a7-4c71-a9a9-5e303d423886",
    "team_member": [
      "praveen"
    ],
    "action": "STOP",
    "timestamp": "2025-06-06T06:33:43.955Z",
    "details": "Stopped timer at 2025-06-06 06:33:43, Duration: 00:00"
  }
},
{
  "model": "projects.timeractionlog",
  "pk": "f9072e5f-5b93-4180-8a8a-d5621f9e9c50",
  "fields": {
    "assignment": "abf27203-9631-46b8-b26c-cf6333c0fcca",
    "team_member": [
      "praveen"
    ],
    "action": "COMPLETE",
    "timestamp": "2025-05-29T17:19:06.652Z",
    "details": "Assignment completed at 2025-05-29 17:19:06"
  }
},
{
  "model": "projects.timeractionlog",
  "pk": "f913646c-c8c4-4f53-ada4-f43d8d04ca84",
  "fields": {
    "assignment": "69028dee-bfe9-4fd0-b509-8342e51dde7e",
    "team_member": [
      "praveen"
    ],
    "action": "COMPLETE",
    "timestamp": "2025-05-27T07:19:11.103Z",
    "details": "Assignment completed at 2025-05-27 07:19:11"
  }
},
{
  "model": "projects.timeractionlog",
  "pk": "fdd1210d-d1ef-4520-aaab-1f1d599f5eb7",
  "fields": {
    "assignment": "58363e49-18a7-4c71-a9a9-5e303d423886",
    "team_member": [
      "praveen"
    ],
    "action": "STOP",
    "timestamp": "2025-06-13T12:24:36.151Z",
    "details": "Stopped timer at 2025-06-13 12:24:36, Duration: 00:01"
  }
},
{
  "model": "projects.timeractionlog",
  "pk": "fdeab20b-670d-48da-a30e-9e3d8798d2fd",
  "fields": {
    "assignment": "d04d7774-2247-4e3a-bf75-965611c7c855",
    "team_member": [
      "praveen"
    ],
    "action": "START",
    "timestamp": "2025-06-15T07:24:33.710Z",
    "details": "Started timer at 2025-06-15 07:24:33"
  }
},
{
  "model": "projects.timeractionlog",
  "pk": "ff7389a4-c6b3-4344-83f2-d84ae3cce6bf",
  "fields": {
    "assignment": "c1dd67a5-01cb-4a0d-8de9-5df7f41a45fc",
    "team_member": [
      "praveen"
    ],
    "action": "MANUAL_ADD",
    "timestamp": "2025-05-27T16:00:41.555Z",
    "details": "Added 01:00 for 2025-05-27, Description: "
  }
},
{
  "model": "projects.timeractionlog",
  "pk": "ffd67ff7-9bbc-44d8-b280-241f0f236518",
  "fields": {
    "assignment": "946b8a1d-6e60-4c6a-ab84-34d9870453ae",
    "team_member": [
      "praveen"
    ],
    "action": "START",
    "timestamp": "2025-06-09T10:22:05.671Z",
    "details": "Started timer at 2025-06-09 10:22:05"
  }
},
{
  "model": "projects.dailyroster",
  "pk": "00a0dcfc-861e-4610-8b0f-2dd8215826fc",
  "fields": {
    "team_member": [
      "praveen"
    ],
    "date": "2025-01-12",
    "status": "WEEK_OFF",
    "misc_hours": 0,
    "misc_description": "",
    "is_auto_created": true,
    "notes": "",
    "created_at": "2025-05-27T16:55:39.301Z",
    "updated_at": "2025-05-27T16:55:39.301Z"
  }
},
{
  "model": "projects.dailyroster",
  "pk": "00d0a12d-a0ff-4464-b50b-9e2b91b2c06f",
  "fields": {
    "team_member": [
      "praveen"
    ],
    "date": "2025-03-20",
    "status": "PRESENT",
    "misc_hours": 0,
    "misc_description": "",
    "is_auto_created": true,
    "notes": "",
    "created_at": "2025-05-27T16:55:26.600Z",
    "updated_at": "2025-05-27T16:55:26.600Z"
  }
},
{
  "model": "projects.dailyroster",
  "pk": "00edc345-874e-4f3f-94ca-31da029275bc",
  "fields": {
    "team_member": [
      "praveen"
    ],
    "date": "2025-01-07",
    "status": "PRESENT",
    "misc_hours": 0,
    "misc_description": "",
    "is_auto_created": true,
    "notes": "",
    "created_at": "2025-05-27T16:55:39.211Z",
    "updated_at": "2025-05-27T16:55:39.211Z"
  }
},
{
  "model": "projects.dailyroster",
  "pk": "010a3b79-e811-4325-aa3f-46f47a2c5ed0",
  "fields": {
    "team_member": [
      "praveen"
    ],
    "date": "2025-07-04",
    "status": "PRESENT",
    "misc_hours": 0,
    "misc_description": "",
    "is_auto_created": true,
    "notes": "",
    "created_at": "2025-05-27T16:55:58.874Z",
    "updated_at": "2025-05-27T16:55:58.874Z"
  }
},
{
  "model": "projects.dailyroster",
  "pk": "0220d131-e2a8-4789-946e-7f7124912422",
  "fields": {
    "team_member": [
      "praveen"
    ],
    "date": "2025-05-31",
    "status": "WEEK_OFF",
    "misc_hours": 0,
    "misc_description": "",
    "is_auto_created": true,
    "notes": "",
    "created_at": "2025-05-27T15:11:03.930Z",
    "updated_at": "2025-06-02T04:07:50.699Z"
  }
},
{
  "model": "projects.dailyroster",
  "pk": "02d622bd-9be8-4772-b84f-49036e9ce208",
  "fields": {
    "team_member": [
      "praveen"
    ],
    "date": "2025-06-17",
    "status": "PRESENT",
    "misc_hours": 0,
    "misc_description": "",
    "is_auto_created": true,
    "notes": "",
    "created_at": "2025-05-27T15:25:28.748Z",
    "updated_at": "2025-05-27T15:25:28.748Z"
  }
},
{
  "model": "projects.dailyroster",
  "pk": "03f576e5-afa0-4002-9599-55ebe8ac58b1",
  "fields": {
    "team_member": [
      "praveen"
    ],
    "date": "2025-04-02",
    "status": "PRESENT",
    "misc_hours": 0,
    "misc_description": "",
    "is_auto_created": true,
    "notes": "",
    "created_at": "2025-05-27T15:12:18.361Z",
    "updated_at": "2025-05-27T15:12:18.361Z"
  }
},
{
  "model": "projects.dailyroster",
  "pk": "043897eb-99ed-46c7-8b4d-be8e6914cee6",
  "fields": {
    "team_member": [
      "praveen"
    ],
    "date": "2025-04-25",
    "status": "PRESENT",
    "misc_hours": 0,
    "misc_description": "",
    "is_auto_created": true,
    "notes": "",
    "created_at": "2025-05-27T15:12:19.259Z",
    "updated_at": "2025-05-27T15:12:19.259Z"
  }
},
{
  "model": "projects.dailyroster",
  "pk": "04491c4e-967a-4e95-b8a8-9dd91e98ebb9",
  "fields": {
    "team_member": [
      "praveen"
    ],
    "date": "2025-08-30",
    "status": "WEEK_OFF",
    "misc_hours": 0,
    "misc_description": "",
    "is_auto_created": true,
    "notes": "",
    "created_at": "2025-05-27T16:56:04.566Z",
    "updated_at": "2025-05-27T16:56:04.566Z"
  }
},
{
  "model": "projects.dailyroster",
  "pk": "04ccc3e6-656a-48b3-ab6c-9a213ffb7175",
  "fields": {
    "team_member": [
      "praveen"
    ],
    "date": "2025-03-11",
    "status": "PRESENT",
    "misc_hours": 0,
    "misc_description": "",
    "is_auto_created": true,
    "notes": "",
    "created_at": "2025-05-27T16:55:26.455Z",
    "updated_at": "2025-05-27T16:55:26.455Z"
  }
},
{
  "model": "projects.dailyroster",
  "pk": "07dce92a-23f0-4e60-895b-a7cb83c339f3",
  "fields": {
    "team_member": [
      "praveen"
    ],
    "date": "2025-07-05",
    "status": "WEEK_OFF",
    "misc_hours": 0,
    "misc_description": "",
    "is_auto_created": true,
    "notes": "",
    "created_at": "2025-05-27T16:55:58.892Z",
    "updated_at": "2025-05-27T16:55:58.892Z"
  }
},
{
  "model": "projects.dailyroster",
  "pk": "090d2d89-8288-471f-85ee-c468fe5bbd27",
  "fields": {
    "team_member": [
      "praveen"
    ],
    "date": "2025-09-28",
    "status": "WEEK_OFF",
    "misc_hours": 0,
    "misc_description": "",
    "is_auto_created": true,
    "notes": "",
    "created_at": "2025-05-27T16:56:56.581Z",
    "updated_at": "2025-05-27T16:56:56.581Z"
  }
},
{
  "model": "projects.dailyroster",
  "pk": "091d48f4-9a74-40da-9e26-6715c3d8104e",
  "fields": {
    "team_member": [
      "praveen"
    ],
    "date": "2025-03-08",
    "status": "WEEK_OFF",
    "misc_hours": 0,
    "misc_description": "",
    "is_auto_created": true,
    "notes": "",
    "created_at": "2025-05-27T16:55:26.395Z",
    "updated_at": "2025-05-27T16:55:26.395Z"
  }
},
{
  "model": "projects.dailyroster",
  "pk": "0989694e-17e1-473f-81c1-249988ac9550",
  "fields": {
    "team_member": [
      "praveen"
    ],
    "date": "2025-10-20",
    "status": "HOLIDAY",
    "misc_hours": 0,
    "misc_description": "",
    "is_auto_created": true,
    "notes": "",
    "created_at": "2025-05-27T16:56:58.842Z",
    "updated_at": "2025-05-27T16:56:58.842Z"
  }
},
{
  "model": "projects.dailyroster",
  "pk": "09b3607f-49a5-4d3e-b45f-ffa2198662d8",
  "fields": {
    "team_member": [
      "praveen"
    ],
    "date": "2025-04-05",
    "status": "WEEK_OFF",
    "misc_hours": 0,
    "misc_description": "",
    "is_auto_created": true,
    "notes": "",
    "created_at": "2025-05-27T15:12:18.463Z",
    "updated_at": "2025-05-27T15:12:18.463Z"
  }
},
{
  "model": "projects.dailyroster",
  "pk": "0f61dac8-75cb-4f1c-a9f6-a2863b11f602",
  "fields": {
    "team_member": [
      "praveen"
    ],
    "date": "2025-03-19",
    "status": "PRESENT",
    "misc_hours": 0,
    "misc_description": "",
    "is_auto_created": true,
    "notes": "",
    "created_at": "2025-05-27T16:55:26.585Z",
    "updated_at": "2025-05-27T16:55:26.585Z"
  }
},
{
  "model": "projects.dailyroster",
  "pk": "10fe3230-63c8-40a7-a35c-025e62696def",
  "fields": {
    "team_member": [
      "praveen"
    ],
    "date": "2025-03-02",
    "status": "WEEK_OFF",
    "misc_hours": 0,
    "misc_description": "",
    "is_auto_created": true,
    "notes": "",
    "created_at": "2025-05-27T16:55:26.239Z",
    "updated_at": "2025-05-27T16:55:26.239Z"
  }
},
{
  "model": "projects.dailyroster",
  "pk": "11c4db4f-c42c-4ed6-9887-8418d778b1ff",
  "fields": {
    "team_member": [
      "praveen"
    ],
    "date": "2025-07-17",
    "status": "PRESENT",
    "misc_hours": 0,
    "misc_description": "",
    "is_auto_created": true,
    "notes": "",
    "created_at": "2025-05-27T16:55:59.097Z",
    "updated_at": "2025-05-27T16:55:59.097Z"
  }
},
{
  "model": "projects.dailyroster",
  "pk": "1234300f-9179-472d-857b-558ab438d4a3",
  "fields": {
    "team_member": [
      "praveen"
    ],
    "date": "2025-02-08",
    "status": "WEEK_OFF",
    "misc_hours": 0,
    "misc_description": "",
    "is_auto_created": true,
    "notes": "",
    "created_at": "2025-05-27T16:55:36.376Z",
    "updated_at": "2025-05-27T16:55:36.376Z"
  }
},
{
  "model": "projects.dailyroster",
  "pk": "12ffd9f8-0001-4b4c-97b8-d1d70e98d358",
  "fields": {
    "team_member": [
      "praveen"
    ],
    "date": "2025-04-14",
    "status": "PRESENT",
    "misc_hours": 0,
    "misc_description": "",
    "is_auto_created": true,
    "notes": "",
    "created_at": "2025-05-27T15:12:18.846Z",
    "updated_at": "2025-05-27T15:12:18.846Z"
  }
},
{
  "model": "projects.dailyroster",
  "pk": "1367518f-1b8b-4fe1-b237-6190c2f945c0",
  "fields": {
    "team_member": [
      "praveen"
    ],
    "date": "2025-03-16",
    "status": "WEEK_OFF",
    "misc_hours": 0,
    "misc_description": "",
    "is_auto_created": true,
    "notes": "",
    "created_at": "2025-05-27T16:55:26.536Z",
    "updated_at": "2025-05-27T16:55:26.536Z"
  }
},
{
  "model": "projects.dailyroster",
  "pk": "13d0bf56-3339-4bd8-9a87-ecddd59d4791",
  "fields": {
    "team_member": [
      "praveen"
    ],
    "date": "2025-10-07",
    "status": "PRESENT",
    "misc_hours": 0,
    "misc_description": "",
    "is_auto_created": true,
    "notes": "",
    "created_at": "2025-05-27T16:56:58.469Z",
    "updated_at": "2025-05-27T16:56:58.469Z"
  }
},
{
  "model": "projects.dailyroster",
  "pk": "14b579d9-90ae-444d-859a-a21533d78ad7",
  "fields": {
    "team_member": [
      "praveen"
    ],
    "date": "2025-02-27",
    "status": "PRESENT",
    "misc_hours": 0,
    "misc_description": "",
    "is_auto_created": true,
    "notes": "",
    "created_at": "2025-05-27T16:55:36.681Z",
    "updated_at": "2025-05-27T16:55:36.681Z"
  }
},
{
  "model": "projects.dailyroster",
  "pk": "15e27e23-e45f-4e4f-9a0d-97d03fef7679",
  "fields": {
    "team_member": [
      "praveen"
    ],
    "date": "2025-04-22",
    "status": "PRESENT",
    "misc_hours": 0,
    "misc_description": "",
    "is_auto_created": true,
    "notes": "",
    "created_at": "2025-05-27T15:12:19.162Z",
    "updated_at": "2025-05-27T15:12:19.162Z"
  }
},
{
  "model": "projects.dailyroster",
  "pk": "16df89ba-be02-4f27-a7aa-bc178403d366",
  "fields": {
    "team_member": [
      "praveen"
    ],
    "date": "2025-09-03",
    "status": "PRESENT",
    "misc_hours": 0,
    "misc_description": "",
    "is_auto_created": true,
    "notes": "",
    "created_at": "2025-05-27T16:56:55.826Z",
    "updated_at": "2025-05-27T16:56:55.826Z"
  }
},
{
  "model": "projects.dailyroster",
  "pk": "18039c68-adb7-4410-a8f7-58e65624f3a6",
  "fields": {
    "team_member": [
      "praveen"
    ],
    "date": "2025-10-17",
    "status": "PRESENT",
    "misc_hours": 0,
    "misc_description": "",
    "is_auto_created": true,
    "notes": "",
    "created_at": "2025-05-27T16:56:58.757Z",
    "updated_at": "2025-05-27T16:56:58.757Z"
  }
},
{
  "model": "projects.dailyroster",
  "pk": "18758929-31b3-4e67-9ddf-5085fdec1949",
  "fields": {
    "team_member": [
      "praveen"
    ],
    "date": "2025-05-15",
    "status": "PRESENT",
    "misc_hours": 0,
    "misc_description": "",
    "is_auto_created": true,
    "notes": "",
    "created_at": "2025-05-27T15:11:03.363Z",
    "updated_at": "2025-05-27T15:11:03.363Z"
  }
},
{
  "model": "projects.dailyroster",
  "pk": "1885f33b-e2bf-459c-8f06-d7212df0006e",
  "fields": {
    "team_member": [
      "praveen"
    ],
    "date": "2025-10-11",
    "status": "WEEK_OFF",
    "misc_hours": 0,
    "misc_description": "",
    "is_auto_created": true,
    "notes": "",
    "created_at": "2025-05-27T16:56:58.580Z",
    "updated_at": "2025-05-27T16:56:58.581Z"
  }
},
{
  "model": "projects.dailyroster",
  "pk": "19ffc6eb-39f2-4435-94db-8371cdd3735a",
  "fields": {
    "team_member": [
      "praveen"
    ],
    "date": "2025-09-10",
    "status": "PRESENT",
    "misc_hours": 0,
    "misc_description": "",
    "is_auto_created": true,
    "notes": "",
    "created_at": "2025-05-27T16:56:56.053Z",
    "updated_at": "2025-05-27T16:56:56.053Z"
  }
},
{
  "model": "projects.dailyroster",
  "pk": "1a7f34b5-0f0e-41a4-a509-82d0602717b1",
  "fields": {
    "team_member": [
      "praveen"
    ],
    "date": "2025-06-25",
    "status": "PRESENT",
    "misc_hours": 0,
    "misc_description": "",
    "is_auto_created": true,
    "notes": "",
    "created_at": "2025-05-27T15:25:28.867Z",
    "updated_at": "2025-05-27T15:25:28.867Z"
  }
},
{
  "model": "projects.dailyroster",
  "pk": "1c7380b7-3ab2-4550-85a5-399ea9a6ca14",
  "fields": {
    "team_member": [
      "praveen"
    ],
    "date": "2025-06-21",
    "status": "WEEK_OFF",
    "misc_hours": 0,
    "misc_description": "",
    "is_auto_created": true,
    "notes": "",
    "created_at": "2025-05-27T15:25:28.807Z",
    "updated_at": "2025-05-27T15:25:28.807Z"
  }
},
{
  "model": "projects.dailyroster",
  "pk": "1dca8aac-bda7-4160-8987-459650928204",
  "fields": {
    "team_member": [
      "praveen"
    ],
    "date": "2025-07-12",
    "status": "WEEK_OFF",
    "misc_hours": 0,
    "misc_description": "",
    "is_auto_created": true,
    "notes": "",
    "created_at": "2025-05-27T16:55:59.016Z",
    "updated_at": "2025-05-27T16:55:59.016Z"
  }
},
{
  "model": "projects.dailyroster",
  "pk": "1f021745-a8b3-4dbb-8218-9c8560edf931",
  "fields": {
    "team_member": [
      "praveen"
    ],
    "date": "2025-05-25",
    "status": "WEEK_OFF",
    "misc_hours": 0,
    "misc_description": "",
    "is_auto_created": true,
    "notes": "",
    "created_at": "2025-05-27T15:11:03.721Z",
    "updated_at": "2025-05-27T15:11:03.721Z"
  }
},
{
  "model": "projects.dailyroster",
  "pk": "1f22bdb1-9aa2-4818-b0e1-c0fe911024f8",
  "fields": {
    "team_member": [
      "praveen"
    ],
    "date": "2025-07-21",
    "status": "PRESENT",
    "misc_hours": 0,
    "misc_description": "",
    "is_auto_created": true,
    "notes": "",
    "created_at": "2025-05-27T16:55:59.164Z",
    "updated_at": "2025-05-27T16:55:59.164Z"
  }
},
{
  "model": "projects.dailyroster",
  "pk": "1f2e5d2e-575b-4005-9251-36cbf0553cbc",
  "fields": {
    "team_member": [
      "praveen"
    ],
    "date": "2025-07-07",
    "status": "PRESENT",
    "misc_hours": 0,
    "misc_description": "",
    "is_auto_created": true,
    "notes": "",
    "created_at": "2025-05-27T16:55:58.930Z",
    "updated_at": "2025-05-27T16:55:58.930Z"
  }
},
{
  "model": "projects.dailyroster",
  "pk": "216c0d80-b8c1-41b6-abeb-1de6104d297f",
  "fields": {
    "team_member": [
      "praveen"
    ],
    "date": "2025-03-31",
    "status": "HOLIDAY",
    "misc_hours": 0,
    "misc_description": "",
    "is_auto_created": true,
    "notes": "",
    "created_at": "2025-05-27T16:55:26.775Z",
    "updated_at": "2025-05-27T16:55:26.775Z"
  }
},
{
  "model": "projects.dailyroster",
  "pk": "22973eca-88c6-4c31-b075-39bcffc0875a",
  "fields": {
    "team_member": [
      "praveen"
    ],
    "date": "2025-08-20",
    "status": "PRESENT",
    "misc_hours": 0,
    "misc_description": "",
    "is_auto_created": true,
    "notes": "",
    "created_at": "2025-05-27T16:56:04.401Z",
    "updated_at": "2025-05-27T16:56:04.401Z"
  }
},
{
  "model": "projects.dailyroster",
  "pk": "236c5cb0-ef2d-4c35-9dda-0a00e34061cf",
  "fields": {
    "team_member": [
      "praveen"
    ],
    "date": "2025-10-01",
    "status": "PRESENT",
    "misc_hours": 0,
    "misc_description": "",
    "is_auto_created": true,
    "notes": "",
    "created_at": "2025-05-27T16:56:58.223Z",
    "updated_at": "2025-05-27T16:56:58.223Z"
  }
},
{
  "model": "projects.dailyroster",
  "pk": "243ed62b-25bd-4437-a6a7-246a28a678ea",
  "fields": {
    "team_member": [
      "praveen"
    ],
    "date": "2025-10-28",
    "status": "PRESENT",
    "misc_hours": 0,
    "misc_description": "",
    "is_auto_created": true,
    "notes": "",
    "created_at": "2025-05-27T16:56:59.082Z",
    "updated_at": "2025-05-27T16:56:59.082Z"
  }
},
{
  "model": "projects.dailyroster",
  "pk": "2522cc6b-6c0c-4ba3-9c3e-dd5d78ea869e",
  "fields": {
    "team_member": [
      "praveen"
    ],
    "date": "2025-08-15",
    "status": "HOLIDAY",
    "misc_hours": 0,
    "misc_description": "",
    "is_auto_created": true,
    "notes": "",
    "created_at": "2025-05-27T16:56:04.320Z",
    "updated_at": "2025-05-27T16:56:04.320Z"
  }
},
{
  "model": "projects.dailyroster",
  "pk": "2549ab80-82ab-4748-b0a2-671810f1449d",
  "fields": {
    "team_member": [
      "praveen"
    ],
    "date": "2025-02-13",
    "status": "PRESENT",
    "misc_hours": 0,
    "misc_description": "",
    "is_auto_created": true,
    "notes": "",
    "created_at": "2025-05-27T16:55:36.457Z",
    "updated_at": "2025-05-27T16:55:36.457Z"
  }
},
{
  "model": "projects.dailyroster",
  "pk": "265b0b1e-770b-4a75-863a-7539f2531975",
  "fields": {
    "team_member": [
      "praveen"
    ],
    "date": "2025-09-09",
    "status": "PRESENT",
    "misc_hours": 0,
    "misc_description": "",
    "is_auto_created": true,
    "notes": "",
    "created_at": "2025-05-27T16:56:56.019Z",
    "updated_at": "2025-05-27T16:56:56.019Z"
  }
},
{
  "model": "projects.dailyroster",
  "pk": "26b87b20-06f0-4c4a-869b-1dda82d9b428",
  "fields": {
    "team_member": [
      "praveen"
    ],
    "date": "2025-05-06",
    "status": "PRESENT",
    "misc_hours": 0,
    "misc_description": "",
    "is_auto_created": true,
    "notes": "",
    "created_at": "2025-05-27T15:11:02.962Z",
    "updated_at": "2025-05-27T15:11:02.963Z"
  }
},
{
  "model": "projects.dailyroster",
  "pk": "28253ac0-e228-4644-a45b-677a851bcea2",
  "fields": {
    "team_member": [
      "praveen"
    ],
    "date": "2025-05-05",
    "status": "PRESENT",
    "misc_hours": 0,
    "misc_description": "",
    "is_auto_created": true,
    "notes": "",
    "created_at": "2025-05-27T15:11:02.927Z",
    "updated_at": "2025-05-27T15:11:02.927Z"
  }
},
{
  "model": "projects.dailyroster",
  "pk": "2835f2b9-cc21-4aee-b882-437cb9eb18ee",
  "fields": {
    "team_member": [
      "praveen"
    ],
    "date": "2025-03-27",
    "status": "PRESENT",
    "misc_hours": 0,
    "misc_description": "",
    "is_auto_created": true,
    "notes": "",
    "created_at": "2025-05-27T16:55:26.713Z",
    "updated_at": "2025-05-27T16:55:26.713Z"
  }
},
{
  "model": "projects.dailyroster",
  "pk": "297c96cb-c3f2-47aa-b249-60ba1810cced",
  "fields": {
    "team_member": [
      "praveen"
    ],
    "date": "2025-07-14",
    "status": "PRESENT",
    "misc_hours": 0,
    "misc_description": "",
    "is_auto_created": true,
    "notes": "",
    "created_at": "2025-05-27T16:55:59.050Z",
    "updated_at": "2025-05-27T16:55:59.050Z"
  }
},
{
  "model": "projects.dailyroster",
  "pk": "298452e0-2923-4287-8c86-b5c69f0a58c5",
  "fields": {
    "team_member": [
      "praveen"
    ],
    "date": "2025-01-31",
    "status": "PRESENT",
    "misc_hours": 0,
    "misc_description": "",
    "is_auto_created": true,
    "notes": "",
    "created_at": "2025-05-27T16:55:39.605Z",
    "updated_at": "2025-05-27T16:55:39.605Z"
  }
},
{
  "model": "projects.dailyroster",
  "pk": "2acf6ebe-c32f-4cbf-a5df-eca3642b3fd4",
  "fields": {
    "team_member": [
      "praveen"
    ],
    "date": "2025-07-28",
    "status": "PRESENT",
    "misc_hours": 0,
    "misc_description": "",
    "is_auto_created": true,
    "notes": "",
    "created_at": "2025-05-27T16:55:59.276Z",
    "updated_at": "2025-05-27T16:55:59.276Z"
  }
},
{
  "model": "projects.dailyroster",
  "pk": "2bb5a736-2ff0-4c86-830a-95c150349a32",
  "fields": {
    "team_member": [
      "praveen"
    ],
    "date": "2025-10-15",
    "status": "PRESENT",
    "misc_hours": 0,
    "misc_description": "",
    "is_auto_created": true,
    "notes": "",
    "created_at": "2025-05-27T16:56:58.704Z",
    "updated_at": "2025-05-27T16:56:58.704Z"
  }
},
{
  "model": "projects.dailyroster",
  "pk": "2bd0829f-101c-4181-a044-1bf03c217d26",
  "fields": {
    "team_member": [
      "praveen"
    ],
    "date": "2025-01-20",
    "status": "PRESENT",
    "misc_hours": 0,
    "misc_description": "",
    "is_auto_created": true,
    "notes": "",
    "created_at": "2025-05-27T16:55:39.434Z",
    "updated_at": "2025-05-27T16:55:39.434Z"
  }
},
{
  "model": "projects.dailyroster",
  "pk": "2c38f107-765f-4ada-bb9d-c077bada747b",
  "fields": {
    "team_member": [
      "praveen"
    ],
    "date": "2025-09-02",
    "status": "PRESENT",
    "misc_hours": 0,
    "misc_description": "",
    "is_auto_created": true,
    "notes": "",
    "created_at": "2025-05-27T16:56:55.793Z",
    "updated_at": "2025-05-27T16:56:55.794Z"
  }
},
{
  "model": "projects.dailyroster",
  "pk": "2cbdfbe4-ca70-47a6-b3f2-371fc77c85ee",
  "fields": {
    "team_member": [
      "praveen"
    ],
    "date": "2025-08-04",
    "status": "PRESENT",
    "misc_hours": 0,
    "misc_description": "",
    "is_auto_created": true,
    "notes": "",
    "created_at": "2025-05-27T16:56:04.119Z",
    "updated_at": "2025-05-27T16:56:04.119Z"
  }
},
{
  "model": "projects.dailyroster",
  "pk": "2dd653c7-9024-4cfc-8a98-2ea9e0944f5c",
  "fields": {
    "team_member": [
      "praveen"
    ],
    "date": "2025-07-27",
    "status": "WEEK_OFF",
    "misc_hours": 0,
    "misc_description": "",
    "is_auto_created": true,
    "notes": "",
    "created_at": "2025-05-27T16:55:59.260Z",
    "updated_at": "2025-05-27T16:55:59.260Z"
  }
},
{
  "model": "projects.dailyroster",
  "pk": "2ece594b-371e-4826-824e-e24c16ca71e1",
  "fields": {
    "team_member": [
      "praveen"
    ],
    "date": "2025-06-19",
    "status": "LEAVE",
    "misc_hours": 0,
    "misc_description": "",
    "is_auto_created": false,
    "notes": "",
    "created_at": "2025-05-27T15:25:28.780Z",
    "updated_at": "2025-06-09T10:29:09.190Z"
  }
},
{
  "model": "projects.dailyroster",
  "pk": "2efc765a-fa96-4c6e-acbb-6f97a6b65fbc",
  "fields": {
    "team_member": [
      "praveen"
    ],
    "date": "2025-10-14",
    "status": "PRESENT",
    "misc_hours": 0,
    "misc_description": "",
    "is_auto_created": true,
    "notes": "",
    "created_at": "2025-05-27T16:56:58.675Z",
    "updated_at": "2025-05-27T16:56:58.675Z"
  }
},
{
  "model": "projects.dailyroster",
  "pk": "2fb84ae7-0542-4ea9-a982-cb7e57e49aa9",
  "fields": {
    "team_member": [
      "praveen"
    ],
    "date": "2025-06-05",
    "status": "PRESENT",
    "misc_hours": 0,
    "misc_description": "",
    "is_auto_created": true,
    "notes": "",
    "created_at": "2025-05-27T15:25:28.568Z",
    "updated_at": "2025-06-06T07:59:32.459Z"
  }
},
{
  "model": "projects.dailyroster",
  "pk": "3003aadf-0e8e-4c9c-badd-0461f952980e",
  "fields": {
    "team_member": [
      "praveen"
    ],
    "date": "2025-08-10",
    "status": "WEEK_OFF",
    "misc_hours": 0,
    "misc_description": "",
    "is_auto_created": true,
    "notes": "",
    "created_at": "2025-05-27T16:56:04.236Z",
    "updated_at": "2025-05-27T16:56:04.236Z"
  }
},
{
  "model": "projects.dailyroster",
  "pk": "30045109-75a3-4d35-904a-9e1e83235685",
  "fields": {
    "team_member": [
      "praveen"
    ],
    "date": "2025-05-19",
    "status": "PRESENT",
    "misc_hours": 0,
    "misc_description": "",
    "is_auto_created": true,
    "notes": "",
    "created_at": "2025-05-27T15:11:03.516Z",
    "updated_at": "2025-05-27T15:11:03.516Z"
  }
},
{
  "model": "projects.dailyroster",
  "pk": "3138d8f5-9a50-4853-af13-38fd14d726fc",
  "fields": {
    "team_member": [
      "praveen"
    ],
    "date": "2025-09-18",
    "status": "PRESENT",
    "misc_hours": 0,
    "misc_description": "",
    "is_auto_created": true,
    "notes": "",
    "created_at": "2025-05-27T16:56:56.286Z",
    "updated_at": "2025-05-27T16:56:56.286Z"
  }
},
{
  "model": "projects.dailyroster",
  "pk": "3226cca6-531c-4a32-9217-4f106ca70f88",
  "fields": {
    "team_member": [
      "praveen"
    ],
    "date": "2025-01-27",
    "status": "PRESENT",
    "misc_hours": 0,
    "misc_description": "",
    "is_auto_created": true,
    "notes": "",
    "created_at": "2025-05-27T16:55:39.545Z",
    "updated_at": "2025-05-27T16:55:39.545Z"
  }
},
{
  "model": "projects.dailyroster",
  "pk": "323ac365-b7db-4672-92c6-7dbbbbb0d0ab",
  "fields": {
    "team_member": [
      "praveen"
    ],
    "date": "2025-05-20",
    "status": "PRESENT",
    "misc_hours": 0,
    "misc_description": "",
    "is_auto_created": true,
    "notes": "",
    "created_at": "2025-05-27T15:11:03.552Z",
    "updated_at": "2025-05-27T15:11:03.552Z"
  }
},
{
  "model": "projects.dailyroster",
  "pk": "355e1f39-d5bf-446a-b73c-9cf8c9678ef9",
  "fields": {
    "team_member": [
      "praveen"
    ],
    "date": "2025-01-30",
    "status": "PRESENT",
    "misc_hours": 0,
    "misc_description": "",
    "is_auto_created": true,
    "notes": "",
    "created_at": "2025-05-27T16:55:39.589Z",
    "updated_at": "2025-05-27T16:55:39.589Z"
  }
},
{
  "model": "projects.dailyroster",
  "pk": "375d1186-7732-450c-b90a-f6a9b3488577",
  "fields": {
    "team_member": [
      "praveen"
    ],
    "date": "2025-08-25",
    "status": "PRESENT",
    "misc_hours": 0,
    "misc_description": "",
    "is_auto_created": true,
    "notes": "",
    "created_at": "2025-05-27T16:56:04.485Z",
    "updated_at": "2025-05-27T16:56:04.485Z"
  }
},
{
  "model": "projects.dailyroster",
  "pk": "39403a43-9306-4cd4-a0c4-5357ce7b85cd",
  "fields": {
    "team_member": [
      "praveen"
    ],
    "date": "2025-03-22",
    "status": "WEEK_OFF",
    "misc_hours": 0,
    "misc_description": "",
    "is_auto_created": true,
    "notes": "",
    "created_at": "2025-05-27T16:55:26.630Z",
    "updated_at": "2025-05-27T16:55:26.630Z"
  }
},
{
  "model": "projects.dailyroster",
  "pk": "3ad86e63-5c43-4a22-8cdb-84889cd46beb",
  "fields": {
    "team_member": [
      "praveen"
    ],
    "date": "2025-10-22",
    "status": "PRESENT",
    "misc_hours": 0,
    "misc_description": "",
    "is_auto_created": true,
    "notes": "",
    "created_at": "2025-05-27T16:56:58.895Z",
    "updated_at": "2025-05-27T16:56:58.895Z"
  }
},
{
  "model": "projects.dailyroster",
  "pk": "3b72efbb-cd81-4bff-9c2d-0af3358148e5",
  "fields": {
    "team_member": [
      "praveen"
    ],
    "date": "2025-08-23",
    "status": "WEEK_OFF",
    "misc_hours": 0,
    "misc_description": "",
    "is_auto_created": true,
    "notes": "",
    "created_at": "2025-05-27T16:56:04.454Z",
    "updated_at": "2025-05-27T16:56:04.454Z"
  }
},
{
  "model": "projects.dailyroster",
  "pk": "3ea471fa-c67f-44f4-a4d1-f79110f05278",
  "fields": {
    "team_member": [
      "praveen"
    ],
    "date": "2025-10-26",
    "status": "WEEK_OFF",
    "misc_hours": 0,
    "misc_description": "",
    "is_auto_created": true,
    "notes": "",
    "created_at": "2025-05-27T16:56:59.021Z",
    "updated_at": "2025-05-27T16:56:59.021Z"
  }
},
{
  "model": "projects.dailyroster",
  "pk": "409faf0c-27a8-46e4-b9cf-21c53200b0c0",
  "fields": {
    "team_member": [
      "praveen"
    ],
    "date": "2025-04-20",
    "status": "WEEK_OFF",
    "misc_hours": 0,
    "misc_description": "",
    "is_auto_created": true,
    "notes": "",
    "created_at": "2025-05-27T15:12:19.106Z",
    "updated_at": "2025-05-27T15:12:19.106Z"
  }
},
{
  "model": "projects.dailyroster",
  "pk": "4198a3fa-ea89-4877-a112-249b9671c726",
  "fields": {
    "team_member": [
      "praveen"
    ],
    "date": "2025-07-26",
    "status": "WEEK_OFF",
    "misc_hours": 0,
    "misc_description": "",
    "is_auto_created": true,
    "notes": "",
    "created_at": "2025-05-27T16:55:59.245Z",
    "updated_at": "2025-05-27T16:55:59.245Z"
  }
},
{
  "model": "projects.dailyroster",
  "pk": "43f6f96c-5888-4474-a084-ad0659e32a6b",
  "fields": {
    "team_member": [
      "praveen"
    ],
    "date": "2025-09-19",
    "status": "PRESENT",
    "misc_hours": 0,
    "misc_description": "",
    "is_auto_created": true,
    "notes": "",
    "created_at": "2025-05-27T16:56:56.314Z",
    "updated_at": "2025-05-27T16:56:56.314Z"
  }
},
{
  "model": "projects.dailyroster",
  "pk": "44154169-03b4-41e8-8e88-17d50160f00e",
  "fields": {
    "team_member": [
      "praveen"
    ],
    "date": "2025-09-08",
    "status": "PRESENT",
    "misc_hours": 0,
    "misc_description": "",
    "is_auto_created": true,
    "notes": "",
    "created_at": "2025-05-27T16:56:55.990Z",
    "updated_at": "2025-05-27T16:56:55.990Z"
  }
},
{
  "model": "projects.dailyroster",
  "pk": "44509947-7789-4b78-8d22-413b0e2738c8",
  "fields": {
    "team_member": [
      "praveen"
    ],
    "date": "2025-10-31",
    "status": "PRESENT",
    "misc_hours": 0,
    "misc_description": "",
    "is_auto_created": true,
    "notes": "",
    "created_at": "2025-05-27T16:56:59.185Z",
    "updated_at": "2025-05-27T16:56:59.185Z"
  }
},
{
  "model": "projects.dailyroster",
  "pk": "45106a1e-4a9b-4360-b553-104fabb8227b",
  "fields": {
    "team_member": [
      "praveen"
    ],
    "date": "2025-10-23",
    "status": "PRESENT",
    "misc_hours": 0,
    "misc_description": "",
    "is_auto_created": true,
    "notes": "",
    "created_at": "2025-05-27T16:56:58.925Z",
    "updated_at": "2025-05-27T16:56:58.925Z"
  }
},
{
  "model": "projects.dailyroster",
  "pk": "451f805d-e947-4b92-9c9b-7bb6663d427f",
  "fields": {
    "team_member": [
      "praveen"
    ],
    "date": "2025-02-10",
    "status": "PRESENT",
    "misc_hours": 0,
    "misc_description": "",
    "is_auto_created": true,
    "notes": "",
    "created_at": "2025-05-27T16:55:36.412Z",
    "updated_at": "2025-05-27T16:55:36.412Z"
  }
},
{
  "model": "projects.dailyroster",
  "pk": "45721ecd-103d-4fc8-a27f-b275e9d61381",
  "fields": {
    "team_member": [
      "praveen"
    ],
    "date": "2025-10-10",
    "status": "PRESENT",
    "misc_hours": 0,
    "misc_description": "",
    "is_auto_created": true,
    "notes": "",
    "created_at": "2025-05-27T16:56:58.551Z",
    "updated_at": "2025-05-27T16:56:58.551Z"
  }
},
{
  "model": "projects.dailyroster",
  "pk": "465e0380-2919-4394-b561-e04ec9490b09",
  "fields": {
    "team_member": [
      "praveen"
    ],
    "date": "2025-03-29",
    "status": "WEEK_OFF",
    "misc_hours": 0,
    "misc_description": "",
    "is_auto_created": true,
    "notes": "",
    "created_at": "2025-05-27T16:55:26.743Z",
    "updated_at": "2025-05-27T16:55:26.743Z"
  }
},
{
  "model": "projects.dailyroster",
  "pk": "46651406-3e55-4e56-9157-51c64f03e1e8",
  "fields": {
    "team_member": [
      "praveen"
    ],
    "date": "2025-07-08",
    "status": "PRESENT",
    "misc_hours": 0,
    "misc_description": "",
    "is_auto_created": true,
    "notes": "",
    "created_at": "2025-05-27T16:55:58.947Z",
    "updated_at": "2025-05-27T16:55:58.947Z"
  }
},
{
  "model": "projects.dailyroster",
  "pk": "4964eaf6-a5a9-44c5-ba95-749df9388cd5",
  "fields": {
    "team_member": [
      "praveen"
    ],
    "date": "2025-02-14",
    "status": "PRESENT",
    "misc_hours": 0,
    "misc_description": "",
    "is_auto_created": true,
    "notes": "",
    "created_at": "2025-05-27T16:55:36.473Z",
    "updated_at": "2025-05-27T16:55:36.473Z"
  }
},
{
  "model": "projects.dailyroster",
  "pk": "497eb713-10f2-40a5-929f-07b7fc323a19",
  "fields": {
    "team_member": [
      "praveen"
    ],
    "date": "2025-06-22",
    "status": "WEEK_OFF",
    "misc_hours": 0,
    "misc_description": "",
    "is_auto_created": true,
    "notes": "",
    "created_at": "2025-05-27T15:25:28.820Z",
    "updated_at": "2025-05-27T15:25:28.820Z"
  }
},
{
  "model": "projects.dailyroster",
  "pk": "49847e1d-4d9e-4e1f-af09-41bfe203c71d",
  "fields": {
    "team_member": [
      "praveen"
    ],
    "date": "2025-05-12",
    "status": "PRESENT",
    "misc_hours": 0,
    "misc_description": "",
    "is_auto_created": true,
    "notes": "",
    "created_at": "2025-05-27T15:11:03.228Z",
    "updated_at": "2025-05-27T15:11:03.228Z"
  }
},
{
  "model": "projects.dailyroster",
  "pk": "4babcb20-3142-403a-bcb7-7f6313910a09",
  "fields": {
    "team_member": [
      "praveen"
    ],
    "date": "2025-06-29",
    "status": "WEEK_OFF",
    "misc_hours": 0,
    "misc_description": "",
    "is_auto_created": true,
    "notes": "",
    "created_at": "2025-05-27T15:25:28.919Z",
    "updated_at": "2025-05-27T15:25:28.919Z"
  }
},
{
  "model": "projects.dailyroster",
  "pk": "4d3d6675-f3c1-4b9c-9831-99a8d33e5832",
  "fields": {
    "team_member": [
      "praveen"
    ],
    "date": "2025-06-30",
    "status": "PRESENT",
    "misc_hours": 0,
    "misc_description": "",
    "is_auto_created": true,
    "notes": "",
    "created_at": "2025-05-27T15:25:28.932Z",
    "updated_at": "2025-05-27T15:25:28.932Z"
  }
},
{
  "model": "projects.dailyroster",
  "pk": "4dc976cb-ecce-4eb8-8531-9e52d4af6de5",
  "fields": {
    "team_member": [
      "praveen"
    ],
    "date": "2025-01-06",
    "status": "PRESENT",
    "misc_hours": 0,
    "misc_description": "",
    "is_auto_created": true,
    "notes": "",
    "created_at": "2025-05-27T16:55:39.192Z",
    "updated_at": "2025-05-27T16:55:39.192Z"
  }
},
{
  "model": "projects.dailyroster",
  "pk": "4e0889b3-6def-488f-9382-c138b552a0dc",
  "fields": {
    "team_member": [
      "praveen"
    ],
    "date": "2025-08-28",
    "status": "PRESENT",
    "misc_hours": 0,
    "misc_description": "",
    "is_auto_created": true,
    "notes": "",
    "created_at": "2025-05-27T16:56:04.532Z",
    "updated_at": "2025-05-27T16:56:04.533Z"
  }
},
{
  "model": "projects.dailyroster",
  "pk": "4ec1173b-61af-4151-978f-1a8efa9cb15b",
  "fields": {
    "team_member": [
      "praveen"
    ],
    "date": "2025-01-29",
    "status": "PRESENT",
    "misc_hours": 0,
    "misc_description": "",
    "is_auto_created": true,
    "notes": "",
    "created_at": "2025-05-27T16:55:39.575Z",
    "updated_at": "2025-05-27T16:55:39.575Z"
  }
},
{
  "model": "projects.dailyroster",
  "pk": "50b01775-666e-4057-a6b1-520c8a628112",
  "fields": {
    "team_member": [
      "praveen"
    ],
    "date": "2025-04-10",
    "status": "PRESENT",
    "misc_hours": 0,
    "misc_description": "",
    "is_auto_created": true,
    "notes": "",
    "created_at": "2025-05-27T15:12:18.680Z",
    "updated_at": "2025-05-27T15:12:18.681Z"
  }
},
{
  "model": "projects.dailyroster",
  "pk": "51cff5b8-0b7b-4c5a-b4f8-a39b250349cc",
  "fields": {
    "team_member": [
      "praveen"
    ],
    "date": "2025-02-23",
    "status": "WEEK_OFF",
    "misc_hours": 0,
    "misc_description": "",
    "is_auto_created": true,
    "notes": "",
    "created_at": "2025-05-27T16:55:36.618Z",
    "updated_at": "2025-05-27T16:55:36.618Z"
  }
},
{
  "model": "projects.dailyroster",
  "pk": "5202afa8-842f-4e41-86cb-3959561a768e",
  "fields": {
    "team_member": [
      "praveen"
    ],
    "date": "2025-04-04",
    "status": "PRESENT",
    "misc_hours": 0,
    "misc_description": "",
    "is_auto_created": true,
    "notes": "",
    "created_at": "2025-05-27T15:12:18.433Z",
    "updated_at": "2025-05-27T15:12:18.433Z"
  }
},
{
  "model": "projects.dailyroster",
  "pk": "52502a35-dc58-443f-a67e-efc05a845536",
  "fields": {
    "team_member": [
      "praveen"
    ],
    "date": "2025-04-26",
    "status": "WEEK_OFF",
    "misc_hours": 0,
    "misc_description": "",
    "is_auto_created": true,
    "notes": "",
    "created_at": "2025-05-27T15:12:19.293Z",
    "updated_at": "2025-05-27T15:12:19.294Z"
  }
},
{
  "model": "projects.dailyroster",
  "pk": "52568ec1-12b0-4d13-b730-49d4a91105bf",
  "fields": {
    "team_member": [
      "praveen"
    ],
    "date": "2025-05-04",
    "status": "WEEK_OFF",
    "misc_hours": 0,
    "misc_description": "",
    "is_auto_created": true,
    "notes": "",
    "created_at": "2025-05-27T15:11:02.890Z",
    "updated_at": "2025-05-27T15:11:02.890Z"
  }
},
{
  "model": "projects.dailyroster",
  "pk": "52c86725-d8ed-4939-8115-d3aad3c089fa",
  "fields": {
    "team_member": [
      "praveen"
    ],
    "date": "2025-10-06",
    "status": "PRESENT",
    "misc_hours": 0,
    "misc_description": "",
    "is_auto_created": true,
    "notes": "",
    "created_at": "2025-05-27T16:56:58.443Z",
    "updated_at": "2025-05-27T16:56:58.443Z"
  }
},
{
  "model": "projects.dailyroster",
  "pk": "53c3db8b-a408-42b3-9f17-ddef0745bce9",
  "fields": {
    "team_member": [
      "praveen"
    ],
    "date": "2025-06-20",
    "status": "PRESENT",
    "misc_hours": 0,
    "misc_description": "",
    "is_auto_created": true,
    "notes": "",
    "created_at": "2025-05-27T15:25:28.795Z",
    "updated_at": "2025-05-27T15:25:28.795Z"
  }
},
{
  "model": "projects.dailyroster",
  "pk": "541e539f-b7ac-4975-a8f9-6e6c05c17a8a",
  "fields": {
    "team_member": [
      "praveen"
    ],
    "date": "2025-08-16",
    "status": "HOLIDAY",
    "misc_hours": 0,
    "misc_description": "",
    "is_auto_created": true,
    "notes": "",
    "created_at": "2025-05-27T16:56:04.337Z",
    "updated_at": "2025-05-27T16:56:04.337Z"
  }
},
{
  "model": "projects.dailyroster",
  "pk": "5528a90e-8d20-4377-a7cd-124bfc3178d3",
  "fields": {
    "team_member": [
      "praveen"
    ],
    "date": "2025-07-20",
    "status": "WEEK_OFF",
    "misc_hours": 0,
    "misc_description": "",
    "is_auto_created": true,
    "notes": "",
    "created_at": "2025-05-27T16:55:59.148Z",
    "updated_at": "2025-05-27T16:55:59.148Z"
  }
},
{
  "model": "projects.dailyroster",
  "pk": "5578214e-30b4-4570-a9c3-8837d115f2f2",
  "fields": {
    "team_member": [
      "praveen"
    ],
    "date": "2025-01-15",
    "status": "PRESENT",
    "misc_hours": 0,
    "misc_description": "",
    "is_auto_created": true,
    "notes": "",
    "created_at": "2025-05-27T16:55:39.352Z",
    "updated_at": "2025-05-27T16:55:39.352Z"
  }
},
{
  "model": "projects.dailyroster",
  "pk": "55b7c469-4b66-49d8-8bd2-03e9dc55b4e3",
  "fields": {
    "team_member": [
      "praveen"
    ],
    "date": "2025-08-02",
    "status": "WEEK_OFF",
    "misc_hours": 0,
    "misc_description": "",
    "is_auto_created": true,
    "notes": "",
    "created_at": "2025-05-27T16:56:04.080Z",
    "updated_at": "2025-05-27T16:56:04.080Z"
  }
},
{
  "model": "projects.dailyroster",
  "pk": "563c59da-c587-4d61-8e49-067c59e67440",
  "fields": {
    "team_member": [
      "praveen"
    ],
    "date": "2025-02-24",
    "status": "PRESENT",
    "misc_hours": 0,
    "misc_description": "",
    "is_auto_created": true,
    "notes": "",
    "created_at": "2025-05-27T16:55:36.635Z",
    "updated_at": "2025-05-27T16:55:36.635Z"
  }
},
{
  "model": "projects.dailyroster",
  "pk": "56c816dd-017f-4129-b238-0bc46018286f",
  "fields": {
    "team_member": [
      "praveen"
    ],
    "date": "2025-07-30",
    "status": "PRESENT",
    "misc_hours": 0,
    "misc_description": "",
    "is_auto_created": true,
    "notes": "",
    "created_at": "2025-05-27T16:55:59.307Z",
    "updated_at": "2025-05-27T16:55:59.307Z"
  }
},
{
  "model": "projects.dailyroster",
  "pk": "58bdef6c-b775-4228-90d6-e6bf237a9576",
  "fields": {
    "team_member": [
      "praveen"
    ],
    "date": "2025-09-22",
    "status": "PRESENT",
    "misc_hours": 0,
    "misc_description": "",
    "is_auto_created": true,
    "notes": "",
    "created_at": "2025-05-27T16:56:56.400Z",
    "updated_at": "2025-05-27T16:56:56.400Z"
  }
},
{
  "model": "projects.dailyroster",
  "pk": "58ee1c00-1d48-4701-8f8e-4b610c41d194",
  "fields": {
    "team_member": [
      "praveen"
    ],
    "date": "2025-04-30",
    "status": "PRESENT",
    "misc_hours": 0,
    "misc_description": "",
    "is_auto_created": true,
    "notes": "",
    "created_at": "2025-05-27T15:12:19.448Z",
    "updated_at": "2025-05-27T15:12:19.448Z"
  }
},
{
  "model": "projects.dailyroster",
  "pk": "5949273a-2dbb-4545-bec9-8645b91e6762",
  "fields": {
    "team_member": [
      "praveen"
    ],
    "date": "2025-06-27",
    "status": "PRESENT",
    "misc_hours": 0,
    "misc_description": "",
    "is_auto_created": false,
    "notes": "",
    "created_at": "2025-05-27T15:25:28.894Z",
    "updated_at": "2025-06-09T11:33:45.367Z"
  }
},
{
  "model": "projects.dailyroster",
  "pk": "59506bfe-a2dc-402a-8de0-0482576bd254",
  "fields": {
    "team_member": [
      "praveen"
    ],
    "date": "2025-03-17",
    "status": "PRESENT",
    "misc_hours": 0,
    "misc_description": "",
    "is_auto_created": true,
    "notes": "",
    "created_at": "2025-05-27T16:55:26.552Z",
    "updated_at": "2025-05-27T16:55:26.552Z"
  }
},
{
  "model": "projects.dailyroster",
  "pk": "59b6019b-7bd9-492b-8eb9-e49cdf1f2280",
  "fields": {
    "team_member": [
      "praveen"
    ],
    "date": "2025-07-23",
    "status": "PRESENT",
    "misc_hours": 0,
    "misc_description": "",
    "is_auto_created": true,
    "notes": "",
    "created_at": "2025-05-27T16:55:59.199Z",
    "updated_at": "2025-05-27T16:55:59.199Z"
  }
},
{
  "model": "projects.dailyroster",
  "pk": "5a827ab3-aabe-44d6-b0a8-f37852040ecd",
  "fields": {
    "team_member": [
      "praveen"
    ],
    "date": "2025-04-16",
    "status": "PRESENT",
    "misc_hours": 0,
    "misc_description": "",
    "is_auto_created": true,
    "notes": "",
    "created_at": "2025-05-27T15:12:18.945Z",
    "updated_at": "2025-05-27T15:12:18.946Z"
  }
},
{
  "model": "projects.dailyroster",
  "pk": "5b6ad1bf-dd81-4db2-85e5-04c46d2fccc2",
  "fields": {
    "team_member": [
      "praveen"
    ],
    "date": "2025-08-26",
    "status": "PRESENT",
    "misc_hours": 0,
    "misc_description": "",
    "is_auto_created": true,
    "notes": "",
    "created_at": "2025-05-27T16:56:04.501Z",
    "updated_at": "2025-05-27T16:56:04.501Z"
  }
},
{
  "model": "projects.dailyroster",
  "pk": "5c445095-193d-4f63-ba7f-a280f9cd197d",
  "fields": {
    "team_member": [
      "praveen"
    ],
    "date": "2025-04-06",
    "status": "WEEK_OFF",
    "misc_hours": 0,
    "misc_description": "",
    "is_auto_created": true,
    "notes": "",
    "created_at": "2025-05-27T15:12:18.500Z",
    "updated_at": "2025-05-27T15:12:18.500Z"
  }
},
{
  "model": "projects.dailyroster",
  "pk": "5d16bb39-b650-46b7-a0cf-20ab3ad39e16",
  "fields": {
    "team_member": [
      "praveen"
    ],
    "date": "2025-10-03",
    "status": "PRESENT",
    "misc_hours": 0,
    "misc_description": "",
    "is_auto_created": true,
    "notes": "",
    "created_at": "2025-05-27T16:56:58.359Z",
    "updated_at": "2025-05-27T16:56:58.359Z"
  }
},
{
  "model": "projects.dailyroster",
  "pk": "5d3e846e-17af-4f07-b5c1-9df9d422541c",
  "fields": {
    "team_member": [
      "praveen"
    ],
    "date": "2025-07-01",
    "status": "PRESENT",
    "misc_hours": 0,
    "misc_description": "",
    "is_auto_created": true,
    "notes": "",
    "created_at": "2025-05-27T16:55:58.817Z",
    "updated_at": "2025-05-27T16:55:58.817Z"
  }
},
{
  "model": "projects.dailyroster",
  "pk": "5f5eb2cc-65cb-4480-bb92-05e786e4c793",
  "fields": {
    "team_member": [
      "praveen"
    ],
    "date": "2025-10-02",
    "status": "HOLIDAY",
    "misc_hours": 0,
    "misc_description": "",
    "is_auto_created": true,
    "notes": "",
    "created_at": "2025-05-27T16:56:58.324Z",
    "updated_at": "2025-05-27T16:56:58.324Z"
  }
},
{
  "model": "projects.dailyroster",
  "pk": "5f9d26a6-68cc-4c29-b71f-f2acb4f5c569",
  "fields": {
    "team_member": [
      "praveen"
    ],
    "date": "2025-08-11",
    "status": "PRESENT",
    "misc_hours": 0,
    "misc_description": "",
    "is_auto_created": true,
    "notes": "",
    "created_at": "2025-05-27T16:56:04.252Z",
    "updated_at": "2025-05-27T16:56:04.252Z"
  }
},
{
  "model": "projects.dailyroster",
  "pk": "60d8acbb-dcd5-4253-a19f-31e5217515c8",
  "fields": {
    "team_member": [
      "praveen"
    ],
    "date": "2025-02-03",
    "status": "PRESENT",
    "misc_hours": 0,
    "misc_description": "",
    "is_auto_created": true,
    "notes": "",
    "created_at": "2025-05-27T16:55:36.284Z",
    "updated_at": "2025-05-27T16:55:36.284Z"
  }
},
{
  "model": "projects.dailyroster",
  "pk": "619e4ced-39ec-4b79-acee-b70987ab628a",
  "fields": {
    "team_member": [
      "praveen"
    ],
    "date": "2025-08-31",
    "status": "WEEK_OFF",
    "misc_hours": 0,
    "misc_description": "",
    "is_auto_created": true,
    "notes": "",
    "created_at": "2025-05-27T16:56:04.583Z",
    "updated_at": "2025-05-27T16:56:04.583Z"
  }
},
{
  "model": "projects.dailyroster",
  "pk": "62198227-3277-4079-b00d-4cc2d4fdd584",
  "fields": {
    "team_member": [
      "praveen"
    ],
    "date": "2025-01-14",
    "status": "HOLIDAY",
    "misc_hours": 0,
    "misc_description": "",
    "is_auto_created": true,
    "notes": "",
    "created_at": "2025-05-27T16:55:39.333Z",
    "updated_at": "2025-05-27T16:55:39.333Z"
  }
},
{
  "model": "projects.dailyroster",
  "pk": "6229c674-0bbf-4fd3-9f0a-a000f330a7bb",
  "fields": {
    "team_member": [
      "praveen"
    ],
    "date": "2025-08-08",
    "status": "PRESENT",
    "misc_hours": 0,
    "misc_description": "",
    "is_auto_created": true,
    "notes": "",
    "created_at": "2025-05-27T16:56:04.198Z",
    "updated_at": "2025-05-27T16:56:04.198Z"
  }
},
{
  "model": "projects.dailyroster",
  "pk": "63af9617-a4fe-4f4d-a6f0-937d7ce95ecd",
  "fields": {
    "team_member": [
      "praveen"
    ],
    "date": "2025-03-23",
    "status": "WEEK_OFF",
    "misc_hours": 0,
    "misc_description": "",
    "is_auto_created": true,
    "notes": "",
    "created_at": "2025-05-27T16:55:26.645Z",
    "updated_at": "2025-05-27T16:55:26.645Z"
  }
},
{
  "model": "projects.dailyroster",
  "pk": "649bfd36-f66a-4bba-8998-84ca4979e128",
  "fields": {
    "team_member": [
      "praveen"
    ],
    "date": "2025-05-17",
    "status": "WEEK_OFF",
    "misc_hours": 0,
    "misc_description": "",
    "is_auto_created": true,
    "notes": "",
    "created_at": "2025-05-27T15:11:03.449Z",
    "updated_at": "2025-05-27T15:11:03.449Z"
  }
},
{
  "model": "projects.dailyroster",
  "pk": "65491a95-a300-4435-ad6e-abe908544aa8",
  "fields": {
    "team_member": [
      "praveen"
    ],
    "date": "2025-04-19",
    "status": "WEEK_OFF",
    "misc_hours": 0,
    "misc_description": "",
    "is_auto_created": true,
    "notes": "",
    "created_at": "2025-05-27T15:12:19.083Z",
    "updated_at": "2025-05-27T15:12:19.083Z"
  }
},
{
  "model": "projects.dailyroster",
  "pk": "6656892c-1374-47f9-a107-76cba0d940c9",
  "fields": {
    "team_member": [
      "praveen"
    ],
    "date": "2025-07-03",
    "status": "PRESENT",
    "misc_hours": 0,
    "misc_description": "",
    "is_auto_created": true,
    "notes": "",
    "created_at": "2025-05-27T16:55:58.855Z",
    "updated_at": "2025-05-27T16:55:58.855Z"
  }
},
{
  "model": "projects.dailyroster",
  "pk": "67d0f11e-9c02-4c35-a855-63b489913135",
  "fields": {
    "team_member": [
      "praveen"
    ],
    "date": "2025-05-28",
    "status": "PRESENT",
    "misc_hours": 0,
    "misc_description": "",
    "is_auto_created": true,
    "notes": "",
    "created_at": "2025-05-27T15:11:03.808Z",
    "updated_at": "2025-05-29T09:35:36.126Z"
  }
},
{
  "model": "projects.dailyroster",
  "pk": "6aaace1c-c9bc-4851-9739-dbec676b3d57",
  "fields": {
    "team_member": [
      "praveen"
    ],
    "date": "2025-09-05",
    "status": "PRESENT",
    "misc_hours": 0,
    "misc_description": "",
    "is_auto_created": true,
    "notes": "",
    "created_at": "2025-05-27T16:56:55.894Z",
    "updated_at": "2025-05-27T16:56:55.894Z"
  }
},
{
  "model": "projects.dailyroster",
  "pk": "6aee37d5-2865-433e-ba35-4a2002362225",
  "fields": {
    "team_member": [
      "praveen"
    ],
    "date": "2025-05-02",
    "status": "PRESENT",
    "misc_hours": 0,
    "misc_description": "",
    "is_auto_created": true,
    "notes": "",
    "created_at": "2025-05-27T15:11:02.789Z",
    "updated_at": "2025-05-27T15:11:02.790Z"
  }
},
{
  "model": "projects.dailyroster",
  "pk": "6b2558af-b4e3-4864-9c58-e902e7251780",
  "fields": {
    "team_member": [
      "praveen"
    ],
    "date": "2025-09-24",
    "status": "PRESENT",
    "misc_hours": 0,
    "misc_description": "",
    "is_auto_created": true,
    "notes": "",
    "created_at": "2025-05-27T16:56:56.460Z",
    "updated_at": "2025-05-27T16:56:56.460Z"
  }
},
{
  "model": "projects.dailyroster",
  "pk": "6ba74e38-44bc-4d5e-a79e-ae57f9eb3834",
  "fields": {
    "team_member": [
      "praveen"
    ],
    "date": "2025-02-15",
    "status": "WEEK_OFF",
    "misc_hours": 0,
    "misc_description": "",
    "is_auto_created": true,
    "notes": "",
    "created_at": "2025-05-27T16:55:36.490Z",
    "updated_at": "2025-05-27T16:55:36.490Z"
  }
},
{
  "model": "projects.dailyroster",
  "pk": "6d631ed5-18e5-47f4-be46-8ceced3e089c",
  "fields": {
    "team_member": [
      "praveen"
    ],
    "date": "2025-08-17",
    "status": "WEEK_OFF",
    "misc_hours": 0,
    "misc_description": "",
    "is_auto_created": true,
    "notes": "",
    "created_at": "2025-05-27T16:56:04.353Z",
    "updated_at": "2025-05-27T16:56:04.353Z"
  }
},
{
  "model": "projects.dailyroster",
  "pk": "6e16212e-b438-48ba-84ec-c74493447b64",
  "fields": {
    "team_member": [
      "praveen"
    ],
    "date": "2025-02-17",
    "status": "PRESENT",
    "misc_hours": 0,
    "misc_description": "",
    "is_auto_created": true,
    "notes": "",
    "created_at": "2025-05-27T16:55:36.521Z",
    "updated_at": "2025-05-27T16:55:36.521Z"
  }
},
{
  "model": "projects.dailyroster",
  "pk": "6e9cc310-bf29-4771-8dc9-d64d853c91aa",
  "fields": {
    "team_member": [
      "praveen"
    ],
    "date": "2025-01-11",
    "status": "WEEK_OFF",
    "misc_hours": 0,
    "misc_description": "",
    "is_auto_created": true,
    "notes": "",
    "created_at": "2025-05-27T16:55:39.284Z",
    "updated_at": "2025-05-27T16:55:39.284Z"
  }
},
{
  "model": "projects.dailyroster",
  "pk": "722c3193-4891-4a39-b108-77967ac3bb59",
  "fields": {
    "team_member": [
      "praveen"
    ],
    "date": "2025-07-24",
    "status": "PRESENT",
    "misc_hours": 0,
    "misc_description": "",
    "is_auto_created": true,
    "notes": "",
    "created_at": "2025-05-27T16:55:59.215Z",
    "updated_at": "2025-05-27T16:55:59.215Z"
  }
},
{
  "model": "projects.dailyroster",
  "pk": "72835cc9-f275-4650-b079-64d9c334335a",
  "fields": {
    "team_member": [
      "praveen"
    ],
    "date": "2025-06-06",
    "status": "PRESENT",
    "misc_hours": 5,
    "misc_description": "hr activity (00:05)",
    "is_auto_created": false,
    "notes": "",
    "created_at": "2025-05-27T15:25:28.583Z",
    "updated_at": "2025-06-06T08:26:04.369Z"
  }
},
{
  "model": "projects.dailyroster",
  "pk": "72eb6424-68ba-4e04-9689-32d5274494f0",
  "fields": {
    "team_member": [
      "praveen"
    ],
    "date": "2025-09-26",
    "status": "PRESENT",
    "misc_hours": 0,
    "misc_description": "",
    "is_auto_created": true,
    "notes": "",
    "created_at": "2025-05-27T16:56:56.519Z",
    "updated_at": "2025-05-27T16:56:56.519Z"
  }
},
{
  "model": "projects.dailyroster",
  "pk": "73585829-afc9-4f45-9a42-2af400666acc",
  "fields": {
    "team_member": [
      "praveen"
    ],
    "date": "2025-08-29",
    "status": "PRESENT",
    "misc_hours": 0,
    "misc_description": "",
    "is_auto_created": true,
    "notes": "",
    "created_at": "2025-05-27T16:56:04.549Z",
    "updated_at": "2025-05-27T16:56:04.549Z"
  }
},
{
  "model": "projects.dailyroster",
  "pk": "73646fc8-e5e9-4801-bf21-ed643d6fc3d8",
  "fields": {
    "team_member": [
      "praveen"
    ],
    "date": "2025-02-06",
    "status": "PRESENT",
    "misc_hours": 0,
    "misc_description": "",
    "is_auto_created": true,
    "notes": "",
    "created_at": "2025-05-27T16:55:36.339Z",
    "updated_at": "2025-05-27T16:55:36.339Z"
  }
},
{
  "model": "projects.dailyroster",
  "pk": "73e41f34-2de1-434d-a3f4-15a9f198f9d3",
  "fields": {
    "team_member": [
      "praveen"
    ],
    "date": "2025-06-02",
    "status": "HOLIDAY",
    "misc_hours": 0,
    "misc_description": "",
    "is_auto_created": false,
    "notes": "",
    "created_at": "2025-05-27T15:25:28.524Z",
    "updated_at": "2025-06-15T07:44:49.429Z"
  }
},
{
  "model": "projects.dailyroster",
  "pk": "74927fe8-2f19-48ea-be92-0cb8fc7a56ad",
  "fields": {
    "team_member": [
      "praveen"
    ],
    "date": "2025-01-19",
    "status": "WEEK_OFF",
    "misc_hours": 0,
    "misc_description": "",
    "is_auto_created": true,
    "notes": "",
    "created_at": "2025-05-27T16:55:39.416Z",
    "updated_at": "2025-05-27T16:55:39.416Z"
  }
},
{
  "model": "projects.dailyroster",
  "pk": "761ce719-5fb1-4f86-800a-dad6a9f7c2c6",
  "fields": {
    "team_member": [
      "praveen"
    ],
    "date": "2025-04-11",
    "status": "PRESENT",
    "misc_hours": 0,
    "misc_description": "",
    "is_auto_created": true,
    "notes": "",
    "created_at": "2025-05-27T15:12:18.712Z",
    "updated_at": "2025-05-27T15:12:18.712Z"
  }
},
{
  "model": "projects.dailyroster",
  "pk": "76d46c4c-e3d6-43a3-ae5c-2e3baf51aac0",
  "fields": {
    "team_member": [
      "praveen"
    ],
    "date": "2025-09-17",
    "status": "PRESENT",
    "misc_hours": 0,
    "misc_description": "",
    "is_auto_created": true,
    "notes": "",
    "created_at": "2025-05-27T16:56:56.255Z",
    "updated_at": "2025-05-27T16:56:56.256Z"
  }
},
{
  "model": "projects.dailyroster",
  "pk": "7774e0dd-8b67-4f37-8c69-e0f385373b8d",
  "fields": {
    "team_member": [
      "praveen"
    ],
    "date": "2025-08-03",
    "status": "WEEK_OFF",
    "misc_hours": 0,
    "misc_description": "",
    "is_auto_created": true,
    "notes": "",
    "created_at": "2025-05-27T16:56:04.100Z",
    "updated_at": "2025-05-27T16:56:04.100Z"
  }
},
{
  "model": "projects.dailyroster",
  "pk": "7972aac2-a0c2-4acd-ac97-26a07be18ee4",
  "fields": {
    "team_member": [
      "praveen"
    ],
    "date": "2025-10-08",
    "status": "PRESENT",
    "misc_hours": 0,
    "misc_description": "",
    "is_auto_created": true,
    "notes": "",
    "created_at": "2025-05-27T16:56:58.494Z",
    "updated_at": "2025-05-27T16:56:58.494Z"
  }
},
{
  "model": "projects.dailyroster",
  "pk": "7a7474c8-9101-4f91-9bdb-2b4025a664bc",
  "fields": {
    "team_member": [
      "praveen"
    ],
    "date": "2025-01-17",
    "status": "PRESENT",
    "misc_hours": 0,
    "misc_description": "",
    "is_auto_created": true,
    "notes": "",
    "created_at": "2025-05-27T16:55:39.384Z",
    "updated_at": "2025-05-27T16:55:39.384Z"
  }
},
{
  "model": "projects.dailyroster",
  "pk": "7afb8b64-7141-46c7-98f9-c07559ace623",
  "fields": {
    "team_member": [
      "praveen"
    ],
    "date": "2025-09-16",
    "status": "PRESENT",
    "misc_hours": 0,
    "misc_description": "",
    "is_auto_created": true,
    "notes": "",
    "created_at": "2025-05-27T16:56:56.224Z",
    "updated_at": "2025-05-27T16:56:56.224Z"
  }
},
{
  "model": "projects.dailyroster",
  "pk": "7b9c0d25-6acb-4664-b742-d9d3896f9681",
  "fields": {
    "team_member": [
      "praveen"
    ],
    "date": "2025-03-30",
    "status": "WEEK_OFF",
    "misc_hours": 0,
    "misc_description": "",
    "is_auto_created": true,
    "notes": "",
    "created_at": "2025-05-27T16:55:26.758Z",
    "updated_at": "2025-05-27T16:55:26.758Z"
  }
},
{
  "model": "projects.dailyroster",
  "pk": "7c0d0171-65ad-4732-b12b-9c7bd13b0464",
  "fields": {
    "team_member": [
      "praveen"
    ],
    "date": "2025-04-08",
    "status": "PRESENT",
    "misc_hours": 0,
    "misc_description": "",
    "is_auto_created": true,
    "notes": "",
    "created_at": "2025-05-27T15:12:18.595Z",
    "updated_at": "2025-05-27T15:12:18.596Z"
  }
},
{
  "model": "projects.dailyroster",
  "pk": "7d6d4610-7506-4b66-8bd4-415851826ee1",
  "fields": {
    "team_member": [
      "praveen"
    ],
    "date": "2025-08-01",
    "status": "PRESENT",
    "misc_hours": 0,
    "misc_description": "",
    "is_auto_created": true,
    "notes": "",
    "created_at": "2025-05-27T16:56:03.990Z",
    "updated_at": "2025-05-27T16:56:03.990Z"
  }
},
{
  "model": "projects.dailyroster",
  "pk": "7ef4e27b-9508-48c3-b9a7-48f116941a5c",
  "fields": {
    "team_member": [
      "praveen"
    ],
    "date": "2025-01-09",
    "status": "PRESENT",
    "misc_hours": 0,
    "misc_description": "",
    "is_auto_created": true,
    "notes": "",
    "created_at": "2025-05-27T16:55:39.248Z",
    "updated_at": "2025-05-27T16:55:39.248Z"
  }
},
{
  "model": "projects.dailyroster",
  "pk": "8057168b-a9da-438e-9cbe-86379ba3617f",
  "fields": {
    "team_member": [
      "praveen"
    ],
    "date": "2025-08-14",
    "status": "PRESENT",
    "misc_hours": 0,
    "misc_description": "",
    "is_auto_created": true,
    "notes": "",
    "created_at": "2025-05-27T16:56:04.304Z",
    "updated_at": "2025-05-27T16:56:04.304Z"
  }
},
{
  "model": "projects.dailyroster",
  "pk": "8129892f-20cc-43c4-b3fa-6258c682f4c3",
  "fields": {
    "team_member": [
      "praveen"
    ],
    "date": "2025-04-23",
    "status": "PRESENT",
    "misc_hours": 0,
    "misc_description": "",
    "is_auto_created": true,
    "notes": "",
    "created_at": "2025-05-27T15:12:19.189Z",
    "updated_at": "2025-05-27T15:12:19.189Z"
  }
},
{
  "model": "projects.dailyroster",
  "pk": "82c03254-c232-4d41-a13c-4c2f8fd6018f",
  "fields": {
    "team_member": [
      "praveen"
    ],
    "date": "2025-08-21",
    "status": "PRESENT",
    "misc_hours": 0,
    "misc_description": "",
    "is_auto_created": true,
    "notes": "",
    "created_at": "2025-05-27T16:56:04.419Z",
    "updated_at": "2025-05-27T16:56:04.419Z"
  }
},
{
  "model": "projects.dailyroster",
  "pk": "8391547b-fe65-4178-980c-7822980da928",
  "fields": {
    "team_member": [
      "praveen"
    ],
    "date": "2025-01-26",
    "status": "HOLIDAY",
    "misc_hours": 0,
    "misc_description": "",
    "is_auto_created": true,
    "notes": "",
    "created_at": "2025-05-27T16:55:39.530Z",
    "updated_at": "2025-05-27T16:55:39.530Z"
  }
},
{
  "model": "projects.dailyroster",
  "pk": "83f0a2c7-35bf-4f38-a988-a4275bac70b7",
  "fields": {
    "team_member": [
      "praveen"
    ],
    "date": "2025-06-09",
    "status": "PRESENT",
    "misc_hours": 120,
    "misc_description": "HR Activity (01:00); Team Meeting (01:00)",
    "is_auto_created": false,
    "notes": "",
    "created_at": "2025-05-27T15:25:28.624Z",
    "updated_at": "2025-06-09T10:29:26.061Z"
  }
},
{
  "model": "projects.dailyroster",
  "pk": "8582434e-f7e8-4702-b771-b1873b68c538",
  "fields": {
    "team_member": [
      "praveen"
    ],
    "date": "2025-06-14",
    "status": "PRESENT",
    "misc_hours": 0,
    "misc_description": "",
    "is_auto_created": false,
    "notes": "",
    "created_at": "2025-05-27T15:25:28.700Z",
    "updated_at": "2025-06-15T07:38:46.924Z"
  }
},
{
  "model": "projects.dailyroster",
  "pk": "85ef6555-65d8-4227-b5fe-cbe4d65ef4bf",
  "fields": {
    "team_member": [
      "praveen"
    ],
    "date": "2025-04-24",
    "status": "PRESENT",
    "misc_hours": 0,
    "misc_description": "",
    "is_auto_created": true,
    "notes": "",
    "created_at": "2025-05-27T15:12:19.220Z",
    "updated_at": "2025-05-27T15:12:19.222Z"
  }
},
{
  "model": "projects.dailyroster",
  "pk": "8620d29c-3f40-463e-b653-1a31bb47c467",
  "fields": {
    "team_member": [
      "praveen"
    ],
    "date": "2025-09-15",
    "status": "PRESENT",
    "misc_hours": 0,
    "misc_description": "",
    "is_auto_created": true,
    "notes": "",
    "created_at": "2025-05-27T16:56:56.195Z",
    "updated_at": "2025-05-27T16:56:56.195Z"
  }
},
{
  "model": "projects.dailyroster",
  "pk": "872061f4-6a64-424e-9c3d-8468a018b843",
  "fields": {
    "team_member": [
      "praveen"
    ],
    "date": "2025-07-15",
    "status": "PRESENT",
    "misc_hours": 0,
    "misc_description": "",
    "is_auto_created": true,
    "notes": "",
    "created_at": "2025-05-27T16:55:59.066Z",
    "updated_at": "2025-05-27T16:55:59.066Z"
  }
},
{
  "model": "projects.dailyroster",
  "pk": "878d045b-1f4f-4944-8d2d-0fc23724e929",
  "fields": {
    "team_member": [
      "praveen"
    ],
    "date": "2025-07-10",
    "status": "PRESENT",
    "misc_hours": 0,
    "misc_description": "",
    "is_auto_created": true,
    "notes": "",
    "created_at": "2025-05-27T16:55:58.982Z",
    "updated_at": "2025-05-27T16:55:58.982Z"
  }
},
{
  "model": "projects.dailyroster",
  "pk": "87cd6d8c-5de9-4695-9952-963ab99a0482",
  "fields": {
    "team_member": [
      "praveen"
    ],
    "date": "2025-03-01",
    "status": "WEEK_OFF",
    "misc_hours": 0,
    "misc_description": "",
    "is_auto_created": true,
    "notes": "",
    "created_at": "2025-05-27T16:55:26.145Z",
    "updated_at": "2025-05-27T16:55:26.145Z"
  }
},
{
  "model": "projects.dailyroster",
  "pk": "89214956-41ae-4d07-9c87-8e93248f30b2",
  "fields": {
    "team_member": [
      "praveen"
    ],
    "date": "2025-07-29",
    "status": "PRESENT",
    "misc_hours": 0,
    "misc_description": "",
    "is_auto_created": true,
    "notes": "",
    "created_at": "2025-05-27T16:55:59.292Z",
    "updated_at": "2025-05-27T16:55:59.292Z"
  }
},
{
  "model": "projects.dailyroster",
  "pk": "894ee53f-17e1-409c-af86-9ad41071c8c3",
  "fields": {
    "team_member": [
      "praveen"
    ],
    "date": "2025-05-26",
    "status": "PRESENT",
    "misc_hours": 0,
    "misc_description": "",
    "is_auto_created": true,
    "notes": "",
    "created_at": "2025-05-27T15:11:03.749Z",
    "updated_at": "2025-05-27T15:11:03.749Z"
  }
},
{
  "model": "projects.dailyroster",
  "pk": "8b2b5e1d-505b-434c-b376-4334b1a0e6c5",
  "fields": {
    "team_member": [
      "praveen"
    ],
    "date": "2025-03-03",
    "status": "PRESENT",
    "misc_hours": 0,
    "misc_description": "",
    "is_auto_created": true,
    "notes": "",
    "created_at": "2025-05-27T16:55:26.265Z",
    "updated_at": "2025-05-27T16:55:26.265Z"
  }
},
{
  "model": "projects.dailyroster",
  "pk": "8d5246ff-7f72-49c5-98b0-d43c3ce1a979",
  "fields": {
    "team_member": [
      "praveen"
    ],
    "date": "2025-04-27",
    "status": "WEEK_OFF",
    "misc_hours": 0,
    "misc_description": "",
    "is_auto_created": true,
    "notes": "",
    "created_at": "2025-05-27T15:12:19.329Z",
    "updated_at": "2025-05-27T15:12:19.331Z"
  }
},
{
  "model": "projects.dailyroster",
  "pk": "8da166cd-1c45-4dca-8fc5-1513d15b8768",
  "fields": {
    "team_member": [
      "praveen"
    ],
    "date": "2025-05-10",
    "status": "WEEK_OFF",
    "misc_hours": 0,
    "misc_description": "",
    "is_auto_created": true,
    "notes": "",
    "created_at": "2025-05-27T15:11:03.140Z",
    "updated_at": "2025-05-27T15:11:03.141Z"
  }
},
{
  "model": "projects.dailyroster",
  "pk": "8e1d5d5c-8a18-47e3-a0b3-3823740e3b35",
  "fields": {
    "team_member": [
      "praveen"
    ],
    "date": "2025-10-27",
    "status": "PRESENT",
    "misc_hours": 0,
    "misc_description": "",
    "is_auto_created": true,
    "notes": "",
    "created_at": "2025-05-27T16:56:59.051Z",
    "updated_at": "2025-05-27T16:56:59.051Z"
  }
},
{
  "model": "projects.dailyroster",
  "pk": "8f923170-ca30-4279-b4a5-eae1efb1a6b8",
  "fields": {
    "team_member": [
      "praveen"
    ],
    "date": "2025-01-21",
    "status": "PRESENT",
    "misc_hours": 0,
    "misc_description": "",
    "is_auto_created": true,
    "notes": "",
    "created_at": "2025-05-27T16:55:39.449Z",
    "updated_at": "2025-05-27T16:55:39.449Z"
  }
},
{
  "model": "projects.dailyroster",
  "pk": "8fab6997-01e0-4d26-85c2-0137fb08dcbc",
  "fields": {
    "team_member": [
      "praveen"
    ],
    "date": "2025-02-01",
    "status": "WEEK_OFF",
    "misc_hours": 0,
    "misc_description": "",
    "is_auto_created": true,
    "notes": "",
    "created_at": "2025-05-27T16:55:36.176Z",
    "updated_at": "2025-05-27T16:55:36.176Z"
  }
},
{
  "model": "projects.dailyroster",
  "pk": "8fcfc844-69da-49d5-b9df-bb178c260c5f",
  "fields": {
    "team_member": [
      "praveen"
    ],
    "date": "2025-03-05",
    "status": "PRESENT",
    "misc_hours": 0,
    "misc_description": "",
    "is_auto_created": true,
    "notes": "",
    "created_at": "2025-05-27T16:55:26.320Z",
    "updated_at": "2025-05-27T16:55:26.321Z"
  }
},
{
  "model": "projects.dailyroster",
  "pk": "8fd36f8d-add0-4dd8-b1af-7b85ad9f950c",
  "fields": {
    "team_member": [
      "praveen"
    ],
    "date": "2025-08-05",
    "status": "PRESENT",
    "misc_hours": 0,
    "misc_description": "",
    "is_auto_created": true,
    "notes": "",
    "created_at": "2025-05-27T16:56:04.140Z",
    "updated_at": "2025-05-27T16:56:04.140Z"
  }
},
{
  "model": "projects.dailyroster",
  "pk": "905e8a25-bbc7-4ef2-94a8-60eb55d72eb2",
  "fields": {
    "team_member": [
      "praveen"
    ],
    "date": "2025-08-13",
    "status": "PRESENT",
    "misc_hours": 0,
    "misc_description": "",
    "is_auto_created": true,
    "notes": "",
    "created_at": "2025-05-27T16:56:04.286Z",
    "updated_at": "2025-05-27T16:56:04.286Z"
  }
},
{
  "model": "projects.dailyroster",
  "pk": "909d625f-402f-49e1-954f-9cf4ed9a1b11",
  "fields": {
    "team_member": [
      "praveen"
    ],
    "date": "2025-03-10",
    "status": "PRESENT",
    "misc_hours": 0,
    "misc_description": "",
    "is_auto_created": true,
    "notes": "",
    "created_at": "2025-05-27T16:55:26.437Z",
    "updated_at": "2025-05-27T16:55:26.437Z"
  }
},
{
  "model": "projects.dailyroster",
  "pk": "91c8b8da-c500-40ad-8e71-dfb4f374ef39",
  "fields": {
    "team_member": [
      "praveen"
    ],
    "date": "2025-10-12",
    "status": "WEEK_OFF",
    "misc_hours": 0,
    "misc_description": "",
    "is_auto_created": true,
    "notes": "",
    "created_at": "2025-05-27T16:56:58.617Z",
    "updated_at": "2025-05-27T16:56:58.617Z"
  }
},
{
  "model": "projects.dailyroster",
  "pk": "92a28443-7d3d-499a-9649-d0058fdc5e20",
  "fields": {
    "team_member": [
      "praveen"
    ],
    "date": "2025-05-01",
    "status": "LEAVE",
    "misc_hours": 0,
    "misc_description": "",
    "is_auto_created": false,
    "notes": "",
    "created_at": "2025-05-27T15:11:02.724Z",
    "updated_at": "2025-05-27T21:12:40.108Z"
  }
},
{
  "model": "projects.dailyroster",
  "pk": "92c50750-c3ad-4c33-9064-cdd77a06d807",
  "fields": {
    "team_member": [
      "praveen"
    ],
    "date": "2025-10-29",
    "status": "PRESENT",
    "misc_hours": 0,
    "misc_description": "",
    "is_auto_created": true,
    "notes": "",
    "created_at": "2025-05-27T16:56:59.108Z",
    "updated_at": "2025-05-27T16:56:59.108Z"
  }
},
{
  "model": "projects.dailyroster",
  "pk": "9421c4a7-bb64-417d-95cb-911f239fa937",
  "fields": {
    "team_member": [
      "praveen"
    ],
    "date": "2025-10-21",
    "status": "HOLIDAY",
    "misc_hours": 0,
    "misc_description": "",
    "is_auto_created": true,
    "notes": "",
    "created_at": "2025-05-27T16:56:58.867Z",
    "updated_at": "2025-05-27T16:56:58.867Z"
  }
},
{
  "model": "projects.dailyroster",
  "pk": "945184be-042c-47f2-a79b-3f1bb07026dc",
  "fields": {
    "team_member": [
      "praveen"
    ],
    "date": "2025-09-12",
    "status": "PRESENT",
    "misc_hours": 0,
    "misc_description": "",
    "is_auto_created": true,
    "notes": "",
    "created_at": "2025-05-27T16:56:56.108Z",
    "updated_at": "2025-05-27T16:56:56.108Z"
  }
},
{
  "model": "projects.dailyroster",
  "pk": "954bfd27-c54a-4fc6-a1e7-a84130e3c1ff",
  "fields": {
    "team_member": [
      "praveen"
    ],
    "date": "2025-02-22",
    "status": "WEEK_OFF",
    "misc_hours": 0,
    "misc_description": "",
    "is_auto_created": true,
    "notes": "",
    "created_at": "2025-05-27T16:55:36.602Z",
    "updated_at": "2025-05-27T16:55:36.602Z"
  }
},
{
  "model": "projects.dailyroster",
  "pk": "95f2a665-fe6d-445f-9917-4fa827522453",
  "fields": {
    "team_member": [
      "praveen"
    ],
    "date": "2025-05-09",
    "status": "HALF_DAY",
    "misc_hours": 0,
    "misc_description": "",
    "is_auto_created": false,
    "notes": "",
    "created_at": "2025-05-27T15:11:03.093Z",
    "updated_at": "2025-05-31T16:21:14.466Z"
  }
},
{
  "model": "projects.dailyroster",
  "pk": "962e6ac4-0de7-49da-9c58-6f6c4b84c889",
  "fields": {
    "team_member": [
      "praveen"
    ],
    "date": "2025-01-03",
    "status": "PRESENT",
    "misc_hours": 0,
    "misc_description": "",
    "is_auto_created": true,
    "notes": "",
    "created_at": "2025-05-27T16:55:39.137Z",
    "updated_at": "2025-05-27T16:55:39.137Z"
  }
},
{
  "model": "projects.dailyroster",
  "pk": "9638582d-a5dc-4c70-9ef0-82ecc9b1e677",
  "fields": {
    "team_member": [
      "praveen"
    ],
    "date": "2025-03-04",
    "status": "PRESENT",
    "misc_hours": 0,
    "misc_description": "",
    "is_auto_created": true,
    "notes": "",
    "created_at": "2025-05-27T16:55:26.293Z",
    "updated_at": "2025-05-27T16:55:26.293Z"
  }
},
{
  "model": "projects.dailyroster",
  "pk": "97061988-ee7f-4bc4-8134-927983ee597a",
  "fields": {
    "team_member": [
      "praveen"
    ],
    "date": "2025-07-09",
    "status": "PRESENT",
    "misc_hours": 0,
    "misc_description": "",
    "is_auto_created": true,
    "notes": "",
    "created_at": "2025-05-27T16:55:58.966Z",
    "updated_at": "2025-05-27T16:55:58.966Z"
  }
},
{
  "model": "projects.dailyroster",
  "pk": "97bf31ac-5ed1-400f-825d-63daf8b3655e",
  "fields": {
    "team_member": [
      "praveen"
    ],
    "date": "2025-09-07",
    "status": "WEEK_OFF",
    "misc_hours": 0,
    "misc_description": "",
    "is_auto_created": true,
    "notes": "",
    "created_at": "2025-05-27T16:56:55.960Z",
    "updated_at": "2025-05-27T16:56:55.960Z"
  }
},
{
  "model": "projects.dailyroster",
  "pk": "98d60d2e-adde-49a0-9a01-6ef9a0b72fc8",
  "fields": {
    "team_member": [
      "praveen"
    ],
    "date": "2025-09-23",
    "status": "PRESENT",
    "misc_hours": 0,
    "misc_description": "",
    "is_auto_created": true,
    "notes": "",
    "created_at": "2025-05-27T16:56:56.429Z",
    "updated_at": "2025-05-27T16:56:56.429Z"
  }
},
{
  "model": "projects.dailyroster",
  "pk": "99d39da9-5292-4155-b6d9-bf711cdaead1",
  "fields": {
    "team_member": [
      "praveen"
    ],
    "date": "2025-06-16",
    "status": "PRESENT",
    "misc_hours": 0,
    "misc_description": "",
    "is_auto_created": true,
    "notes": "",
    "created_at": "2025-05-27T15:25:28.730Z",
    "updated_at": "2025-05-27T15:25:28.730Z"
  }
},
{
  "model": "projects.dailyroster",
  "pk": "99f5cddc-25b6-43d9-92c8-28035f87b3c2",
  "fields": {
    "team_member": [
      "praveen"
    ],
    "date": "2025-10-04",
    "status": "WEEK_OFF",
    "misc_hours": 0,
    "misc_description": "",
    "is_auto_created": true,
    "notes": "",
    "created_at": "2025-05-27T16:56:58.389Z",
    "updated_at": "2025-05-27T16:56:58.389Z"
  }
},
{
  "model": "projects.dailyroster",
  "pk": "9a023eba-14d7-408d-b74a-c05e0b0b0d79",
  "fields": {
    "team_member": [
      "praveen"
    ],
    "date": "2025-02-18",
    "status": "PRESENT",
    "misc_hours": 0,
    "misc_description": "",
    "is_auto_created": true,
    "notes": "",
    "created_at": "2025-05-27T16:55:36.536Z",
    "updated_at": "2025-05-27T16:55:36.536Z"
  }
},
{
  "model": "projects.dailyroster",
  "pk": "9ac783f2-1eed-40f1-ba2d-be48c9cc8695",
  "fields": {
    "team_member": [
      "praveen"
    ],
    "date": "2025-03-12",
    "status": "PRESENT",
    "misc_hours": 0,
    "misc_description": "",
    "is_auto_created": true,
    "notes": "",
    "created_at": "2025-05-27T16:55:26.472Z",
    "updated_at": "2025-05-27T16:55:26.472Z"
  }
},
{
  "model": "projects.dailyroster",
  "pk": "9ae7ad14-7390-4d9b-89c2-dc7a4e43d994",
  "fields": {
    "team_member": [
      "praveen"
    ],
    "date": "2025-04-29",
    "status": "PRESENT",
    "misc_hours": 0,
    "misc_description": "",
    "is_auto_created": true,
    "notes": "",
    "created_at": "2025-05-27T15:12:19.409Z",
    "updated_at": "2025-05-27T15:12:19.409Z"
  }
},
{
  "model": "projects.dailyroster",
  "pk": "9c1ed0da-b413-4636-8b41-6a2d11d62611",
  "fields": {
    "team_member": [
      "praveen"
    ],
    "date": "2025-01-24",
    "status": "PRESENT",
    "misc_hours": 0,
    "misc_description": "",
    "is_auto_created": true,
    "notes": "",
    "created_at": "2025-05-27T16:55:39.499Z",
    "updated_at": "2025-05-27T16:55:39.499Z"
  }
},
{
  "model": "projects.dailyroster",
  "pk": "9d2198f9-72c4-4dd2-b971-dbf720c23b2a",
  "fields": {
    "team_member": [
      "praveen"
    ],
    "date": "2025-08-07",
    "status": "PRESENT",
    "misc_hours": 0,
    "misc_description": "",
    "is_auto_created": true,
    "notes": "",
    "created_at": "2025-05-27T16:56:04.180Z",
    "updated_at": "2025-05-27T16:56:04.180Z"
  }
},
{
  "model": "projects.dailyroster",
  "pk": "9d30aa84-af55-4418-8040-debaa9c03816",
  "fields": {
    "team_member": [
      "praveen"
    ],
    "date": "2025-07-25",
    "status": "PRESENT",
    "misc_hours": 0,
    "misc_description": "",
    "is_auto_created": true,
    "notes": "",
    "created_at": "2025-05-27T16:55:59.230Z",
    "updated_at": "2025-05-27T16:55:59.230Z"
  }
},
{
  "model": "projects.dailyroster",
  "pk": "9e20f92a-21ff-495b-b8d7-611d0664ed89",
  "fields": {
    "team_member": [
      "praveen"
    ],
    "date": "2025-09-01",
    "status": "PRESENT",
    "misc_hours": 0,
    "misc_description": "",
    "is_auto_created": true,
    "notes": "",
    "created_at": "2025-05-27T16:56:55.685Z",
    "updated_at": "2025-05-27T16:56:55.685Z"
  }
},
{
  "model": "projects.dailyroster",
  "pk": "9e2d3128-24ca-46d0-813b-6d09bc7d7364",
  "fields": {
    "team_member": [
      "praveen"
    ],
    "date": "2025-03-09",
    "status": "WEEK_OFF",
    "misc_hours": 0,
    "misc_description": "",
    "is_auto_created": true,
    "notes": "",
    "created_at": "2025-05-27T16:55:26.421Z",
    "updated_at": "2025-05-27T16:55:26.421Z"
  }
},
{
  "model": "projects.dailyroster",
  "pk": "9ebc3ea0-56b3-4f52-a2f4-108060397d98",
  "fields": {
    "team_member": [
      "praveen"
    ],
    "date": "2025-05-16",
    "status": "HOLIDAY",
    "misc_hours": 0,
    "misc_description": "",
    "is_auto_created": false,
    "notes": "",
    "created_at": "2025-05-27T15:11:03.408Z",
    "updated_at": "2025-05-29T18:35:19.459Z"
  }
},
{
  "model": "projects.dailyroster",
  "pk": "9f31ae17-89fe-481f-85a3-93026df623cf",
  "fields": {
    "team_member": [
      "praveen"
    ],
    "date": "2025-06-12",
    "status": "LEAVE",
    "misc_hours": 0,
    "misc_description": "",
    "is_auto_created": false,
    "notes": "",
    "created_at": "2025-05-27T15:25:28.674Z",
    "updated_at": "2025-06-06T08:26:10.585Z"
  }
},
{
  "model": "projects.dailyroster",
  "pk": "9fad9b94-2286-4463-b985-9f90e5840edf",
  "fields": {
    "team_member": [
      "praveen"
    ],
    "date": "2025-08-18",
    "status": "PRESENT",
    "misc_hours": 0,
    "misc_description": "",
    "is_auto_created": true,
    "notes": "",
    "created_at": "2025-05-27T16:56:04.368Z",
    "updated_at": "2025-05-27T16:56:04.368Z"
  }
},
{
  "model": "projects.dailyroster",
  "pk": "9ff36fdd-76f4-45f5-bc2b-a0d134164ad6",
  "fields": {
    "team_member": [
      "praveen"
    ],
    "date": "2025-10-19",
    "status": "WEEK_OFF",
    "misc_hours": 0,
    "misc_description": "",
    "is_auto_created": true,
    "notes": "",
    "created_at": "2025-05-27T16:56:58.814Z",
    "updated_at": "2025-05-27T16:56:58.814Z"
  }
},
{
  "model": "projects.dailyroster",
  "pk": "a0f91641-ff6a-4d7c-8330-c587b22a7a44",
  "fields": {
    "team_member": [
      "praveen"
    ],
    "date": "2025-06-13",
    "status": "PRESENT",
    "misc_hours": 0,
    "misc_description": "",
    "is_auto_created": false,
    "notes": "",
    "created_at": "2025-05-27T15:25:28.687Z",
    "updated_at": "2025-06-15T07:38:36.004Z"
  }
},
{
  "model": "projects.dailyroster",
  "pk": "a26e33f2-30fb-4783-bf03-fc2393d8b246",
  "fields": {
    "team_member": [
      "praveen"
    ],
    "date": "2025-05-03",
    "status": "WEEK_OFF",
    "misc_hours": 0,
    "misc_description": "",
    "is_auto_created": false,
    "notes": "",
    "created_at": "2025-05-27T15:11:02.845Z",
    "updated_at": "2025-05-27T21:12:49.973Z"
  }
},
{
  "model": "projects.dailyroster",
  "pk": "a31eca5e-6268-4c26-b64e-7478a2d775b6",
  "fields": {
    "team_member": [
      "praveen"
    ],
    "date": "2025-04-07",
    "status": "PRESENT",
    "misc_hours": 0,
    "misc_description": "",
    "is_auto_created": true,
    "notes": "",
    "created_at": "2025-05-27T15:12:18.547Z",
    "updated_at": "2025-05-27T15:12:18.547Z"
  }
},
{
  "model": "projects.dailyroster",
  "pk": "a6ca663e-78fb-4dd4-8bec-c5d143e04e95",
  "fields": {
    "team_member": [
      "praveen"
    ],
    "date": "2025-09-04",
    "status": "PRESENT",
    "misc_hours": 0,
    "misc_description": "",
    "is_auto_created": true,
    "notes": "",
    "created_at": "2025-05-27T16:56:55.861Z",
    "updated_at": "2025-05-27T16:56:55.861Z"
  }
},
{
  "model": "projects.dailyroster",
  "pk": "a9185f72-c46c-489f-ae2e-ecea39cc62a7",
  "fields": {
    "team_member": [
      "praveen"
    ],
    "date": "2025-03-07",
    "status": "PRESENT",
    "misc_hours": 0,
    "misc_description": "",
    "is_auto_created": true,
    "notes": "",
    "created_at": "2025-05-27T16:55:26.371Z",
    "updated_at": "2025-05-27T16:55:26.371Z"
  }
},
{
  "model": "projects.dailyroster",
  "pk": "a92b6b5e-5f48-48ef-8636-e8ece798ad08",
  "fields": {
    "team_member": [
      "praveen"
    ],
    "date": "2025-02-26",
    "status": "HOLIDAY",
    "misc_hours": 0,
    "misc_description": "",
    "is_auto_created": true,
    "notes": "",
    "created_at": "2025-05-27T16:55:36.665Z",
    "updated_at": "2025-05-27T16:55:36.665Z"
  }
},
{
  "model": "projects.dailyroster",
  "pk": "a9418215-2ae6-4d4d-bef7-c5d20e7863e2",
  "fields": {
    "team_member": [
      "praveen"
    ],
    "date": "2025-07-06",
    "status": "WEEK_OFF",
    "misc_hours": 0,
    "misc_description": "",
    "is_auto_created": true,
    "notes": "",
    "created_at": "2025-05-27T16:55:58.911Z",
    "updated_at": "2025-05-27T16:55:58.911Z"
  }
},
{
  "model": "projects.dailyroster",
  "pk": "a9470716-0d2c-4d78-a018-7eaab6a2f993",
  "fields": {
    "team_member": [
      "praveen"
    ],
    "date": "2025-01-05",
    "status": "WEEK_OFF",
    "misc_hours": 0,
    "misc_description": "",
    "is_auto_created": true,
    "notes": "",
    "created_at": "2025-05-27T16:55:39.173Z",
    "updated_at": "2025-05-27T16:55:39.173Z"
  }
},
{
  "model": "projects.dailyroster",
  "pk": "a9c1033e-7c27-4bb2-992c-3a0e072c2b84",
  "fields": {
    "team_member": [
      "praveen"
    ],
    "date": "2025-02-11",
    "status": "PRESENT",
    "misc_hours": 0,
    "misc_description": "",
    "is_auto_created": true,
    "notes": "",
    "created_at": "2025-05-27T16:55:36.427Z",
    "updated_at": "2025-05-27T16:55:36.427Z"
  }
},
{
  "model": "projects.dailyroster",
  "pk": "aa786c45-58b0-46b3-b6f3-9ae6a4c814ff",
  "fields": {
    "team_member": [
      "praveen"
    ],
    "date": "2025-06-11",
    "status": "LEAVE",
    "misc_hours": 0,
    "misc_description": "",
    "is_auto_created": false,
    "notes": "",
    "created_at": "2025-05-27T15:25:28.661Z",
    "updated_at": "2025-06-15T07:39:12.866Z"
  }
},
{
  "model": "projects.dailyroster",
  "pk": "aaca7cad-85a3-49bd-a363-28889762e8af",
  "fields": {
    "team_member": [
      "praveen"
    ],
    "date": "2025-03-21",
    "status": "PRESENT",
    "misc_hours": 0,
    "misc_description": "",
    "is_auto_created": true,
    "notes": "",
    "created_at": "2025-05-27T16:55:26.616Z",
    "updated_at": "2025-05-27T16:55:26.616Z"
  }
},
{
  "model": "projects.dailyroster",
  "pk": "aafc130f-aa90-46dc-b857-ab76335f90b2",
  "fields": {
    "team_member": [
      "praveen"
    ],
    "date": "2025-07-22",
    "status": "PRESENT",
    "misc_hours": 0,
    "misc_description": "",
    "is_auto_created": true,
    "notes": "",
    "created_at": "2025-05-27T16:55:59.181Z",
    "updated_at": "2025-05-27T16:55:59.181Z"
  }
},
{
  "model": "projects.dailyroster",
  "pk": "ac53fe17-248e-48ce-b054-18b66b9cdefd",
  "fields": {
    "team_member": [
      "praveen"
    ],
    "date": "2025-05-23",
    "status": "PRESENT",
    "misc_hours": 0,
    "misc_description": "",
    "is_auto_created": true,
    "notes": "",
    "created_at": "2025-05-27T15:11:03.664Z",
    "updated_at": "2025-05-27T15:11:03.664Z"
  }
},
{
  "model": "projects.dailyroster",
  "pk": "ad80bf8a-0d5c-49ab-89ee-581c584ea8ac",
  "fields": {
    "team_member": [
      "praveen"
    ],
    "date": "2025-06-18",
    "status": "PRESENT",
    "misc_hours": 0,
    "misc_description": "",
    "is_auto_created": true,
    "notes": "",
    "created_at": "2025-05-27T15:25:28.765Z",
    "updated_at": "2025-05-27T15:25:28.765Z"
  }
},
{
  "model": "projects.dailyroster",
  "pk": "ae6a4121-90ac-4b42-86f9-59ebfa5751ca",
  "fields": {
    "team_member": [
      "praveen"
    ],
    "date": "2025-05-11",
    "status": "WEEK_OFF",
    "misc_hours": 0,
    "misc_description": "",
    "is_auto_created": true,
    "notes": "",
    "created_at": "2025-05-27T15:11:03.187Z",
    "updated_at": "2025-05-27T15:11:03.187Z"
  }
},
{
  "model": "projects.dailyroster",
  "pk": "aee5811a-7038-46d0-9b62-c42b2e5f5634",
  "fields": {
    "team_member": [
      "praveen"
    ],
    "date": "2025-07-02",
    "status": "PRESENT",
    "misc_hours": 0,
    "misc_description": "",
    "is_auto_created": true,
    "notes": "",
    "created_at": "2025-05-27T16:55:58.839Z",
    "updated_at": "2025-05-27T16:55:58.839Z"
  }
},
{
  "model": "projects.dailyroster",
  "pk": "aeebf6ee-b8ef-4765-9eff-dfde112101df",
  "fields": {
    "team_member": [
      "praveen"
    ],
    "date": "2025-02-05",
    "status": "PRESENT",
    "misc_hours": 0,
    "misc_description": "",
    "is_auto_created": true,
    "notes": "",
    "created_at": "2025-05-27T16:55:36.322Z",
    "updated_at": "2025-05-27T16:55:36.322Z"
  }
},
{
  "model": "projects.dailyroster",
  "pk": "b0902d50-ba4f-4293-a47a-f8f4b69a7032",
  "fields": {
    "team_member": [
      "praveen"
    ],
    "date": "2025-01-10",
    "status": "PRESENT",
    "misc_hours": 0,
    "misc_description": "",
    "is_auto_created": true,
    "notes": "",
    "created_at": "2025-05-27T16:55:39.266Z",
    "updated_at": "2025-05-27T16:55:39.266Z"
  }
},
{
  "model": "projects.dailyroster",
  "pk": "b2096832-865b-46b1-a49f-b7fe7c259e6a",
  "fields": {
    "team_member": [
      "praveen"
    ],
    "date": "2025-02-04",
    "status": "PRESENT",
    "misc_hours": 0,
    "misc_description": "",
    "is_auto_created": true,
    "notes": "",
    "created_at": "2025-05-27T16:55:36.303Z",
    "updated_at": "2025-05-27T16:55:36.303Z"
  }
},
{
  "model": "projects.dailyroster",
  "pk": "b241d90b-9033-45b1-b5d6-f7e4630e10b5",
  "fields": {
    "team_member": [
      "praveen"
    ],
    "date": "2025-05-14",
    "status": "PRESENT",
    "misc_hours": 0,
    "misc_description": "",
    "is_auto_created": true,
    "notes": "",
    "created_at": "2025-05-27T15:11:03.309Z",
    "updated_at": "2025-05-27T15:11:03.309Z"
  }
},
{
  "model": "projects.dailyroster",
  "pk": "b26771a2-cdff-4b55-92c6-cd2c0f8503a5",
  "fields": {
    "team_member": [
      "praveen"
    ],
    "date": "2025-10-25",
    "status": "WEEK_OFF",
    "misc_hours": 0,
    "misc_description": "",
    "is_auto_created": true,
    "notes": "",
    "created_at": "2025-05-27T16:56:58.985Z",
    "updated_at": "2025-05-27T16:56:58.985Z"
  }
},
{
  "model": "projects.dailyroster",
  "pk": "b274b4b2-1aaf-441b-91ba-d72e61ce5f2a",
  "fields": {
    "team_member": [
      "praveen"
    ],
    "date": "2025-02-25",
    "status": "PRESENT",
    "misc_hours": 0,
    "misc_description": "",
    "is_auto_created": true,
    "notes": "",
    "created_at": "2025-05-27T16:55:36.650Z",
    "updated_at": "2025-05-27T16:55:36.650Z"
  }
},
{
  "model": "projects.dailyroster",
  "pk": "b5e576cd-92bb-4278-98d1-10f1a5065a69",
  "fields": {
    "team_member": [
      "praveen"
    ],
    "date": "2025-01-16",
    "status": "PRESENT",
    "misc_hours": 0,
    "misc_description": "",
    "is_auto_created": true,
    "notes": "",
    "created_at": "2025-05-27T16:55:39.370Z",
    "updated_at": "2025-05-27T16:55:39.370Z"
  }
},
{
  "model": "projects.dailyroster",
  "pk": "b63e36e4-60df-4442-8272-8f85a394c564",
  "fields": {
    "team_member": [
      "praveen"
    ],
    "date": "2025-06-08",
    "status": "WEEK_OFF",
    "misc_hours": 0,
    "misc_description": "",
    "is_auto_created": true,
    "notes": "",
    "created_at": "2025-05-27T15:25:28.608Z",
    "updated_at": "2025-05-27T15:25:28.608Z"
  }
},
{
  "model": "projects.dailyroster",
  "pk": "b6eb5da6-84b0-4ad1-8a38-470a9af89740",
  "fields": {
    "team_member": [
      "praveen"
    ],
    "date": "2025-05-18",
    "status": "WEEK_OFF",
    "misc_hours": 0,
    "misc_description": "",
    "is_auto_created": true,
    "notes": "",
    "created_at": "2025-05-27T15:11:03.481Z",
    "updated_at": "2025-05-27T15:11:03.481Z"
  }
},
{
  "model": "projects.dailyroster",
  "pk": "b757c82a-b9ae-4ea6-81e0-4d4489fc337d",
  "fields": {
    "team_member": [
      "praveen"
    ],
    "date": "2025-01-25",
    "status": "WEEK_OFF",
    "misc_hours": 0,
    "misc_description": "",
    "is_auto_created": true,
    "notes": "",
    "created_at": "2025-05-27T16:55:39.515Z",
    "updated_at": "2025-05-27T16:55:39.515Z"
  }
},
{
  "model": "projects.dailyroster",
  "pk": "b9a5a14f-a16b-4dc2-9588-a4dab5cb7ec4",
  "fields": {
    "team_member": [
      "praveen"
    ],
    "date": "2025-06-03",
    "status": "LEAVE",
    "misc_hours": 0,
    "misc_description": "",
    "is_auto_created": false,
    "notes": "",
    "created_at": "2025-05-27T15:25:28.538Z",
    "updated_at": "2025-06-15T07:39:29.273Z"
  }
},
{
  "model": "projects.dailyroster",
  "pk": "b9e21743-e91f-4baa-bb2d-676ce8a28421",
  "fields": {
    "team_member": [
      "praveen"
    ],
    "date": "2025-06-23",
    "status": "PRESENT",
    "misc_hours": 0,
    "misc_description": "",
    "is_auto_created": true,
    "notes": "",
    "created_at": "2025-05-27T15:25:28.839Z",
    "updated_at": "2025-05-27T15:25:28.839Z"
  }
},
{
  "model": "projects.dailyroster",
  "pk": "bab514c1-c749-4c91-a6b1-dd8b225529b5",
  "fields": {
    "team_member": [
      "praveen"
    ],
    "date": "2025-02-07",
    "status": "PRESENT",
    "misc_hours": 0,
    "misc_description": "",
    "is_auto_created": true,
    "notes": "",
    "created_at": "2025-05-27T16:55:36.357Z",
    "updated_at": "2025-05-27T16:55:36.357Z"
  }
},
{
  "model": "projects.dailyroster",
  "pk": "bb04bede-88cc-4996-adb5-096b591e223b",
  "fields": {
    "team_member": [
      "praveen"
    ],
    "date": "2025-04-13",
    "status": "WEEK_OFF",
    "misc_hours": 0,
    "misc_description": "",
    "is_auto_created": true,
    "notes": "",
    "created_at": "2025-05-27T15:12:18.795Z",
    "updated_at": "2025-05-27T15:12:18.795Z"
  }
},
{
  "model": "projects.dailyroster",
  "pk": "bb80279b-ea18-4cb2-944f-1c47acbe6c61",
  "fields": {
    "team_member": [
      "praveen"
    ],
    "date": "2025-06-10",
    "status": "LEAVE",
    "misc_hours": 0,
    "misc_description": "",
    "is_auto_created": false,
    "notes": "",
    "created_at": "2025-05-27T15:25:28.644Z",
    "updated_at": "2025-06-15T07:38:59.084Z"
  }
},
{
  "model": "projects.dailyroster",
  "pk": "bbadd2bb-986b-4251-970d-f24bf88de930",
  "fields": {
    "team_member": [
      "praveen"
    ],
    "date": "2025-03-15",
    "status": "WEEK_OFF",
    "misc_hours": 0,
    "misc_description": "",
    "is_auto_created": true,
    "notes": "",
    "created_at": "2025-05-27T16:55:26.521Z",
    "updated_at": "2025-05-27T16:55:26.521Z"
  }
},
{
  "model": "projects.dailyroster",
  "pk": "bc88a4d5-bf26-400d-8865-920f49b8c403",
  "fields": {
    "team_member": [
      "praveen"
    ],
    "date": "2025-02-09",
    "status": "WEEK_OFF",
    "misc_hours": 0,
    "misc_description": "",
    "is_auto_created": true,
    "notes": "",
    "created_at": "2025-05-27T16:55:36.394Z",
    "updated_at": "2025-05-27T16:55:36.394Z"
  }
},
{
  "model": "projects.dailyroster",
  "pk": "c0de9bfb-4276-43c6-9c31-7308873db4c8",
  "fields": {
    "team_member": [
      "praveen"
    ],
    "date": "2025-01-13",
    "status": "HOLIDAY",
    "misc_hours": 0,
    "misc_description": "",
    "is_auto_created": true,
    "notes": "",
    "created_at": "2025-05-27T16:55:39.316Z",
    "updated_at": "2025-05-27T16:55:39.316Z"
  }
},
{
  "model": "projects.dailyroster",
  "pk": "c1e4d70a-988a-41e2-9121-09e03555d9c8",
  "fields": {
    "team_member": [
      "praveen"
    ],
    "date": "2025-04-12",
    "status": "WEEK_OFF",
    "misc_hours": 0,
    "misc_description": "",
    "is_auto_created": true,
    "notes": "",
    "created_at": "2025-05-27T15:12:18.746Z",
    "updated_at": "2025-05-27T15:12:18.746Z"
  }
},
{
  "model": "projects.dailyroster",
  "pk": "c39398e0-b1ee-422a-94b7-ee7f5e2b783f",
  "fields": {
    "team_member": [
      "praveen"
    ],
    "date": "2025-02-16",
    "status": "WEEK_OFF",
    "misc_hours": 0,
    "misc_description": "",
    "is_auto_created": true,
    "notes": "",
    "created_at": "2025-05-27T16:55:36.507Z",
    "updated_at": "2025-05-27T16:55:36.507Z"
  }
},
{
  "model": "projects.dailyroster",
  "pk": "c3a21afb-6102-43c7-8f6b-81d3086dc9f8",
  "fields": {
    "team_member": [
      "praveen"
    ],
    "date": "2025-01-08",
    "status": "PRESENT",
    "misc_hours": 0,
    "misc_description": "",
    "is_auto_created": true,
    "notes": "",
    "created_at": "2025-05-27T16:55:39.228Z",
    "updated_at": "2025-05-27T16:55:39.228Z"
  }
},
{
  "model": "projects.dailyroster",
  "pk": "c445bef3-7e66-494c-869f-3864ad2d7495",
  "fields": {
    "team_member": [
      "praveen"
    ],
    "date": "2025-10-30",
    "status": "PRESENT",
    "misc_hours": 0,
    "misc_description": "",
    "is_auto_created": true,
    "notes": "",
    "created_at": "2025-05-27T16:56:59.149Z",
    "updated_at": "2025-05-27T16:56:59.149Z"
  }
},
{
  "model": "projects.dailyroster",
  "pk": "c51a43bb-3663-4a8d-8522-1572343b2495",
  "fields": {
    "team_member": [
      "praveen"
    ],
    "date": "2025-09-27",
    "status": "WEEK_OFF",
    "misc_hours": 0,
    "misc_description": "",
    "is_auto_created": true,
    "notes": "",
    "created_at": "2025-05-27T16:56:56.549Z",
    "updated_at": "2025-05-27T16:56:56.549Z"
  }
},
{
  "model": "projects.dailyroster",
  "pk": "c56725b0-1c8d-4d85-99d5-43c68e11a7cc",
  "fields": {
    "team_member": [
      "praveen"
    ],
    "date": "2025-10-18",
    "status": "WEEK_OFF",
    "misc_hours": 0,
    "misc_description": "",
    "is_auto_created": true,
    "notes": "",
    "created_at": "2025-05-27T16:56:58.782Z",
    "updated_at": "2025-05-27T16:56:58.783Z"
  }
},
{
  "model": "projects.dailyroster",
  "pk": "c6223e45-80f3-4524-847e-82be964208b9",
  "fields": {
    "team_member": [
      "praveen"
    ],
    "date": "2025-09-25",
    "status": "PRESENT",
    "misc_hours": 0,
    "misc_description": "",
    "is_auto_created": true,
    "notes": "",
    "created_at": "2025-05-27T16:56:56.490Z",
    "updated_at": "2025-05-27T16:56:56.490Z"
  }
},
{
  "model": "projects.dailyroster",
  "pk": "c64dc64a-4c0a-4f76-94b2-2eb848ac5257",
  "fields": {
    "team_member": [
      "praveen"
    ],
    "date": "2025-02-28",
    "status": "PRESENT",
    "misc_hours": 0,
    "misc_description": "",
    "is_auto_created": true,
    "notes": "",
    "created_at": "2025-05-27T16:55:36.697Z",
    "updated_at": "2025-05-27T16:55:36.697Z"
  }
},
{
  "model": "projects.dailyroster",
  "pk": "c73763d7-8f97-424e-8a42-c2918469d908",
  "fields": {
    "team_member": [
      "praveen"
    ],
    "date": "2025-10-16",
    "status": "PRESENT",
    "misc_hours": 0,
    "misc_description": "",
    "is_auto_created": true,
    "notes": "",
    "created_at": "2025-05-27T16:56:58.729Z",
    "updated_at": "2025-05-27T16:56:58.730Z"
  }
},
{
  "model": "projects.dailyroster",
  "pk": "c7b6d130-c6cd-4f82-bada-ad11eac6dea8",
  "fields": {
    "team_member": [
      "praveen"
    ],
    "date": "2025-06-15",
    "status": "WEEK_OFF",
    "misc_hours": 0,
    "misc_description": "",
    "is_auto_created": true,
    "notes": "",
    "created_at": "2025-05-27T15:25:28.715Z",
    "updated_at": "2025-05-27T15:25:28.715Z"
  }
},
{
  "model": "projects.dailyroster",
  "pk": "c7d1c3eb-9fe5-45fb-9d28-588ea668622b",
  "fields": {
    "team_member": [
      "praveen"
    ],
    "date": "2025-08-12",
    "status": "PRESENT",
    "misc_hours": 0,
    "misc_description": "",
    "is_auto_created": true,
    "notes": "",
    "created_at": "2025-05-27T16:56:04.269Z",
    "updated_at": "2025-05-27T16:56:04.269Z"
  }
},
{
  "model": "projects.dailyroster",
  "pk": "c8b9f891-9b91-4b73-bc4a-457a7ae1bc24",
  "fields": {
    "team_member": [
      "praveen"
    ],
    "date": "2025-04-18",
    "status": "PRESENT",
    "misc_hours": 0,
    "misc_description": "",
    "is_auto_created": true,
    "notes": "",
    "created_at": "2025-05-27T15:12:19.046Z",
    "updated_at": "2025-05-27T15:12:19.046Z"
  }
},
{
  "model": "projects.dailyroster",
  "pk": "c8f513c0-86b7-4741-931a-4a9e661ba30e",
  "fields": {
    "team_member": [
      "praveen"
    ],
    "date": "2025-04-21",
    "status": "PRESENT",
    "misc_hours": 0,
    "misc_description": "",
    "is_auto_created": true,
    "notes": "",
    "created_at": "2025-05-27T15:12:19.134Z",
    "updated_at": "2025-05-27T15:12:19.134Z"
  }
},
{
  "model": "projects.dailyroster",
  "pk": "c98d1a3b-a15d-46bd-9422-8a9a95ac9181",
  "fields": {
    "team_member": [
      "praveen"
    ],
    "date": "2025-05-21",
    "status": "PRESENT",
    "misc_hours": 0,
    "misc_description": "",
    "is_auto_created": true,
    "notes": "",
    "created_at": "2025-05-27T15:11:03.594Z",
    "updated_at": "2025-05-27T15:11:03.594Z"
  }
},
{
  "model": "projects.dailyroster",
  "pk": "c9fa91e4-f867-4564-9e2d-6c38aa6d3223",
  "fields": {
    "team_member": [
      "praveen"
    ],
    "date": "2025-07-13",
    "status": "WEEK_OFF",
    "misc_hours": 0,
    "misc_description": "",
    "is_auto_created": true,
    "notes": "",
    "created_at": "2025-05-27T16:55:59.034Z",
    "updated_at": "2025-05-27T16:55:59.034Z"
  }
},
{
  "model": "projects.dailyroster",
  "pk": "cb33ed88-78b4-4510-9735-6e739c7850c2",
  "fields": {
    "team_member": [
      "praveen"
    ],
    "date": "2025-03-28",
    "status": "PRESENT",
    "misc_hours": 0,
    "misc_description": "",
    "is_auto_created": true,
    "notes": "",
    "created_at": "2025-05-27T16:55:26.729Z",
    "updated_at": "2025-05-27T16:55:26.729Z"
  }
},
{
  "model": "projects.dailyroster",
  "pk": "cb8de835-0352-4a22-9dcb-280c569323a0",
  "fields": {
    "team_member": [
      "praveen"
    ],
    "date": "2025-02-19",
    "status": "PRESENT",
    "misc_hours": 0,
    "misc_description": "",
    "is_auto_created": true,
    "notes": "",
    "created_at": "2025-05-27T16:55:36.552Z",
    "updated_at": "2025-05-27T16:55:36.552Z"
  }
},
{
  "model": "projects.dailyroster",
  "pk": "cbd44940-5fb0-4e43-917c-8e8e78ee6a63",
  "fields": {
    "team_member": [
      "praveen"
    ],
    "date": "2025-04-03",
    "status": "PRESENT",
    "misc_hours": 0,
    "misc_description": "",
    "is_auto_created": true,
    "notes": "",
    "created_at": "2025-05-27T15:12:18.397Z",
    "updated_at": "2025-05-27T15:12:18.397Z"
  }
},
{
  "model": "projects.dailyroster",
  "pk": "ccabcc71-0aaf-43eb-a610-d69fcc999b09",
  "fields": {
    "team_member": [
      "praveen"
    ],
    "date": "2025-03-14",
    "status": "HOLIDAY",
    "misc_hours": 0,
    "misc_description": "",
    "is_auto_created": true,
    "notes": "",
    "created_at": "2025-05-27T16:55:26.504Z",
    "updated_at": "2025-05-27T16:55:26.504Z"
  }
},
{
  "model": "projects.dailyroster",
  "pk": "cd3cff3a-63a9-475c-b77e-8fdc1862a99c",
  "fields": {
    "team_member": [
      "praveen"
    ],
    "date": "2025-07-16",
    "status": "PRESENT",
    "misc_hours": 0,
    "misc_description": "",
    "is_auto_created": true,
    "notes": "",
    "created_at": "2025-05-27T16:55:59.082Z",
    "updated_at": "2025-05-27T16:55:59.082Z"
  }
},
{
  "model": "projects.dailyroster",
  "pk": "cd498887-de43-4d80-ad25-a484b9762ebc",
  "fields": {
    "team_member": [
      "praveen"
    ],
    "date": "2025-10-13",
    "status": "PRESENT",
    "misc_hours": 0,
    "misc_description": "",
    "is_auto_created": true,
    "notes": "",
    "created_at": "2025-05-27T16:56:58.648Z",
    "updated_at": "2025-05-27T16:56:58.648Z"
  }
},
{
  "model": "projects.dailyroster",
  "pk": "cfcf1cb5-1501-4671-afa2-781f13f8a439",
  "fields": {
    "team_member": [
      "praveen"
    ],
    "date": "2025-04-28",
    "status": "PRESENT",
    "misc_hours": 0,
    "misc_description": "",
    "is_auto_created": true,
    "notes": "",
    "created_at": "2025-05-27T15:12:19.369Z",
    "updated_at": "2025-05-27T15:12:19.369Z"
  }
},
{
  "model": "projects.dailyroster",
  "pk": "d0aeff06-77c1-4a2a-9b94-f1bc9a37b2a8",
  "fields": {
    "team_member": [
      "praveen"
    ],
    "date": "2025-05-27",
    "status": "PRESENT",
    "misc_hours": 180,
    "misc_description": "engagement activity (01:00); engagement activity (02:00)",
    "is_auto_created": false,
    "notes": "",
    "created_at": "2025-05-27T15:11:03.777Z",
    "updated_at": "2025-05-27T21:25:07.826Z"
  }
},
{
  "model": "projects.dailyroster",
  "pk": "d2587b5b-3822-4ff1-88e9-c6c0b909f30d",
  "fields": {
    "team_member": [
      "praveen"
    ],
    "date": "2025-08-19",
    "status": "PRESENT",
    "misc_hours": 0,
    "misc_description": "",
    "is_auto_created": true,
    "notes": "",
    "created_at": "2025-05-27T16:56:04.384Z",
    "updated_at": "2025-05-27T16:56:04.384Z"
  }
},
{
  "model": "projects.dailyroster",
  "pk": "d2aeaa4f-ffba-4add-9636-3f98bfdd6200",
  "fields": {
    "team_member": [
      "praveen"
    ],
    "date": "2025-08-06",
    "status": "PRESENT",
    "misc_hours": 0,
    "misc_description": "",
    "is_auto_created": true,
    "notes": "",
    "created_at": "2025-05-27T16:56:04.160Z",
    "updated_at": "2025-05-27T16:56:04.160Z"
  }
},
{
  "model": "projects.dailyroster",
  "pk": "d319b696-d16e-4ce9-8523-4ddf926a17fd",
  "fields": {
    "team_member": [
      "praveen"
    ],
    "date": "2025-08-27",
    "status": "HOLIDAY",
    "misc_hours": 0,
    "misc_description": "",
    "is_auto_created": true,
    "notes": "",
    "created_at": "2025-05-27T16:56:04.517Z",
    "updated_at": "2025-05-27T16:56:04.517Z"
  }
},
{
  "model": "projects.dailyroster",
  "pk": "d3ac9d6f-975d-492a-8341-13847f2d3a55",
  "fields": {
    "team_member": [
      "praveen"
    ],
    "date": "2025-09-20",
    "status": "WEEK_OFF",
    "misc_hours": 0,
    "misc_description": "",
    "is_auto_created": true,
    "notes": "",
    "created_at": "2025-05-27T16:56:56.342Z",
    "updated_at": "2025-05-27T16:56:56.342Z"
  }
},
{
  "model": "projects.dailyroster",
  "pk": "d4096672-bee1-4203-8565-e1d377118a1f",
  "fields": {
    "team_member": [
      "praveen"
    ],
    "date": "2025-04-15",
    "status": "PRESENT",
    "misc_hours": 0,
    "misc_description": "",
    "is_auto_created": true,
    "notes": "",
    "created_at": "2025-05-27T15:12:18.889Z",
    "updated_at": "2025-05-27T15:12:18.889Z"
  }
},
{
  "model": "projects.dailyroster",
  "pk": "d4fedc21-a423-40cd-9282-b312c98eb30b",
  "fields": {
    "team_member": [
      "praveen"
    ],
    "date": "2025-01-04",
    "status": "WEEK_OFF",
    "misc_hours": 0,
    "misc_description": "",
    "is_auto_created": true,
    "notes": "",
    "created_at": "2025-05-27T16:55:39.156Z",
    "updated_at": "2025-05-27T16:55:39.156Z"
  }
},
{
  "model": "projects.dailyroster",
  "pk": "d565bf8a-9f72-4b9f-bdf9-836707555fd8",
  "fields": {
    "team_member": [
      "praveen"
    ],
    "date": "2025-03-26",
    "status": "PRESENT",
    "misc_hours": 0,
    "misc_description": "",
    "is_auto_created": true,
    "notes": "",
    "created_at": "2025-05-27T16:55:26.694Z",
    "updated_at": "2025-05-27T16:55:26.694Z"
  }
},
{
  "model": "projects.dailyroster",
  "pk": "d59275e5-5fda-4dd7-82ac-30a83136ff3d",
  "fields": {
    "team_member": [
      "praveen"
    ],
    "date": "2025-08-09",
    "status": "HOLIDAY",
    "misc_hours": 0,
    "misc_description": "",
    "is_auto_created": true,
    "notes": "",
    "created_at": "2025-05-27T16:56:04.216Z",
    "updated_at": "2025-05-27T16:56:04.216Z"
  }
},
{
  "model": "projects.dailyroster",
  "pk": "d7642fcd-289c-4a93-a2b0-337db51955d8",
  "fields": {
    "team_member": [
      "praveen"
    ],
    "date": "2025-10-09",
    "status": "PRESENT",
    "misc_hours": 0,
    "misc_description": "",
    "is_auto_created": true,
    "notes": "",
    "created_at": "2025-05-27T16:56:58.515Z",
    "updated_at": "2025-05-27T16:56:58.515Z"
  }
},
{
  "model": "projects.dailyroster",
  "pk": "d77ca80c-e169-4428-bda7-4845a41bb7d5",
  "fields": {
    "team_member": [
      "praveen"
    ],
    "date": "2025-03-25",
    "status": "PRESENT",
    "misc_hours": 0,
    "misc_description": "",
    "is_auto_created": true,
    "notes": "",
    "created_at": "2025-05-27T16:55:26.677Z",
    "updated_at": "2025-05-27T16:55:26.677Z"
  }
},
{
  "model": "projects.dailyroster",
  "pk": "d848f3dd-0221-470c-8ae7-53b44c9c592c",
  "fields": {
    "team_member": [
      "praveen"
    ],
    "date": "2025-06-24",
    "status": "PRESENT",
    "misc_hours": 0,
    "misc_description": "",
    "is_auto_created": true,
    "notes": "",
    "created_at": "2025-05-27T15:25:28.855Z",
    "updated_at": "2025-05-27T15:25:28.855Z"
  }
},
{
  "model": "projects.dailyroster",
  "pk": "d87f37c3-74fc-4f40-a71c-7db2d60264bb",
  "fields": {
    "team_member": [
      "praveen"
    ],
    "date": "2025-05-30",
    "status": "PRESENT",
    "misc_hours": 60,
    "misc_description": "bhkbk (01:00)",
    "is_auto_created": false,
    "notes": "",
    "created_at": "2025-05-27T15:11:03.890Z",
    "updated_at": "2025-05-31T05:55:15.100Z"
  }
},
{
  "model": "projects.dailyroster",
  "pk": "d8bf3ea2-2bdb-427b-b7bc-0a292817538d",
  "fields": {
    "team_member": [
      "praveen"
    ],
    "date": "2025-07-11",
    "status": "PRESENT",
    "misc_hours": 0,
    "misc_description": "",
    "is_auto_created": true,
    "notes": "",
    "created_at": "2025-05-27T16:55:58.999Z",
    "updated_at": "2025-05-27T16:55:58.999Z"
  }
},
{
  "model": "projects.dailyroster",
  "pk": "d9dc6a98-8c8d-480f-90e8-1f72f69e8fa2",
  "fields": {
    "team_member": [
      "praveen"
    ],
    "date": "2025-09-21",
    "status": "WEEK_OFF",
    "misc_hours": 0,
    "misc_description": "",
    "is_auto_created": true,
    "notes": "",
    "created_at": "2025-05-27T16:56:56.371Z",
    "updated_at": "2025-05-27T16:56:56.371Z"
  }
},
{
  "model": "projects.dailyroster",
  "pk": "db4a17f9-bf87-4804-a6df-201659090604",
  "fields": {
    "team_member": [
      "praveen"
    ],
    "date": "2025-09-29",
    "status": "PRESENT",
    "misc_hours": 0,
    "misc_description": "",
    "is_auto_created": true,
    "notes": "",
    "created_at": "2025-05-27T16:56:56.611Z",
    "updated_at": "2025-05-27T16:56:56.611Z"
  }
},
{
  "model": "projects.dailyroster",
  "pk": "de6fa07e-44b2-43c4-8c4c-18dffa2b0729",
  "fields": {
    "team_member": [
      "praveen"
    ],
    "date": "2025-01-23",
    "status": "PRESENT",
    "misc_hours": 0,
    "misc_description": "",
    "is_auto_created": true,
    "notes": "",
    "created_at": "2025-05-27T16:55:39.483Z",
    "updated_at": "2025-05-27T16:55:39.483Z"
  }
},
{
  "model": "projects.dailyroster",
  "pk": "e02796da-217b-4092-9504-92595d7b9019",
  "fields": {
    "team_member": [
      "praveen"
    ],
    "date": "2025-10-05",
    "status": "WEEK_OFF",
    "misc_hours": 0,
    "misc_description": "",
    "is_auto_created": true,
    "notes": "",
    "created_at": "2025-05-27T16:56:58.415Z",
    "updated_at": "2025-05-27T16:56:58.415Z"
  }
},
{
  "model": "projects.dailyroster",
  "pk": "e080edd3-42d9-45ff-941d-9dec9e63dd25",
  "fields": {
    "team_member": [
      "praveen"
    ],
    "date": "2025-07-19",
    "status": "WEEK_OFF",
    "misc_hours": 0,
    "misc_description": "",
    "is_auto_created": true,
    "notes": "",
    "created_at": "2025-05-27T16:55:59.132Z",
    "updated_at": "2025-05-27T16:55:59.132Z"
  }
},
{
  "model": "projects.dailyroster",
  "pk": "e0ff8c66-d3b8-47e0-b315-1806109888ce",
  "fields": {
    "team_member": [
      "praveen"
    ],
    "date": "2025-03-24",
    "status": "PRESENT",
    "misc_hours": 0,
    "misc_description": "",
    "is_auto_created": true,
    "notes": "",
    "created_at": "2025-05-27T16:55:26.661Z",
    "updated_at": "2025-05-27T16:55:26.661Z"
  }
},
{
  "model": "projects.dailyroster",
  "pk": "e12e55fd-adac-41e8-aa06-11897354056e",
  "fields": {
    "team_member": [
      "praveen"
    ],
    "date": "2025-06-04",
    "status": "LEAVE",
    "misc_hours": 0,
    "misc_description": "",
    "is_auto_created": false,
    "notes": "",
    "created_at": "2025-05-27T15:25:28.553Z",
    "updated_at": "2025-06-15T07:39:41.846Z"
  }
},
{
  "model": "projects.dailyroster",
  "pk": "e149e7b7-0d79-4d52-9f88-aa05ec060fb7",
  "fields": {
    "team_member": [
      "praveen"
    ],
    "date": "2025-03-13",
    "status": "PRESENT",
    "misc_hours": 0,
    "misc_description": "",
    "is_auto_created": true,
    "notes": "",
    "created_at": "2025-05-27T16:55:26.488Z",
    "updated_at": "2025-05-27T16:55:26.488Z"
  }
},
{
  "model": "projects.dailyroster",
  "pk": "e178b4f8-cf65-4e35-ae66-265d9d953751",
  "fields": {
    "team_member": [
      "praveen"
    ],
    "date": "2025-07-18",
    "status": "PRESENT",
    "misc_hours": 0,
    "misc_description": "",
    "is_auto_created": true,
    "notes": "",
    "created_at": "2025-05-27T16:55:59.115Z",
    "updated_at": "2025-05-27T16:55:59.115Z"
  }
},
{
  "model": "projects.dailyroster",
  "pk": "e279bf81-892b-4b0d-b903-acf912b7e5b0",
  "fields": {
    "team_member": [
      "praveen"
    ],
    "date": "2025-06-28",
    "status": "WEEK_OFF",
    "misc_hours": 0,
    "misc_description": "",
    "is_auto_created": true,
    "notes": "",
    "created_at": "2025-05-27T15:25:28.906Z",
    "updated_at": "2025-05-27T15:25:28.906Z"
  }
},
{
  "model": "projects.dailyroster",
  "pk": "e3456940-469f-48f7-9ddc-d3671c7ecd02",
  "fields": {
    "team_member": [
      "praveen"
    ],
    "date": "2025-08-22",
    "status": "PRESENT",
    "misc_hours": 0,
    "misc_description": "",
    "is_auto_created": true,
    "notes": "",
    "created_at": "2025-05-27T16:56:04.434Z",
    "updated_at": "2025-05-27T16:56:04.434Z"
  }
},
{
  "model": "projects.dailyroster",
  "pk": "e4732a5d-d951-400f-bcb7-8e5406340a3c",
  "fields": {
    "team_member": [
      "praveen"
    ],
    "date": "2025-05-24",
    "status": "LEAVE",
    "misc_hours": 0,
    "misc_description": "",
    "is_auto_created": false,
    "notes": "",
    "created_at": "2025-05-27T15:11:03.693Z",
    "updated_at": "2025-06-01T14:51:35.480Z"
  }
},
{
  "model": "projects.dailyroster",
  "pk": "e4e71903-d73b-4daa-b8d5-e44d47dfd56a",
  "fields": {
    "team_member": [
      "praveen"
    ],
    "date": "2025-01-02",
    "status": "PRESENT",
    "misc_hours": 0,
    "misc_description": "",
    "is_auto_created": true,
    "notes": "",
    "created_at": "2025-05-27T16:55:39.119Z",
    "updated_at": "2025-05-27T16:55:39.119Z"
  }
},
{
  "model": "projects.dailyroster",
  "pk": "e5a31591-33cb-4006-9d22-9148a4051e3f",
  "fields": {
    "team_member": [
      "praveen"
    ],
    "date": "2025-02-02",
    "status": "WEEK_OFF",
    "misc_hours": 0,
    "misc_description": "",
    "is_auto_created": true,
    "notes": "",
    "created_at": "2025-05-27T16:55:36.264Z",
    "updated_at": "2025-05-27T16:55:36.264Z"
  }
},
{
  "model": "projects.dailyroster",
  "pk": "e63b12f3-7fd8-4680-a8e9-dbed4fd35aa4",
  "fields": {
    "team_member": [
      "praveen"
    ],
    "date": "2025-05-29",
    "status": "PRESENT",
    "misc_hours": 0,
    "misc_description": "",
    "is_auto_created": true,
    "notes": "",
    "created_at": "2025-05-27T15:11:03.854Z",
    "updated_at": "2025-05-30T03:51:17.687Z"
  }
},
{
  "model": "projects.dailyroster",
  "pk": "e86d621b-5f62-4691-ba2c-82fe5a8601d8",
  "fields": {
    "team_member": [
      "praveen"
    ],
    "date": "2025-04-17",
    "status": "PRESENT",
    "misc_hours": 0,
    "misc_description": "",
    "is_auto_created": true,
    "notes": "",
    "created_at": "2025-05-27T15:12:18.993Z",
    "updated_at": "2025-05-27T15:12:18.993Z"
  }
},
{
  "model": "projects.dailyroster",
  "pk": "e9234f9c-1b42-4c36-a30e-0587958d6769",
  "fields": {
    "team_member": [
      "praveen"
    ],
    "date": "2025-04-01",
    "status": "PRESENT",
    "misc_hours": 0,
    "misc_description": "",
    "is_auto_created": true,
    "notes": "",
    "created_at": "2025-05-27T15:12:18.298Z",
    "updated_at": "2025-05-27T15:12:18.298Z"
  }
},
{
  "model": "projects.dailyroster",
  "pk": "e9343aa1-829b-4b45-b542-2de5c266abee",
  "fields": {
    "team_member": [
      "praveen"
    ],
    "date": "2025-09-06",
    "status": "WEEK_OFF",
    "misc_hours": 0,
    "misc_description": "",
    "is_auto_created": true,
    "notes": "",
    "created_at": "2025-05-27T16:56:55.927Z",
    "updated_at": "2025-05-27T16:56:55.927Z"
  }
},
{
  "model": "projects.dailyroster",
  "pk": "e9ca3f62-59df-4cce-91fc-0fbea285dca7",
  "fields": {
    "team_member": [
      "praveen"
    ],
    "date": "2025-02-21",
    "status": "PRESENT",
    "misc_hours": 0,
    "misc_description": "",
    "is_auto_created": true,
    "notes": "",
    "created_at": "2025-05-27T16:55:36.585Z",
    "updated_at": "2025-05-27T16:55:36.585Z"
  }
},
{
  "model": "projects.dailyroster",
  "pk": "eadc71fa-4c02-4d56-b659-d9721eecf556",
  "fields": {
    "team_member": [
      "praveen"
    ],
    "date": "2025-05-08",
    "status": "PRESENT",
    "misc_hours": 0,
    "misc_description": "",
    "is_auto_created": true,
    "notes": "",
    "created_at": "2025-05-27T15:11:03.044Z",
    "updated_at": "2025-05-27T15:11:03.044Z"
  }
},
{
  "model": "projects.dailyroster",
  "pk": "eb55667c-8943-40fc-9a17-dddee071dc9d",
  "fields": {
    "team_member": [
      "praveen"
    ],
    "date": "2025-03-06",
    "status": "PRESENT",
    "misc_hours": 0,
    "misc_description": "",
    "is_auto_created": true,
    "notes": "",
    "created_at": "2025-05-27T16:55:26.345Z",
    "updated_at": "2025-05-27T16:55:26.345Z"
  }
},
{
  "model": "projects.dailyroster",
  "pk": "ec32a9ce-40c7-4a4d-84c9-6f7d573e1fbc",
  "fields": {
    "team_member": [
      "praveen"
    ],
    "date": "2025-09-11",
    "status": "PRESENT",
    "misc_hours": 0,
    "misc_description": "",
    "is_auto_created": true,
    "notes": "",
    "created_at": "2025-05-27T16:56:56.080Z",
    "updated_at": "2025-05-27T16:56:56.080Z"
  }
},
{
  "model": "projects.dailyroster",
  "pk": "ec8a7df2-8ee9-4f20-987a-5650d3f46983",
  "fields": {
    "team_member": [
      "praveen"
    ],
    "date": "2025-10-24",
    "status": "PRESENT",
    "misc_hours": 0,
    "misc_description": "",
    "is_auto_created": true,
    "notes": "",
    "created_at": "2025-05-27T16:56:58.952Z",
    "updated_at": "2025-05-27T16:56:58.952Z"
  }
},
{
  "model": "projects.dailyroster",
  "pk": "ecb13146-8172-4701-901b-fd45f9c5fa6b",
  "fields": {
    "team_member": [
      "praveen"
    ],
    "date": "2025-04-09",
    "status": "PRESENT",
    "misc_hours": 0,
    "misc_description": "",
    "is_auto_created": true,
    "notes": "",
    "created_at": "2025-05-27T15:12:18.640Z",
    "updated_at": "2025-05-27T15:12:18.640Z"
  }
},
{
  "model": "projects.dailyroster",
  "pk": "ee97de67-1aec-44db-afa5-b003fb26febf",
  "fields": {
    "team_member": [
      "praveen"
    ],
    "date": "2025-07-31",
    "status": "PRESENT",
    "misc_hours": 0,
    "misc_description": "",
    "is_auto_created": true,
    "notes": "",
    "created_at": "2025-05-27T16:55:59.322Z",
    "updated_at": "2025-05-27T16:55:59.322Z"
  }
},
{
  "model": "projects.dailyroster",
  "pk": "ee9b1eaa-124b-4299-b0b2-fd8ea36601a5",
  "fields": {
    "team_member": [
      "praveen"
    ],
    "date": "2025-05-22",
    "status": "PRESENT",
    "misc_hours": 0,
    "misc_description": "",
    "is_auto_created": true,
    "notes": "",
    "created_at": "2025-05-27T15:11:03.630Z",
    "updated_at": "2025-05-27T15:11:03.630Z"
  }
},
{
  "model": "projects.dailyroster",
  "pk": "eecf4068-60dc-46f3-9889-8013418f3d3f",
  "fields": {
    "team_member": [
      "praveen"
    ],
    "date": "2025-06-07",
    "status": "WEEK_OFF",
    "misc_hours": 0,
    "misc_description": "",
    "is_auto_created": true,
    "notes": "",
    "created_at": "2025-05-27T15:25:28.595Z",
    "updated_at": "2025-05-27T15:25:28.595Z"
  }
},
{
  "model": "projects.dailyroster",
  "pk": "ef24197b-a198-4a04-ba62-20a80c2ed067",
  "fields": {
    "team_member": [
      "praveen"
    ],
    "date": "2025-02-20",
    "status": "PRESENT",
    "misc_hours": 0,
    "misc_description": "",
    "is_auto_created": true,
    "notes": "",
    "created_at": "2025-05-27T16:55:36.568Z",
    "updated_at": "2025-05-27T16:55:36.568Z"
  }
},
{
  "model": "projects.dailyroster",
  "pk": "efc82fe4-6fcf-432e-9706-e2834721b4ce",
  "fields": {
    "team_member": [
      "praveen"
    ],
    "date": "2025-03-18",
    "status": "PRESENT",
    "misc_hours": 0,
    "misc_description": "",
    "is_auto_created": true,
    "notes": "",
    "created_at": "2025-05-27T16:55:26.568Z",
    "updated_at": "2025-05-27T16:55:26.568Z"
  }
},
{
  "model": "projects.dailyroster",
  "pk": "f025cdef-fd6a-44a6-b55b-6acc975bd4cc",
  "fields": {
    "team_member": [
      "praveen"
    ],
    "date": "2025-05-13",
    "status": "PRESENT",
    "misc_hours": 0,
    "misc_description": "",
    "is_auto_created": true,
    "notes": "",
    "created_at": "2025-05-27T15:11:03.271Z",
    "updated_at": "2025-05-27T15:11:03.271Z"
  }
},
{
  "model": "projects.dailyroster",
  "pk": "f0470065-7247-475f-8037-1e4d418b4406",
  "fields": {
    "team_member": [
      "praveen"
    ],
    "date": "2025-02-12",
    "status": "PRESENT",
    "misc_hours": 0,
    "misc_description": "",
    "is_auto_created": true,
    "notes": "",
    "created_at": "2025-05-27T16:55:36.442Z",
    "updated_at": "2025-05-27T16:55:36.442Z"
  }
},
{
  "model": "projects.dailyroster",
  "pk": "f12e2712-9606-4aa6-8722-a1f2b30de107",
  "fields": {
    "team_member": [
      "praveen"
    ],
    "date": "2025-06-26",
    "status": "PRESENT",
    "misc_hours": 0,
    "misc_description": "",
    "is_auto_created": true,
    "notes": "",
    "created_at": "2025-05-27T15:25:28.880Z",
    "updated_at": "2025-05-27T15:25:28.880Z"
  }
},
{
  "model": "projects.dailyroster",
  "pk": "f133c7b5-a11f-4a57-926d-c5de92f7e4fd",
  "fields": {
    "team_member": [
      "praveen"
    ],
    "date": "2025-01-18",
    "status": "WEEK_OFF",
    "misc_hours": 0,
    "misc_description": "",
    "is_auto_created": true,
    "notes": "",
    "created_at": "2025-05-27T16:55:39.401Z",
    "updated_at": "2025-05-27T16:55:39.401Z"
  }
},
{
  "model": "projects.dailyroster",
  "pk": "f55a6af6-6262-4f68-a031-b443de44074a",
  "fields": {
    "team_member": [
      "praveen"
    ],
    "date": "2025-01-22",
    "status": "PRESENT",
    "misc_hours": 0,
    "misc_description": "",
    "is_auto_created": true,
    "notes": "",
    "created_at": "2025-05-27T16:55:39.467Z",
    "updated_at": "2025-05-27T16:55:39.467Z"
  }
},
{
  "model": "projects.dailyroster",
  "pk": "f9b47178-92fc-4598-8d78-3c36c8a50185",
  "fields": {
    "team_member": [
      "praveen"
    ],
    "date": "2025-05-07",
    "status": "PRESENT",
    "misc_hours": 0,
    "misc_description": "",
    "is_auto_created": true,
    "notes": "",
    "created_at": "2025-05-27T15:11:03.003Z",
    "updated_at": "2025-05-27T15:11:03.003Z"
  }
},
{
  "model": "projects.dailyroster",
  "pk": "f9d2d8e1-54f4-48b2-8852-9a3531f2dae6",
  "fields": {
    "team_member": [
      "praveen"
    ],
    "date": "2025-09-30",
    "status": "PRESENT",
    "misc_hours": 0,
    "misc_description": "",
    "is_auto_created": true,
    "notes": "",
    "created_at": "2025-05-27T16:56:56.642Z",
    "updated_at": "2025-05-27T16:56:56.643Z"
  }
},
{
  "model": "projects.dailyroster",
  "pk": "fadd21b2-c1c5-4e89-bf3f-ee67fc1bb5d3",
  "fields": {
    "team_member": [
      "praveen"
    ],
    "date": "2025-01-28",
    "status": "PRESENT",
    "misc_hours": 0,
    "misc_description": "",
    "is_auto_created": true,
    "notes": "",
    "created_at": "2025-05-27T16:55:39.561Z",
    "updated_at": "2025-05-27T16:55:39.561Z"
  }
},
{
  "model": "projects.dailyroster",
  "pk": "fbd6d0a3-c84a-4cee-88d7-23ae015af827",
  "fields": {
    "team_member": [
      "praveen"
    ],
    "date": "2025-08-24",
    "status": "WEEK_OFF",
    "misc_hours": 0,
    "misc_description": "",
    "is_auto_created": true,
    "notes": "",
    "created_at": "2025-05-27T16:56:04.470Z",
    "updated_at": "2025-05-27T16:56:04.470Z"
  }
},
{
  "model": "projects.dailyroster",
  "pk": "fc1e2e94-7357-449b-8b85-a6a507cbf28d",
  "fields": {
    "team_member": [
      "praveen"
    ],
    "date": "2025-01-01",
    "status": "HOLIDAY",
    "misc_hours": 0,
    "misc_description": "",
    "is_auto_created": true,
    "notes": "",
    "created_at": "2025-05-27T16:55:39.029Z",
    "updated_at": "2025-05-27T16:55:39.029Z"
  }
},
{
  "model": "projects.dailyroster",
  "pk": "fd87dd1c-9dc6-49a8-b7a7-26cf7057f276",
  "fields": {
    "team_member": [
      "praveen"
    ],
    "date": "2025-06-01",
    "status": "WEEK_OFF",
    "misc_hours": 0,
    "misc_description": "",
    "is_auto_created": true,
    "notes": "",
    "created_at": "2025-05-27T15:25:28.509Z",
    "updated_at": "2025-06-01T14:50:58.824Z"
  }
},
{
  "model": "projects.dailyroster",
  "pk": "ff43c042-422f-462d-8e8a-e6db6bb763c0",
  "fields": {
    "team_member": [
      "praveen"
    ],
    "date": "2025-09-14",
    "status": "WEEK_OFF",
    "misc_hours": 0,
    "misc_description": "",
    "is_auto_created": true,
    "notes": "",
    "created_at": "2025-05-27T16:56:56.168Z",
    "updated_at": "2025-05-27T16:56:56.168Z"
  }
},
{
  "model": "projects.dailyroster",
  "pk": "ff6fe161-2dae-4295-95e9-d9722f236c8f",
  "fields": {
    "team_member": [
      "praveen"
    ],
    "date": "2025-09-13",
    "status": "WEEK_OFF",
    "misc_hours": 0,
    "misc_description": "",
    "is_auto_created": true,
    "notes": "",
    "created_at": "2025-05-27T16:56:56.137Z",
    "updated_at": "2025-05-27T16:56:56.137Z"
  }
},
{
  "model": "projects.projectdelivery",
  "pk": "b6e767f0-8da3-4c80-8e35-09f1bf3ca4cd",
  "fields": {
    "project": "aedaa6b4-0d60-4cdd-8ebd-8fbbb9c3879d",
    "project_incharge": [
      "praveen"
    ],
    "delivery_date": "2025-06-02",
    "delivery_performance_rating": "5.0",
    "project_name": "test",
    "hs_id": "A8",
    "expected_completion_date": "2025-05-16",
    "actual_completion_date": "2025-06-02",
    "created_at": "2025-06-02T04:11:54.329Z"
  }
},
{
  "model": "admin.logentry",
  "pk": 1,
  "fields": {
    "action_time": "2025-01-10T08:14:20.317Z",
    "user": [
      "sunny"
    ],
    "content_type": [
      "accounts",
      "user"
    ],
    "object_id": "8c863eae-baa2-4d2b-970e-7e5087d8e3f1",
    "object_repr": "sunny - Project Manager",
    "action_flag": 2,
    "change_message": "[{\"changed\": {\"fields\": [\"Role\"]}}]"
  }
},
{
  "model": "admin.logentry",
  "pk": 2,
  "fields": {
    "action_time": "2025-01-17T06:18:44.943Z",
    "user": [
      "sunny"
    ],
    "content_type": [
      "locations",
      "region"
    ],
    "object_id": "9d480f3c-b8cc-4a36-bf7d-feca35e1797f",
    "object_repr": "West",
    "action_flag": 1,
    "change_message": "[{\"added\": {}}]"
  }
},
{
  "model": "admin.logentry",
  "pk": 3,
  "fields": {
    "action_time": "2025-01-17T06:18:55.320Z",
    "user": [
      "sunny"
    ],
    "content_type": [
      "locations",
      "city"
    ],
    "object_id": "baacbd3f-8df8-4d9e-aa8b-80b1776e00cc",
    "object_repr": "Mumbai (West)",
    "action_flag": 1,
    "change_message": "[{\"added\": {}}]"
  }
},
{
  "model": "admin.logentry",
  "pk": 4,
  "fields": {
    "action_time": "2025-01-17T06:44:29.838Z",
    "user": [
      "sunny"
    ],
    "content_type": [
      "projects",
      "project"
    ],
    "object_id": "a67a7c91-3bb2-4d83-88a6-f0f3cbd02576",
    "object_repr": "Sadguru Realty (https://lookup.housing.com/opportunity/2968566)",
    "action_flag": 2,
    "change_message": "[{\"changed\": {\"fields\": [\"City\"]}}]"
  }
},
{
  "model": "admin.logentry",
  "pk": 5,
  "fields": {
    "action_time": "2025-01-17T08:34:17.079Z",
    "user": [
      "sunny"
    ],
    "content_type": [
      "locations",
      "city"
    ],
    "object_id": "1527675a-58cb-4505-9d0d-d975f48f83f3",
    "object_repr": "Pune (West)",
    "action_flag": 1,
    "change_message": "[{\"added\": {}}]"
  }
},
{
  "model": "admin.logentry",
  "pk": 6,
  "fields": {
    "action_time": "2025-01-20T07:43:08.291Z",
    "user": [
      "sunny"
    ],
    "content_type": [
      "accounts",
      "user"
    ],
    "object_id": "744a12ed-750c-4353-bfe9-bd6f1fd56204",
    "object_repr": "Amit - Team Leader",
    "action_flag": 1,
    "change_message": "[{\"added\": {}}]"
  }
},
{
  "model": "admin.logentry",
  "pk": 7,
  "fields": {
    "action_time": "2025-01-20T07:43:56.957Z",
    "user": [
      "sunny"
    ],
    "content_type": [
      "accounts",
      "user"
    ],
    "object_id": "c6b6993b-08fa-48a6-be4c-dc0e4530e0f3",
    "object_repr": "saket - Team Member",
    "action_flag": 1,
    "change_message": "[{\"added\": {}}]"
  }
},
{
  "model": "admin.logentry",
  "pk": 8,
  "fields": {
    "action_time": "2025-01-22T05:05:04.758Z",
    "user": [
      "sunny"
    ],
    "content_type": [
      "accounts",
      "user"
    ],
    "object_id": "744a12ed-750c-4353-bfe9-bd6f1fd56204",
    "object_repr": "Amit - Team Leader",
    "action_flag": 2,
    "change_message": "[{\"changed\": {\"fields\": [\"Staff status\"]}}]"
  }
},
{
  "model": "admin.logentry",
  "pk": 9,
  "fields": {
    "action_time": "2025-01-22T05:05:41.002Z",
    "user": [
      "sunny"
    ],
    "content_type": [
      "locations",
      "region"
    ],
    "object_id": "7aefc82e-4705-40e6-9499-797571f80f5e",
    "object_repr": "South",
    "action_flag": 1,
    "change_message": "[{\"added\": {}}]"
  }
},
{
  "model": "admin.logentry",
  "pk": 10,
  "fields": {
    "action_time": "2025-01-22T05:05:56.248Z",
    "user": [
      "sunny"
    ],
    "content_type": [
      "locations",
      "city"
    ],
    "object_id": "6352c4cd-20e4-493e-956d-9eedfe3efa93",
    "object_repr": "Bangalore (South)",
    "action_flag": 1,
    "change_message": "[{\"added\": {}}]"
  }
},
{
  "model": "admin.logentry",
  "pk": 11,
  "fields": {
    "action_time": "2025-01-22T07:11:40.986Z",
    "user": [
      "sunny"
    ],
    "content_type": [
      "accounts",
      "user"
    ],
    "object_id": "99dc4c6d-0d3f-452b-9131-63bd6a67d550",
    "object_repr": "Parth - Team Leader",
    "action_flag": 1,
    "change_message": "[{\"added\": {}}]"
  }
},
{
  "model": "admin.logentry",
  "pk": 12,
  "fields": {
    "action_time": "2025-01-22T07:42:16.031Z",
    "user": [
      "sunny"
    ],
    "content_type": [
      "accounts",
      "user"
    ],
    "object_id": "744a12ed-750c-4353-bfe9-bd6f1fd56204",
    "object_repr": "Amit - Team Leader",
    "action_flag": 2,
    "change_message": "[{\"changed\": {\"fields\": [\"First name\", \"Last name\"]}}]"
  }
},
{
  "model": "admin.logentry",
  "pk": 13,
  "fields": {
    "action_time": "2025-01-22T07:42:30.614Z",
    "user": [
      "sunny"
    ],
    "content_type": [
      "accounts",
      "user"
    ],
    "object_id": "99dc4c6d-0d3f-452b-9131-63bd6a67d550",
    "object_repr": "Parth - Team Leader",
    "action_flag": 2,
    "change_message": "[{\"changed\": {\"fields\": [\"First name\", \"Last name\"]}}]"
  }
},
{
  "model": "admin.logentry",
  "pk": 14,
  "fields": {
    "action_time": "2025-01-22T09:43:55.013Z",
    "user": [
      "sunny"
    ],
    "content_type": [
      "accounts",
      "user"
    ],
    "object_id": "8c863eae-baa2-4d2b-970e-7e5087d8e3f1",
    "object_repr": "sunny - Project Manager",
    "action_flag": 2,
    "change_message": "[{\"changed\": {\"fields\": [\"First name\", \"Last name\"]}}]"
  }
},
{
  "model": "admin.logentry",
  "pk": 15,
  "fields": {
    "action_time": "2025-01-28T12:25:17.115Z",
    "user": [
      "sunny"
    ],
    "content_type": [
      "projects",
      "project"
    ],
    "object_id": "fd130d00-dd3c-47ae-b621-131d877824cd",
    "object_repr": "Iconic Properties (https://lookup.housing.com/opportunity/4565899)",
    "action_flag": 2,
    "change_message": "[{\"changed\": {\"fields\": [\"Team leader\"]}}]"
  }
},
{
  "model": "admin.logentry",
  "pk": 16,
  "fields": {
    "action_time": "2025-01-28T12:34:28.121Z",
    "user": [
      "sunny"
    ],
    "content_type": [
      "projects",
      "project"
    ],
    "object_id": "82f7e9ee-0e25-403a-91e4-a42062ef0615",
    "object_repr": "The Right Life (https://lookup.housing.com/opportunity/4510360)",
    "action_flag": 2,
    "change_message": "[{\"changed\": {\"fields\": [\"Team leader\"]}}]"
  }
},
{
  "model": "admin.logentry",
  "pk": 17,
  "fields": {
    "action_time": "2025-01-29T05:48:29.432Z",
    "user": [
      "sunny"
    ],
    "content_type": [
      "projects",
      "producttask"
    ],
    "object_id": "c557c898-0ba0-4524-b877-cbd354ec9e52",
    "object_repr": "Virtual_Full_Project_Digitour - Tower Modeling",
    "action_flag": 1,
    "change_message": "[{\"added\": {}}]"
  }
},
{
  "model": "admin.logentry",
  "pk": 18,
  "fields": {
    "action_time": "2025-01-29T05:48:49.272Z",
    "user": [
      "sunny"
    ],
    "content_type": [
      "projects",
      "producttask"
    ],
    "object_id": "964a2048-5d3a-4deb-8d7f-4e3d242121e0",
    "object_repr": "Virtual_Full_Project_Digitour - Master Plan Modeling & Texturing",
    "action_flag": 1,
    "change_message": "[{\"added\": {}}]"
  }
},
{
  "model": "admin.logentry",
  "pk": 19,
  "fields": {
    "action_time": "2025-01-29T05:49:00.996Z",
    "user": [
      "sunny"
    ],
    "content_type": [
      "projects",
      "producttask"
    ],
    "object_id": "e13d4a5a-4cb4-48c6-9ccd-9ded9c76d2fd",
    "object_repr": "Virtual_Full_Project_Digitour - Gate Modeling & Texturing",
    "action_flag": 1,
    "change_message": "[{\"added\": {}}]"
  }
},
{
  "model": "admin.logentry",
  "pk": 20,
  "fields": {
    "action_time": "2025-01-29T05:49:15.838Z",
    "user": [
      "sunny"
    ],
    "content_type": [
      "projects",
      "producttask"
    ],
    "object_id": "702ebc38-34d1-4be7-9fc5-0495151e0845",
    "object_repr": "Virtual_Full_Project_Digitour - Boundary Wall Modeling & Texturing",
    "action_flag": 1,
    "change_message": "[{\"added\": {}}]"
  }
},
{
  "model": "admin.logentry",
  "pk": 21,
  "fields": {
    "action_time": "2025-01-29T05:49:29.362Z",
    "user": [
      "sunny"
    ],
    "content_type": [
      "projects",
      "producttask"
    ],
    "object_id": "184f534f-b666-4130-af3f-4e462d9269c4",
    "object_repr": "Virtual_Full_Project_Digitour - Podium Modeling & Texturing",
    "action_flag": 1,
    "change_message": "[{\"added\": {}}]"
  }
},
{
  "model": "admin.logentry",
  "pk": 22,
  "fields": {
    "action_time": "2025-01-29T05:49:55.152Z",
    "user": [
      "sunny"
    ],
    "content_type": [
      "projects",
      "producttask"
    ],
    "object_id": "6e9b62f8-1ce5-4a07-adae-aaaa60554aa5",
    "object_repr": "Walkthrough - Tower Modeling",
    "action_flag": 1,
    "change_message": "[{\"added\": {}}]"
  }
},
{
  "model": "admin.logentry",
  "pk": 23,
  "fields": {
    "action_time": "2025-01-29T05:50:08.742Z",
    "user": [
      "sunny"
    ],
    "content_type": [
      "projects",
      "producttask"
    ],
    "object_id": "91ad218b-fcd9-49cc-8f6c-841462a61eaf",
    "object_repr": "Walkthrough - Master Plan Modeling & Texturing",
    "action_flag": 1,
    "change_message": "[{\"added\": {}}]"
  }
},
{
  "model": "admin.logentry",
  "pk": 24,
  "fields": {
    "action_time": "2025-01-29T05:50:23.097Z",
    "user": [
      "sunny"
    ],
    "content_type": [
      "projects",
      "producttask"
    ],
    "object_id": "5e56bd97-8e43-4b22-b767-4f5326896ae3",
    "object_repr": "Walkthrough - Gate Modeling Texturing",
    "action_flag": 1,
    "change_message": "[{\"added\": {}}]"
  }
},
{
  "model": "admin.logentry",
  "pk": 25,
  "fields": {
    "action_time": "2025-01-29T05:50:35.419Z",
    "user": [
      "sunny"
    ],
    "content_type": [
      "projects",
      "producttask"
    ],
    "object_id": "723627d0-02ba-4c1b-91ca-b944035e3402",
    "object_repr": "Walkthrough - Boundary Wall Modeling & Texturing",
    "action_flag": 1,
    "change_message": "[{\"added\": {}}]"
  }
},
{
  "model": "admin.logentry",
  "pk": 26,
  "fields": {
    "action_time": "2025-01-29T05:50:49.456Z",
    "user": [
      "sunny"
    ],
    "content_type": [
      "projects",
      "producttask"
    ],
    "object_id": "9088215e-9b53-407c-8ad3-82f7cb0d9927",
    "object_repr": "Walkthrough - Podium Modeling & Texturing",
    "action_flag": 1,
    "change_message": "[{\"added\": {}}]"
  }
},
{
  "model": "admin.logentry",
  "pk": 27,
  "fields": {
    "action_time": "2025-01-29T05:51:05.927Z",
    "user": [
      "sunny"
    ],
    "content_type": [
      "projects",
      "producttask"
    ],
    "object_id": "5e55dc3e-a33a-4512-b3eb-e9130f97ac85",
    "object_repr": "Walkthrough - Terrace Modeling & Texturing",
    "action_flag": 1,
    "change_message": "[{\"added\": {}}]"
  }
},
{
  "model": "admin.logentry",
  "pk": 28,
  "fields": {
    "action_time": "2025-01-29T05:51:18.783Z",
    "user": [
      "sunny"
    ],
    "content_type": [
      "projects",
      "producttask"
    ],
    "object_id": "91cab416-1177-48ed-8f59-0614ec07da5c",
    "object_repr": "Walkthrough - Basement Parking Modeling & Texturing",
    "action_flag": 1,
    "change_message": "[{\"added\": {}}]"
  }
},
{
  "model": "admin.logentry",
  "pk": 29,
  "fields": {
    "action_time": "2025-01-29T05:51:31.611Z",
    "user": [
      "sunny"
    ],
    "content_type": [
      "projects",
      "producttask"
    ],
    "object_id": "2bc58c96-bcbd-487f-862a-bd44e8103ed2",
    "object_repr": "Walkthrough - Master Plan Landscaping",
    "action_flag": 1,
    "change_message": "[{\"added\": {}}]"
  }
},
{
  "model": "admin.logentry",
  "pk": 30,
  "fields": {
    "action_time": "2025-01-29T05:51:43.427Z",
    "user": [
      "sunny"
    ],
    "content_type": [
      "projects",
      "producttask"
    ],
    "object_id": "950a239f-2de5-4174-aced-fe4a080a5dd3",
    "object_repr": "Walkthrough - Podium Landscaping",
    "action_flag": 1,
    "change_message": "[{\"added\": {}}]"
  }
},
{
  "model": "admin.logentry",
  "pk": 31,
  "fields": {
    "action_time": "2025-01-29T05:52:00.262Z",
    "user": [
      "sunny"
    ],
    "content_type": [
      "projects",
      "producttask"
    ],
    "object_id": "b92be24d-0363-4f15-9c42-60c21fbdc2fe",
    "object_repr": "Digiplot - 100 M Overlay",
    "action_flag": 1,
    "change_message": "[{\"added\": {}}]"
  }
},
{
  "model": "admin.logentry",
  "pk": 32,
  "fields": {
    "action_time": "2025-01-29T05:52:10.729Z",
    "user": [
      "sunny"
    ],
    "content_type": [
      "projects",
      "producttask"
    ],
    "object_id": "b542a4d2-1b51-4ae7-b1e0-22801d34dec1",
    "object_repr": "Digiplot - 50 M Overlay",
    "action_flag": 1,
    "change_message": "[{\"added\": {}}]"
  }
},
{
  "model": "admin.logentry",
  "pk": 33,
  "fields": {
    "action_time": "2025-01-29T05:52:23.699Z",
    "user": [
      "sunny"
    ],
    "content_type": [
      "projects",
      "producttask"
    ],
    "object_id": "fb0102fd-358f-4daa-866f-a6fb79f3fc64",
    "object_repr": "Digiplot - 50ft Overlay",
    "action_flag": 1,
    "change_message": "[{\"added\": {}}]"
  }
},
{
  "model": "admin.logentry",
  "pk": 34,
  "fields": {
    "action_time": "2025-01-29T05:52:39.840Z",
    "user": [
      "sunny"
    ],
    "content_type": [
      "projects",
      "producttask"
    ],
    "object_id": "02edffd2-2f33-4223-8c6e-09292d054d5e",
    "object_repr": "Digiplot - Plot no. & Sq.ft. PS",
    "action_flag": 1,
    "change_message": "[{\"added\": {}}]"
  }
},
{
  "model": "admin.logentry",
  "pk": 35,
  "fields": {
    "action_time": "2025-01-29T05:52:50.195Z",
    "user": [
      "sunny"
    ],
    "content_type": [
      "projects",
      "producttask"
    ],
    "object_id": "af14eecc-0c2d-41fd-bea5-fe2ab0d35c16",
    "object_repr": "Digiplot - Pano2vr",
    "action_flag": 1,
    "change_message": "[{\"added\": {}}]"
  }
},
{
  "model": "admin.logentry",
  "pk": 36,
  "fields": {
    "action_time": "2025-01-29T05:53:10.167Z",
    "user": [
      "sunny"
    ],
    "content_type": [
      "projects",
      "producttask"
    ],
    "object_id": "292952f5-83c8-4612-b27b-148a4e2e71f7",
    "object_repr": "Digiplot - Hotspot Creation",
    "action_flag": 1,
    "change_message": "[{\"added\": {}}]"
  }
},
{
  "model": "admin.logentry",
  "pk": 37,
  "fields": {
    "action_time": "2025-01-29T05:53:21.958Z",
    "user": [
      "sunny"
    ],
    "content_type": [
      "projects",
      "producttask"
    ],
    "object_id": "f29b0ffa-6794-41c3-9457-16de942c5017",
    "object_repr": "Digiplot - Link Creation",
    "action_flag": 1,
    "change_message": "[{\"added\": {}}]"
  }
},
{
  "model": "admin.logentry",
  "pk": 38,
  "fields": {
    "action_time": "2025-01-29T05:53:55.603Z",
    "user": [
      "sunny"
    ],
    "content_type": [
      "projects",
      "qualitylabel"
    ],
    "object_id": "179c1900-494f-4e29-ad1c-f48e7126e9cd",
    "object_repr": "Virtual_Full_Project_Digitour - Q1",
    "action_flag": 1,
    "change_message": "[{\"added\": {}}]"
  }
},
{
  "model": "admin.logentry",
  "pk": 39,
  "fields": {
    "action_time": "2025-01-29T05:54:02.269Z",
    "user": [
      "sunny"
    ],
    "content_type": [
      "projects",
      "qualitylabel"
    ],
    "object_id": "0cfac617-4299-4e37-82c2-6e778646c483",
    "object_repr": "Virtual_Full_Project_Digitour - Q2",
    "action_flag": 1,
    "change_message": "[{\"added\": {}}]"
  }
},
{
  "model": "admin.logentry",
  "pk": 40,
  "fields": {
    "action_time": "2025-01-29T05:54:10.158Z",
    "user": [
      "sunny"
    ],
    "content_type": [
      "projects",
      "qualitylabel"
    ],
    "object_id": "0bd2bee0-826d-44f5-ae90-5c76c407bab0",
    "object_repr": "Virtual_Full_Project_Digitour - Q3",
    "action_flag": 1,
    "change_message": "[{\"added\": {}}]"
  }
},
{
  "model": "admin.logentry",
  "pk": 41,
  "fields": {
    "action_time": "2025-01-29T05:54:24.971Z",
    "user": [
      "sunny"
    ],
    "content_type": [
      "projects",
      "qualitylabel"
    ],
    "object_id": "2c7b9faf-eef6-4d7c-b705-88338ea3e2c7",
    "object_repr": "Virtual_Full_Project_Digitour - Q4",
    "action_flag": 1,
    "change_message": "[{\"added\": {}}]"
  }
},
{
  "model": "admin.logentry",
  "pk": 42,
  "fields": {
    "action_time": "2025-01-29T05:54:34.158Z",
    "user": [
      "sunny"
    ],
    "content_type": [
      "projects",
      "qualitylabel"
    ],
    "object_id": "f1a9ef55-c169-43d5-a235-13da51246b26",
    "object_repr": "Virtual_Full_Project_Digitour - Q5",
    "action_flag": 1,
    "change_message": "[{\"added\": {}}]"
  }
},
{
  "model": "admin.logentry",
  "pk": 43,
  "fields": {
    "action_time": "2025-01-29T05:54:43.689Z",
    "user": [
      "sunny"
    ],
    "content_type": [
      "projects",
      "qualitylabel"
    ],
    "object_id": "0ae35833-5870-445f-a868-816fc211e595",
    "object_repr": "Virtual_Full_Project_Digitour - C1",
    "action_flag": 1,
    "change_message": "[{\"added\": {}}]"
  }
},
{
  "model": "admin.logentry",
  "pk": 44,
  "fields": {
    "action_time": "2025-01-29T05:54:53.168Z",
    "user": [
      "sunny"
    ],
    "content_type": [
      "projects",
      "qualitylabel"
    ],
    "object_id": "f07a4d5e-f3bd-4f74-a569-3a1092bd8b4b",
    "object_repr": "Virtual_Full_Project_Digitour - C2",
    "action_flag": 1,
    "change_message": "[{\"added\": {}}]"
  }
},
{
  "model": "admin.logentry",
  "pk": 45,
  "fields": {
    "action_time": "2025-01-29T05:55:07.044Z",
    "user": [
      "sunny"
    ],
    "content_type": [
      "projects",
      "qualitylabel"
    ],
    "object_id": "84d0d4f5-7476-43f0-97c8-176b92d3cc4b",
    "object_repr": "Virtual_Full_Project_Digitour - C3",
    "action_flag": 1,
    "change_message": "[{\"added\": {}}]"
  }
},
{
  "model": "admin.logentry",
  "pk": 46,
  "fields": {
    "action_time": "2025-01-29T05:55:18.520Z",
    "user": [
      "sunny"
    ],
    "content_type": [
      "projects",
      "qualitylabel"
    ],
    "object_id": "c86ec7d2-6ac5-47d0-8b95-86f31d6280b0",
    "object_repr": "Virtual_Full_Project_Digitour - C4",
    "action_flag": 1,
    "change_message": "[{\"added\": {}}]"
  }
},
{
  "model": "admin.logentry",
  "pk": 47,
  "fields": {
    "action_time": "2025-01-29T05:55:28.169Z",
    "user": [
      "sunny"
    ],
    "content_type": [
      "projects",
      "qualitylabel"
    ],
    "object_id": "7729ad1b-315e-4b95-a9e2-c7bde87b4b4a",
    "object_repr": "Virtual_Full_Project_Digitour - Null",
    "action_flag": 1,
    "change_message": "[{\"added\": {}}]"
  }
},
{
  "model": "admin.logentry",
  "pk": 48,
  "fields": {
    "action_time": "2025-01-29T05:55:43.558Z",
    "user": [
      "sunny"
    ],
    "content_type": [
      "projects",
      "qualitylabel"
    ],
    "object_id": "2cbf4b86-3f25-4f78-9f91-2959c8053ed4",
    "object_repr": "Walkthrough - Q1",
    "action_flag": 1,
    "change_message": "[{\"added\": {}}]"
  }
},
{
  "model": "admin.logentry",
  "pk": 49,
  "fields": {
    "action_time": "2025-01-29T05:55:50.107Z",
    "user": [
      "sunny"
    ],
    "content_type": [
      "projects",
      "qualitylabel"
    ],
    "object_id": "d982126e-21a0-4356-8b68-0f44da584a54",
    "object_repr": "Walkthrough - Q2",
    "action_flag": 1,
    "change_message": "[{\"added\": {}}]"
  }
},
{
  "model": "admin.logentry",
  "pk": 50,
  "fields": {
    "action_time": "2025-01-29T05:55:56.940Z",
    "user": [
      "sunny"
    ],
    "content_type": [
      "projects",
      "qualitylabel"
    ],
    "object_id": "1dc7db65-12f0-4958-a076-d4685d0fcf91",
    "object_repr": "Walkthrough - Q3",
    "action_flag": 1,
    "change_message": "[{\"added\": {}}]"
  }
},
{
  "model": "admin.logentry",
  "pk": 51,
  "fields": {
    "action_time": "2025-01-29T05:56:03.380Z",
    "user": [
      "sunny"
    ],
    "content_type": [
      "projects",
      "qualitylabel"
    ],
    "object_id": "00f160b1-0877-4399-b5d4-f1feae16bc4d",
    "object_repr": "Walkthrough - Q4",
    "action_flag": 1,
    "change_message": "[{\"added\": {}}]"
  }
},
{
  "model": "admin.logentry",
  "pk": 52,
  "fields": {
    "action_time": "2025-01-29T05:56:10.079Z",
    "user": [
      "sunny"
    ],
    "content_type": [
      "projects",
      "qualitylabel"
    ],
    "object_id": "b32f7239-d031-4385-8fb2-782425114152",
    "object_repr": "Walkthrough - Q5",
    "action_flag": 1,
    "change_message": "[{\"added\": {}}]"
  }
},
{
  "model": "admin.logentry",
  "pk": 53,
  "fields": {
    "action_time": "2025-01-29T05:56:17.103Z",
    "user": [
      "sunny"
    ],
    "content_type": [
      "projects",
      "qualitylabel"
    ],
    "object_id": "6824f834-2231-478a-b4fc-15a0537c8f6d",
    "object_repr": "Walkthrough - C1",
    "action_flag": 1,
    "change_message": "[{\"added\": {}}]"
  }
},
{
  "model": "admin.logentry",
  "pk": 54,
  "fields": {
    "action_time": "2025-01-29T05:56:26.660Z",
    "user": [
      "sunny"
    ],
    "content_type": [
      "projects",
      "qualitylabel"
    ],
    "object_id": "59c11196-9523-4060-ba19-324226827a18",
    "object_repr": "Walkthrough - C2",
    "action_flag": 1,
    "change_message": "[{\"added\": {}}]"
  }
},
{
  "model": "admin.logentry",
  "pk": 55,
  "fields": {
    "action_time": "2025-01-29T05:56:50.426Z",
    "user": [
      "sunny"
    ],
    "content_type": [
      "projects",
      "qualitylabel"
    ],
    "object_id": "a9268ac3-b16b-4bb5-be9a-1777b0080b16",
    "object_repr": "Walkthrough - C3",
    "action_flag": 1,
    "change_message": "[{\"added\": {}}]"
  }
},
{
  "model": "admin.logentry",
  "pk": 56,
  "fields": {
    "action_time": "2025-01-29T05:56:57.157Z",
    "user": [
      "sunny"
    ],
    "content_type": [
      "projects",
      "qualitylabel"
    ],
    "object_id": "c8946072-23a0-49f1-92ad-c700d1d6474a",
    "object_repr": "Walkthrough - C4",
    "action_flag": 1,
    "change_message": "[{\"added\": {}}]"
  }
},
{
  "model": "admin.logentry",
  "pk": 57,
  "fields": {
    "action_time": "2025-01-29T05:57:06.474Z",
    "user": [
      "sunny"
    ],
    "content_type": [
      "projects",
      "qualitylabel"
    ],
    "object_id": "54eba886-ea90-42c5-bc1c-17db1d322f82",
    "object_repr": "Walkthrough - Null",
    "action_flag": 1,
    "change_message": "[{\"added\": {}}]"
  }
},
{
  "model": "admin.logentry",
  "pk": 58,
  "fields": {
    "action_time": "2025-01-29T05:57:19.413Z",
    "user": [
      "sunny"
    ],
    "content_type": [
      "projects",
      "qualitylabel"
    ],
    "object_id": "bfae6218-0a90-45d8-ac34-e666b86bbe3f",
    "object_repr": "Digiplot - Q1",
    "action_flag": 1,
    "change_message": "[{\"added\": {}}]"
  }
},
{
  "model": "admin.logentry",
  "pk": 59,
  "fields": {
    "action_time": "2025-01-29T05:57:25.509Z",
    "user": [
      "sunny"
    ],
    "content_type": [
      "projects",
      "qualitylabel"
    ],
    "object_id": "fdc6e7dc-2cdb-4127-9214-3f8b2df669c5",
    "object_repr": "Digiplot - Q2",
    "action_flag": 1,
    "change_message": "[{\"added\": {}}]"
  }
},
{
  "model": "admin.logentry",
  "pk": 60,
  "fields": {
    "action_time": "2025-01-29T05:57:31.698Z",
    "user": [
      "sunny"
    ],
    "content_type": [
      "projects",
      "qualitylabel"
    ],
    "object_id": "92b35d3f-9910-4b03-9449-eb0dde70c7aa",
    "object_repr": "Digiplot - Q3",
    "action_flag": 1,
    "change_message": "[{\"added\": {}}]"
  }
},
{
  "model": "admin.logentry",
  "pk": 61,
  "fields": {
    "action_time": "2025-01-29T05:57:38.876Z",
    "user": [
      "sunny"
    ],
    "content_type": [
      "projects",
      "qualitylabel"
    ],
    "object_id": "fc4c5af9-c234-4a5b-9519-b63f8851f2e6",
    "object_repr": "Digiplot - Q4",
    "action_flag": 1,
    "change_message": "[{\"added\": {}}]"
  }
},
{
  "model": "admin.logentry",
  "pk": 62,
  "fields": {
    "action_time": "2025-01-29T05:57:48.556Z",
    "user": [
      "sunny"
    ],
    "content_type": [
      "projects",
      "qualitylabel"
    ],
    "object_id": "38cfa315-8e5d-4e5b-9a36-c463060d5918",
    "object_repr": "Digiplot - Q5",
    "action_flag": 1,
    "change_message": "[{\"added\": {}}]"
  }
},
{
  "model": "admin.logentry",
  "pk": 63,
  "fields": {
    "action_time": "2025-01-29T05:57:56.049Z",
    "user": [
      "sunny"
    ],
    "content_type": [
      "projects",
      "qualitylabel"
    ],
    "object_id": "75f1b082-2540-40ac-a5b2-23d82c2a21a2",
    "object_repr": "Digiplot - Null",
    "action_flag": 1,
    "change_message": "[{\"added\": {}}]"
  }
},
{
  "model": "admin.logentry",
  "pk": 64,
  "fields": {
    "action_time": "2025-01-29T05:58:39.494Z",
    "user": [
      "sunny"
    ],
    "content_type": [
      "accounts",
      "user"
    ],
    "object_id": "c6b6993b-08fa-48a6-be4c-dc0e4530e0f3",
    "object_repr": "saket - Team Member",
    "action_flag": 2,
    "change_message": "[{\"changed\": {\"fields\": [\"Staff status\"]}}]"
  }
},
{
  "model": "admin.logentry",
  "pk": 65,
  "fields": {
    "action_time": "2025-01-29T06:00:10.169Z",
    "user": [
      "sunny"
    ],
    "content_type": [
      "projects",
      "project"
    ],
    "object_id": "fd130d00-dd3c-47ae-b621-131d877824cd",
    "object_repr": "Iconic Properties (https://lookup.housing.com/opportunity/4565899)",
    "action_flag": 2,
    "change_message": "[{\"changed\": {\"fields\": [\"Project incharge\"]}}]"
  }
},
{
  "model": "admin.logentry",
  "pk": 66,
  "fields": {
    "action_time": "2025-01-29T06:00:22.518Z",
    "user": [
      "sunny"
    ],
    "content_type": [
      "projects",
      "project"
    ],
    "object_id": "82f7e9ee-0e25-403a-91e4-a42062ef0615",
    "object_repr": "The Right Life (https://lookup.housing.com/opportunity/4510360)",
    "action_flag": 2,
    "change_message": "[{\"changed\": {\"fields\": [\"Project incharge\"]}}]"
  }
},
{
  "model": "admin.logentry",
  "pk": 67,
  "fields": {
    "action_time": "2025-01-29T06:00:32.389Z",
    "user": [
      "sunny"
    ],
    "content_type": [
      "projects",
      "project"
    ],
    "object_id": "a67a7c91-3bb2-4d83-88a6-f0f3cbd02576",
    "object_repr": "Sadguru Realty (https://lookup.housing.com/opportunity/2968566)",
    "action_flag": 2,
    "change_message": "[]"
  }
},
{
  "model": "admin.logentry",
  "pk": 68,
  "fields": {
    "action_time": "2025-01-29T06:00:40.198Z",
    "user": [
      "sunny"
    ],
    "content_type": [
      "projects",
      "project"
    ],
    "object_id": "e2346a2f-1eea-4294-86ee-6f05317744a1",
    "object_repr": "klj (6787676)",
    "action_flag": 2,
    "change_message": "[]"
  }
},
{
  "model": "admin.logentry",
  "pk": 69,
  "fields": {
    "action_time": "2025-01-29T06:23:19.249Z",
    "user": [
      "sunny"
    ],
    "content_type": [
      "accounts",
      "user"
    ],
    "object_id": "c6b6993b-08fa-48a6-be4c-dc0e4530e0f3",
    "object_repr": "saket - Team Member",
    "action_flag": 2,
    "change_message": "[{\"changed\": {\"fields\": [\"First name\", \"Last name\"]}}]"
  }
},
{
  "model": "admin.logentry",
  "pk": 70,
  "fields": {
    "action_time": "2025-01-31T11:10:19.834Z",
    "user": [
      "sunny"
    ],
    "content_type": [
      "projects",
      "projecttask"
    ],
    "object_id": "568622e4-7a49-4ff7-bc29-f82eb937966a",
    "object_repr": "TID_00008 - AVA Lifespaces",
    "action_flag": 2,
    "change_message": "[{\"changed\": {\"fields\": [\"Created by\"]}}]"
  }
},
{
  "model": "admin.logentry",
  "pk": 71,
  "fields": {
    "action_time": "2025-01-31T11:38:50.243Z",
    "user": [
      "sunny"
    ],
    "content_type": [
      "projects",
      "project"
    ],
    "object_id": "2d13e3d0-8b58-473b-b122-5307230790f6",
    "object_repr": "AVA Lifespaces (https://lookup.housing.com/opportunity/3381527)",
    "action_flag": 2,
    "change_message": "[{\"changed\": {\"fields\": [\"Team leader\"]}}]"
  }
},
{
  "model": "admin.logentry",
  "pk": 72,
  "fields": {
    "action_time": "2025-02-04T08:11:47.889Z",
    "user": [
      "sunny"
    ],
    "content_type": [
      "projects",
      "project"
    ],
    "object_id": "2d13e3d0-8b58-473b-b122-5307230790f6",
    "object_repr": "AVA Lifespaces (https://lookup.housing.com/opportunity/3381527)",
    "action_flag": 2,
    "change_message": "[{\"changed\": {\"fields\": [\"Team leader\"]}}]"
  }
},
{
  "model": "admin.logentry",
  "pk": 73,
  "fields": {
    "action_time": "2025-02-04T08:29:38.254Z",
    "user": [
      "sunny"
    ],
    "content_type": [
      "projects",
      "project"
    ],
    "object_id": "e2346a2f-1eea-4294-86ee-6f05317744a1",
    "object_repr": "klj (https://lookup.housing.com/opportunity/6787676)",
    "action_flag": 2,
    "change_message": "[{\"changed\": {\"fields\": [\"Opportunity id\"]}}]"
  }
},
{
  "model": "admin.logentry",
  "pk": 74,
  "fields": {
    "action_time": "2025-02-05T04:35:37.620Z",
    "user": [
      "sunny"
    ],
    "content_type": [
      "accounts",
      "user"
    ],
    "object_id": "ba09973a-0f10-4ee7-9683-f1d78a377b1e",
    "object_repr": "Praveen - Team Member",
    "action_flag": 1,
    "change_message": "[{\"added\": {}}]"
  }
},
{
  "model": "admin.logentry",
  "pk": 75,
  "fields": {
    "action_time": "2025-02-05T04:35:56.222Z",
    "user": [
      "sunny"
    ],
    "content_type": [
      "accounts",
      "user"
    ],
    "object_id": "ba09973a-0f10-4ee7-9683-f1d78a377b1e",
    "object_repr": "Praveen - Team Member",
    "action_flag": 2,
    "change_message": "[{\"changed\": {\"fields\": [\"First name\", \"Last name\"]}}]"
  }
},
{
  "model": "admin.logentry",
  "pk": 76,
  "fields": {
    "action_time": "2025-02-05T06:14:32.525Z",
    "user": [
      "sunny"
    ],
    "content_type": [
      "accounts",
      "user"
    ],
    "object_id": "744a12ed-750c-4353-bfe9-bd6f1fd56204",
    "object_repr": "amit - Team Leader",
    "action_flag": 2,
    "change_message": "[{\"changed\": {\"fields\": [\"Username\"]}}]"
  }
},
{
  "model": "admin.logentry",
  "pk": 77,
  "fields": {
    "action_time": "2025-02-05T06:14:44.962Z",
    "user": [
      "sunny"
    ],
    "content_type": [
      "accounts",
      "user"
    ],
    "object_id": "ba09973a-0f10-4ee7-9683-f1d78a377b1e",
    "object_repr": "praveen - Team Member",
    "action_flag": 2,
    "change_message": "[{\"changed\": {\"fields\": [\"Username\"]}}]"
  }
},
{
  "model": "admin.logentry",
  "pk": 78,
  "fields": {
    "action_time": "2025-02-05T06:14:58.442Z",
    "user": [
      "sunny"
    ],
    "content_type": [
      "accounts",
      "user"
    ],
    "object_id": "99dc4c6d-0d3f-452b-9131-63bd6a67d550",
    "object_repr": "parth - Team Leader",
    "action_flag": 2,
    "change_message": "[{\"changed\": {\"fields\": [\"Username\"]}}]"
  }
},
{
  "model": "admin.logentry",
  "pk": 79,
  "fields": {
    "action_time": "2025-02-05T06:15:56.143Z",
    "user": [
      "sunny"
    ],
    "content_type": [
      "accounts",
      "user"
    ],
    "object_id": "ba09973a-0f10-4ee7-9683-f1d78a377b1e",
    "object_repr": "praveen - Team Member",
    "action_flag": 2,
    "change_message": "[]"
  }
},
{
  "model": "admin.logentry",
  "pk": 80,
  "fields": {
    "action_time": "2025-02-05T06:16:40.634Z",
    "user": [
      "sunny"
    ],
    "content_type": [
      "accounts",
      "user"
    ],
    "object_id": "744a12ed-750c-4353-bfe9-bd6f1fd56204",
    "object_repr": "Amit - Team Leader",
    "action_flag": 2,
    "change_message": "[{\"changed\": {\"fields\": [\"Username\"]}}]"
  }
},
{
  "model": "admin.logentry",
  "pk": 81,
  "fields": {
    "action_time": "2025-02-05T09:27:36.642Z",
    "user": [
      "sunny"
    ],
    "content_type": [
      "accounts",
      "user"
    ],
    "object_id": "744a12ed-750c-4353-bfe9-bd6f1fd56204",
    "object_repr": "amit - Team Leader",
    "action_flag": 2,
    "change_message": "[{\"changed\": {\"fields\": [\"Username\"]}}]"
  }
},
{
  "model": "admin.logentry",
  "pk": 82,
  "fields": {
    "action_time": "2025-02-05T09:28:50.054Z",
    "user": [
      "sunny"
    ],
    "content_type": [
      "accounts",
      "user"
    ],
    "object_id": "be84f38b-208b-4fb3-b784-3e6ea4675d41",
    "object_repr": "shubham - Team Leader",
    "action_flag": 1,
    "change_message": "[{\"added\": {}}]"
  }
},
{
  "model": "admin.logentry",
  "pk": 83,
  "fields": {
    "action_time": "2025-02-05T09:29:01.742Z",
    "user": [
      "sunny"
    ],
    "content_type": [
      "accounts",
      "user"
    ],
    "object_id": "be84f38b-208b-4fb3-b784-3e6ea4675d41",
    "object_repr": "shubham - Team Leader",
    "action_flag": 2,
    "change_message": "[{\"changed\": {\"fields\": [\"First name\", \"Last name\"]}}]"
  }
},
{
  "model": "admin.logentry",
  "pk": 84,
  "fields": {
    "action_time": "2025-03-24T10:40:31.806Z",
    "user": [
      "sunny"
    ],
    "content_type": [
      "accounts",
      "user"
    ],
    "object_id": "ba09973a-0f10-4ee7-9683-f1d78a377b1e",
    "object_repr": "praveen - Team Member",
    "action_flag": 2,
    "change_message": "[{\"changed\": {\"fields\": [\"Email address\"]}}]"
  }
},
{
  "model": "admin.logentry",
  "pk": 85,
  "fields": {
    "action_time": "2025-03-24T10:41:07.049Z",
    "user": [
      "sunny"
    ],
    "content_type": [
      "accounts",
      "user"
    ],
    "object_id": "744a12ed-750c-4353-bfe9-bd6f1fd56204",
    "object_repr": "amit - Team Leader",
    "action_flag": 2,
    "change_message": "[{\"changed\": {\"fields\": [\"Staff status\"]}}]"
  }
},
{
  "model": "admin.logentry",
  "pk": 86,
  "fields": {
    "action_time": "2025-03-24T10:41:30.611Z",
    "user": [
      "sunny"
    ],
    "content_type": [
      "accounts",
      "user"
    ],
    "object_id": "c6b6993b-08fa-48a6-be4c-dc0e4530e0f3",
    "object_repr": "saket - Team Member",
    "action_flag": 2,
    "change_message": "[{\"changed\": {\"fields\": [\"Staff status\"]}}]"
  }
},
{
  "model": "admin.logentry",
  "pk": 87,
  "fields": {
    "action_time": "2025-03-24T11:19:58.407Z",
    "user": [
      "sunny"
    ],
    "content_type": [
      "accounts",
      "user"
    ],
    "object_id": "ba09973a-0f10-4ee7-9683-f1d78a377b1e",
    "object_repr": "praveen - Team Member",
    "action_flag": 2,
    "change_message": "[{\"changed\": {\"fields\": [\"Staff status\", \"Last login\"]}}]"
  }
},
{
  "model": "admin.logentry",
  "pk": 88,
  "fields": {
    "action_time": "2025-05-01T07:10:17.023Z",
    "user": [
      "sunny"
    ],
    "content_type": [
      "projects",
      "project"
    ],
    "object_id": "d0c76514-dcdb-45ba-9dcc-404dd2188db0",
    "object_repr": "La Wisteria (https://lookup.housing.com/opportunity/400009)",
    "action_flag": 3,
    "change_message": ""
  }
},
{
  "model": "admin.logentry",
  "pk": 89,
  "fields": {
    "action_time": "2025-05-07T09:14:47.904Z",
    "user": [
      "sunny"
    ],
    "content_type": [
      "projects",
      "project"
    ],
    "object_id": "aedaa6b4-0d60-4cdd-8ebd-8fbbb9c3879d",
    "object_repr": "test (https://lookup.housing.com/opportunity/400000)",
    "action_flag": 2,
    "change_message": "[{\"changed\": {\"fields\": [\"Quantity\"]}}]"
  }
},
{
  "model": "admin.logentry",
  "pk": 90,
  "fields": {
    "action_time": "2025-05-31T01:48:12.488Z",
    "user": [
      "sunny"
    ],
    "content_type": [
      "projects",
      "taskassignment"
    ],
    "object_id": "253529ee-f166-434b-8951-2527030b9eb9",
    "object_repr": "ASID_000040 - TID_00019",
    "action_flag": 2,
    "change_message": "[{\"changed\": {\"fields\": [\"Is active\"]}}]"
  }
},
{
  "model": "admin.logentry",
  "pk": 91,
  "fields": {
    "action_time": "2025-06-09T08:10:44.122Z",
    "user": [
      "sunny"
    ],
    "content_type": [
      "projects",
      "project"
    ],
    "object_id": "798aed07-36ce-4a6a-83d0-ee26da9b73d1",
    "object_repr": "Krishna Villas (7890887)",
    "action_flag": 2,
    "change_message": "[{\"changed\": {\"fields\": [\"Project name\"]}}]"
  }
},
{
  "model": "admin.logentry",
  "pk": 92,
  "fields": {
    "action_time": "2025-06-13T18:18:43.397Z",
    "user": [
      "sunny"
    ],
    "content_type": [
      "projects",
      "projectstatusoption"
    ],
    "object_id": "940d6333-2bf7-46de-8c32-36d09ced75b3",
    "object_repr": "Approval after deemed consumed (Work In Progress - Pipeline)",
    "action_flag": 1,
    "change_message": "[{\"added\": {}}]"
  }
},
{
  "model": "admin.logentry",
  "pk": 93,
  "fields": {
    "action_time": "2025-06-13T18:19:06.562Z",
    "user": [
      "sunny"
    ],
    "content_type": [
      "projects",
      "projectstatusoption"
    ],
    "object_id": "940d6333-2bf7-46de-8c32-36d09ced75b3",
    "object_repr": "Approval after deemed consumed (Work In Progress - Pipeline)",
    "action_flag": 2,
    "change_message": "[{\"changed\": {\"fields\": [\"Order\"]}}]"
  }
},
{
  "model": "admin.logentry",
  "pk": 94,
  "fields": {
    "action_time": "2025-06-13T18:19:06.570Z",
    "user": [
      "sunny"
    ],
    "content_type": [
      "projects",
      "projectstatusoption"
    ],
    "object_id": "924ad8f4-53ce-49ad-ae9a-592c861b4b68",
    "object_repr": "Nth Delivery (Work In Progress - Pipeline)",
    "action_flag": 2,
    "change_message": "[{\"changed\": {\"fields\": [\"Order\"]}}]"
  }
},
{
  "model": "admin.logentry",
  "pk": 95,
  "fields": {
    "action_time": "2025-06-13T18:19:06.570Z",
    "user": [
      "sunny"
    ],
    "content_type": [
      "projects",
      "projectstatusoption"
    ],
    "object_id": "cd13ea9f-289f-4d14-ae9f-44d8f1342262",
    "object_repr": "Nth Confirmation (Work In Progress - Pipeline)",
    "action_flag": 2,
    "change_message": "[{\"changed\": {\"fields\": [\"Order\"]}}]"
  }
},
{
  "model": "admin.logentry",
  "pk": 96,
  "fields": {
    "action_time": "2025-06-13T18:19:18.626Z",
    "user": [
      "sunny"
    ],
    "content_type": [
      "projects",
      "projectstatusoption"
    ],
    "object_id": "3be4d504-5e50-4785-9eae-6d2bed1472e3",
    "object_repr": "Hibernate (Work In Progress - Pipeline)",
    "action_flag": 2,
    "change_message": "[{\"changed\": {\"fields\": [\"Order\"]}}]"
  }
}
]
