[{"model": "sessions.session", "pk": "02v3df7kobi90kwzicow985nerbaibk3", "fields": {"session_data": ".eJxVzDsOwjAQRdG9uMbWePynpGcN0dgekwBKpHwqxN4hUgqo3z3vJTra1r7bFp67oYqzyAQpBUMSmgZpmYNMPhrZdA2RTAhZszj9skzlweNu653G26TKNK7zkNWeqGNd1HWq_Lwc7d9BT0v_1YhoQVvNWEDH0Ewh61LKWKqHEsknW9Ajt0waqVqy0ICdcSYCe1fF-wO37UBv:1tx2oW:_IDoY5xA0rtENs4h07BhGCHGS3-Zs4pLzibdySl4_jw", "expire_date": "2025-04-08T11:51:24.033Z"}}, {"model": "sessions.session", "pk": "1q2d7qbmk06231pnxvddqkpib1tteo5y", "fields": {"session_data": ".eJxVzLsOwjAMheF3yUyjuG7jmJGdZ6icxKEF1Eq9TIh3h0odYD7_d16mk23tu23RuRuyOZsojplQKlfAVY0qVewDVgUyBUGiCGpOvyxKeui423yX8TbZNI3rPES7J_ZYF3udsj4vR_t30MvSfzWwMkoBKOQdubatKWEModFQx8DeY520EUTx0hJJLciJIZXMACE25v0Btb5AOw:1uQlgJ:GAfmQSsgcehEIQ40gXVxjpRdnrJ9wVXccd1gXhwRykA", "expire_date": "2025-06-29T11:37:47.522Z"}}, {"model": "sessions.session", "pk": "31mslg7mmgj4ovi6xu8jn02h4stmpv05", "fields": {"session_data": ".eJxVjDsOgzAQBe_iOrb8xUtK-pwB7XqXQBKBxKeKcveARJG0b2beW7W4rX27LTK3A6urggJVEBRNiF5H9qTrbEVnSRYyg4TOqctvRlieMh4tP3C8T6ZM4zoPZA7FnHQxt4nl1Zzu30GPS7_XGGtOzgMlh0DkCxYgFz3m4Kzdl4rEd5lDCVFCDiAcY02JK0edJ1CfL0LlQck:1tnt75:4Wd9fFw-ntYnPknfC9g494Lqs4btcvwNT7AUeAKCqQg", "expire_date": "2025-03-14T05:40:43.717Z"}}, {"model": "sessions.session", "pk": "3utwkr1pnfy2gizbxd9wdakw06ddlr7k", "fields": {"session_data": ".eJxVjDsOgzAQBe_iOrb8xUtK-pwB7XqXQBKBxKeKcveARJG0b2beW7W4rX27LTK3A6urggJVEBRNiF5H9qTrbEVnSRYyg4TOqctvRlieMh4tP3C8T6ZM4zoPZA7FnHQxt4nl1Zzu30GPS7_XGGtOzgMlh0DkCxYgFz3m4Kzdl4rEd5lDCVFCDiAcY02JK0edJ1CfL0LlQck:1u4YRG:SE0d1QK0XRyIaQ_jQKHVmiv2ZW2LHqGXU19idk_lCS0", "expire_date": "2025-04-29T05:02:26.566Z"}}, {"model": "sessions.session", "pk": "4b3yu65grd6j59qaa72px2ckfl2wqvif", "fields": {"session_data": ".eJxVzMsOwiAQheF3YS0EKDDFpXufoWGYGVs1bdLLyvju2qQLXZ__Oy_VlW3tu23huRtInRWEUJxn0hBt1aGJjUbhrJGSOKGYvA3q9Muw1AePu6V7GW-TqdO4zgOaPTHHupjrRPy8HO3fQV-W_qtZnEOp7BGgMuSYsK2RICAETpITBwFHPlNNNgABNrGVGCVZYQuten8AFGZBnw:1uJ5EG:5ZTYimVNN4fd7m-wjxQ0dHkeLKXRT7bZPDhYbP8v6CA", "expire_date": "2025-06-08T06:53:04.885Z"}}, {"model": "sessions.session", "pk": "84k40oeta5z2bmp3k4845hqx2lrc51lv", "fields": {"session_data": ".eJxVjjsOwjAQBe_imli215-Ykp4zRLveNQmgRMqnQtwdIqWA-s2M3kt1uK19ty0ydwOrs0reo3XCTQqmNB4CNFQlN8Sx2sohOuPV6VcjLA8Zd5fvON4mXaZxnQfSO6KPddHXieV5Odi_QI9Lv9uR2LVsA2BMAkIGxQRfTcngHVdJIQVwUYyn78VMjsVki0BtCwJWvT_4EUD_:1uALxd:a_8LchyrAJHnIYcEY1qGvPySpsDjsHk_jTgdfZuEGIQ", "expire_date": "2025-05-15T04:55:49.345Z"}}, {"model": "sessions.session", "pk": "8cflemgyf1fut41naj83xqieobnb0qs0", "fields": {"session_data": ".eJxVzDkOwjAQheG7uMaWx4k3SnrOEM14xoRFiZSlQtydREoB9fu_91YdrkvfrbNM3Z3VWaWSQiMomhCdbtmRztGKjuJtipykqaBOv4ywPGXYLT9wuI2mjMMy3cnsiTnW2VxHltflaP8Oepz7TZeMzJFsTiGFKBWJA3AOrfdQLUktSI0D5BbAE8YECELeuuw2GVv1-QJcn0IE:1uJ5DX:iNgA5_FLGxUgtu7OlNtlPviZZ7ItV1u5hQsNh9qm5G4", "expire_date": "2025-06-08T06:52:19.232Z"}}, {"model": "sessions.session", "pk": "b92qry3z880qynb426q066bony5lnibf", "fields": {"session_data": ".eJxVjDsOgzAQBe_iOrb8xUtK-pwB7XqXQBKBxKeKcveARJG0b2beW7W4rX27LTK3A6urggJVEBRNiF5H9qTrbEVnSRYyg4TOqctvRlieMh4tP3C8T6ZM4zoPZA7FnHQxt4nl1Zzu30GPS7_XGGtOzgMlh0DkCxYgFz3m4Kzdl4rEd5lDCVFCDiAcY02JK0edJ1CfL0LlQck:1twef4:5cnqEVf87cX6KFigLxVKUFDROGWoY4gyqdgidm7jnrc", "expire_date": "2025-04-07T10:04:02.893Z"}}, {"model": "sessions.session", "pk": "bjv49sdy9edicy8um6ui2w87j9ijq6ec", "fields": {"session_data": ".eJxVjjsOwjAQBe_imli215-Ykp4zRLveNQmgRMqnQtwdIqWA-s2M3kt1uK19ty0ydwOrs0reo3XCTQqmNB4CNFQlN8Sx2sohOuPV6VcjLA8Zd5fvON4mXaZxnQfSO6KPddHXieV5Odi_QI9Lv9uR2LVsA2BMAkIGxQRfTcngHVdJIQVwUYyn78VMjsVki0BtCwJWvT_4EUD_:1tfc4X:pzT5fXhCdKDzjXtMFLZtW6dQBLmYkhk90TTjD4KGG9M", "expire_date": "2025-02-19T09:51:53.959Z"}}, {"model": "sessions.session", "pk": "hy7e354jmbtyjmvmfw4nttgv5kz9urx0", "fields": {"session_data": ".eJxVjjkOwkAQBP-yMbva-yB0zhusmZ0xNiBb8hEh_o4tOYC4qlr9Fi1sa99uC8_tQOIqcs3RMbBEACs9WZQlaZaJg86JMrvOiMtvhlCfPB4tPWC8T6pO4zoPqA5FnXRRt4n41Zzu30APS7_XMXhjI9ZsqIMIvhQKETCV6rAzySbrQtXB24xs9E5zgEL714rBRKfF5wsuoEEe:1uQlW4:u3Z-xfcbWXv2vZrhxiRZBZ9mzVkFSqivkpADkqv4P_w", "expire_date": "2025-06-29T11:27:12.769Z"}}, {"model": "sessions.session", "pk": "lj4hvkh4x5y72ap0qyteyh6srnydzvfl", "fields": {"session_data": ".eJxVjjsOwjAQBe_imli215-Ykp4zRLveNQmgRMqnQtwdIqWA-s2M3kt1uK19ty0ydwOrs0reo3XCTQqmNB4CNFQlN8Sx2sohOuPV6VcjLA8Zd5fvON4mXaZxnQfSO6KPddHXieV5Odi_QI9Lv9uR2LVsA2BMAkIGxQRfTcngHVdJIQVwUYyn78VMjsVki0BtCwJWvT_4EUD_:1u4dB0:PJlMB7dlQvqoyeoTPh-8GZPLlQCVZb1ct9SzCUSVxXc", "expire_date": "2025-04-29T10:05:58.703Z"}}, {"model": "sessions.session", "pk": "ltz6yvzdtaxkt2jkheuurx1awvwfkr1r", "fields": {"session_data": ".eJxVjjsOwjAQBe_imli215-Ykp4zRLveNQmgRMqnQtwdIqWA-s2M3kt1uK19ty0ydwOrs0reo3XCTQqmNB4CNFQlN8Sx2sohOuPV6VcjLA8Zd5fvON4mXaZxnQfSO6KPddHXieV5Odi_QI9Lv9uR2LVsA2BMAkIGxQRfTcngHVdJIQVwUYyn78VMjsVki0BtCwJWvT_4EUD_:1tnt8B:yOPiXn6sAmK1et-oKkUXVDTjJquIhDukLKedFdX5VgU", "expire_date": "2025-03-14T05:41:51.633Z"}}, {"model": "sessions.session", "pk": "n94nslxov2y8of6b4gtknko60w36ciua", "fields": {"session_data": ".eJxVjDsOgzAQBe_iOrb8xUtK-pwB7XqXQBKBxKeKcveARJG0b2beW7W4rX27LTK3A6urggJVEBRNiF5H9qTrbEVnSRYyg4TOqctvRlieMh4tP3C8T6ZM4zoPZA7FnHQxt4nl1Zzu30GPS7_XGGtOzgMlh0DkCxYgFz3m4Kzdl4rEd5lDCVFCDiAcY02JK0edJ1CfL0LlQck:1uAM6i:8oM1SrELzmiPirbqG8vfYvnh5DqQ9bn1-pGmWbAO2jM", "expire_date": "2025-05-15T05:05:12.378Z"}}, {"model": "sessions.session", "pk": "p074sz0v79npo2czafsn6ri4dda0kd04", "fields": {"session_data": ".eJxVjDsOgzAQBe_iOrb8xUtK-pwB7XqXQBKBxKeKcveARJG0b2beW7W4rX27LTK3A6urggJVEBRNiF5H9qTrbEVnSRYyg4TOqctvRlieMh4tP3C8T6ZM4zoPZA7FnHQxt4nl1Zzu30GPS7_XGGtOzgMlh0DkCxYgFz3m4Kzdl4rEd5lDCVFCDiAcY02JK0edJ1CfL0LlQck:1tW91p:JZ4Noxn9iOk0U2cPEovNeI83Kvb2hdz0qQtKcUmEi5s", "expire_date": "2025-01-24T07:01:57.605Z"}}, {"model": "sessions.session", "pk": "v39hva9g576lqtrqt8fwti51edpoxa4r", "fields": {"session_data": ".eJxVjDsOgzAQBe_iOrb8xUtK-pwB7XqXQBKBxKeKcveARJG0b2beW7W4rX27LTK3A6urggJVEBRNiF5H9qTrbEVnSRYyg4TOqctvRlieMh4tP3C8T6ZM4zoPZA7FnHQxt4nl1Zzu30GPS7_XGGtOzgMlh0DkCxYgFz3m4Kzdl4rEd5lDCVFCDiAcY02JK0edJ1CfL0LlQck:1tfE3E:tp9SQ0gCZwp5NaB072kov72CApqt-VFF_LrYdeBwO38", "expire_date": "2025-02-18T08:12:56.928Z"}}, {"model": "sessions.session", "pk": "ycvfoxdn4lgcfiavpqdlu5roi94zcvhe", "fields": {"session_data": ".eJxVjjsOwjAQBe_imli215-Ykp4zRLveNQmgRMqnQtwdIqWA-s2M3kt1uK19ty0ydwOrs0reo3XCTQqmNB4CNFQlN8Sx2sohOuPV6VcjLA8Zd5fvON4mXaZxnQfSO6KPddHXieV5Odi_QI9Lv9uR2LVsA2BMAkIGxQRfTcngHVdJIQVwUYyn78VMjsVki0BtCwJWvT_4EUD_:1tho1C:4W1voOReDmmSz-gsbRlM_b15Xc5cykLfAyfNidZjhSs", "expire_date": "2025-02-25T11:01:30.601Z"}}, {"model": "accounts.user", "fields": {"password": "pbkdf2_sha256$1000000$NH02O59d5RScYmnYrgL2yj$h15BEYbh3SPbmGNou3o9yyFTtP+RbTveyokv+A0HaVc=", "last_login": "2025-05-25T06:53:04.874Z", "is_superuser": false, "username": "amit", "first_name": "Amit", "last_name": "Tailor", "email": "amit.tailor@housing.com", "is_staff": false, "is_active": true, "date_joined": "2025-01-20T07:43:07Z", "role": "TL", "created_at": "2025-01-20T07:43:08.274Z", "updated_at": "2025-03-24T10:41:07.039Z", "groups": [], "user_permissions": []}}, {"model": "accounts.user", "fields": {"password": "pbkdf2_sha256$870000$sehs3T5wtF5B582mvmY8z7$Sf/qQVde9BvcjNkPmY5wiPD6OdJo3tDMKeFxIhvlnWM=", "last_login": "2025-06-15T11:27:12.728Z", "is_superuser": true, "username": "sunny", "first_name": "Sunny", "last_name": "Bhaumik", "email": "sunny@gmail.com", "is_staff": true, "is_active": true, "date_joined": "2025-01-10T07:01:49Z", "role": "DPM", "created_at": "2025-01-10T07:01:49.512Z", "updated_at": "2025-01-31T11:36:00.997Z", "groups": [], "user_permissions": []}}, {"model": "accounts.user", "fields": {"password": "pbkdf2_sha256$870000$cQznYBQwdW2n5JfcuniVNG$sC9/yjcvfOtPqS0k2ll8mNgrg6+d/MBS4TAFs0hhyFc=", "last_login": null, "is_superuser": false, "username": "parth", "first_name": "Parth", "last_name": "Kaushik", "email": "parth@housing.com", "is_staff": false, "is_active": true, "date_joined": "2025-01-22T07:11:39Z", "role": "TL", "created_at": "2025-01-22T07:11:40.986Z", "updated_at": "2025-02-05T06:14:58.433Z", "groups": [], "user_permissions": []}}, {"model": "accounts.user", "fields": {"password": "pbkdf2_sha256$870000$UoQ7ARAxlwQnSe3B4dW8qK$43hQiYCTHRL65MKgkPicyeaieFqiJ+8679DVlFE5FHw=", "last_login": "2025-06-15T11:37:47.492Z", "is_superuser": false, "username": "praveen", "first_name": "Praveen", "last_name": "Singh", "email": "praveen.singh@housing.com", "is_staff": true, "is_active": true, "date_joined": "2025-02-05T04:35:36Z", "role": "TEAM_MEMBER", "created_at": "2025-02-05T04:35:37.605Z", "updated_at": "2025-03-24T11:19:58.400Z", "groups": [], "user_permissions": []}}, {"model": "accounts.user", "fields": {"password": "pbkdf2_sha256$870000$WtlYe6hdk9he7xFz1AhGbc$1a20MlRYjGfOVjU0RtiSr3CzgDyRzWRmBgiatlyqn10=", "last_login": null, "is_superuser": false, "username": "shubham", "first_name": "Shubham", "last_name": "Goyal", "email": "shubham.goyal1@housing.com", "is_staff": false, "is_active": true, "date_joined": "2025-02-05T09:28:49Z", "role": "TL", "created_at": "2025-02-05T09:28:50.045Z", "updated_at": "2025-02-05T09:29:01.734Z", "groups": [], "user_permissions": []}}, {"model": "accounts.user", "fields": {"password": "pbkdf2_sha256$870000$7GdbaOitRLKlPYuTFwp8iK$CNhCeRCjquaEiDiD3t+eLXQJbF+3Og3xSmeESoR231I=", "last_login": "2025-03-25T11:25:45.103Z", "is_superuser": false, "username": "saket", "first_name": "Saket", "last_name": "Narayan", "email": "saket@housing.com", "is_staff": false, "is_active": true, "date_joined": "2025-01-20T07:43:56Z", "role": "TEAM_MEMBER", "created_at": "2025-01-20T07:43:56.953Z", "updated_at": "2025-03-24T10:41:30.603Z", "groups": [], "user_permissions": []}}, {"model": "locations.region", "pk": "3df890e6-c0ba-4c5f-8ce3-81cc8df6d195", "fields": {"name": "North", "created_at": "2025-01-10T07:00:29.551Z", "updated_at": "2025-01-10T07:00:29.551Z"}}, {"model": "locations.region", "pk": "7aefc82e-4705-40e6-9499-797571f80f5e", "fields": {"name": "South", "created_at": "2025-01-22T05:05:40.998Z", "updated_at": "2025-01-22T05:05:40.998Z"}}, {"model": "locations.region", "pk": "9d480f3c-b8cc-4a36-bf7d-feca35e1797f", "fields": {"name": "West", "created_at": "2025-01-17T06:18:44.937Z", "updated_at": "2025-01-17T06:18:44.938Z"}}, {"model": "locations.city", "pk": "1527675a-58cb-4505-9d0d-d975f48f83f3", "fields": {"name": "Pune", "region": "9d480f3c-b8cc-4a36-bf7d-feca35e1797f", "created_at": "2025-01-17T08:34:17.071Z", "updated_at": "2025-01-17T08:34:17.072Z"}}, {"model": "locations.city", "pk": "4a726e2d-797a-41e0-92ac-ee5714026304", "fields": {"name": "Noida", "region": "3df890e6-c0ba-4c5f-8ce3-81cc8df6d195", "created_at": "2025-01-10T07:00:29.575Z", "updated_at": "2025-01-10T07:00:29.575Z"}}, {"model": "locations.city", "pk": "6352c4cd-20e4-493e-956d-9eedfe3efa93", "fields": {"name": "Bangalore", "region": "7aefc82e-4705-40e6-9499-797571f80f5e", "created_at": "2025-01-22T05:05:56.244Z", "updated_at": "2025-01-22T05:05:56.244Z"}}, {"model": "locations.city", "pk": "af40fb7d-6580-4268-bb88-e102a6a3fcd1", "fields": {"name": "Delhi", "region": "3df890e6-c0ba-4c5f-8ce3-81cc8df6d195", "created_at": "2025-01-10T07:00:29.559Z", "updated_at": "2025-01-10T07:00:29.559Z"}}, {"model": "locations.city", "pk": "baacbd3f-8df8-4d9e-aa8b-80b1776e00cc", "fields": {"name": "Mumbai", "region": "9d480f3c-b8cc-4a36-bf7d-feca35e1797f", "created_at": "2025-01-17T06:18:55.319Z", "updated_at": "2025-01-17T06:18:55.319Z"}}, {"model": "locations.city", "pk": "fb9f0aaf-2e70-4e5f-9941-f64154d32d33", "fields": {"name": "Gurgaon", "region": "3df890e6-c0ba-4c5f-8ce3-81cc8df6d195", "created_at": "2025-01-10T07:00:29.567Z", "updated_at": "2025-01-10T07:00:29.567Z"}}, {"model": "projects.productsubcategory", "pk": "0e4e445b-f667-480e-beb6-91d8d2ca1967", "fields": {"name": "WT Q3", "is_active": true, "created_at": "2025-01-10T07:00:29.604Z", "updated_at": "2025-01-10T07:00:29.604Z"}}, {"model": "projects.productsubcategory", "pk": "1fc6492e-e431-4888-be43-50c1bf0e6f19", "fields": {"name": "Highly Custom", "is_active": true, "created_at": "2025-01-10T07:00:29.581Z", "updated_at": "2025-01-10T07:00:29.581Z"}}, {"model": "projects.productsubcategory", "pk": "280a522e-772d-45e8-a7b1-2885c32f3ca5", "fields": {"name": "WT Q1", "is_active": true, "created_at": "2025-01-10T07:00:29.593Z", "updated_at": "2025-01-10T07:00:29.593Z"}}, {"model": "projects.productsubcategory", "pk": "5339006f-cd0e-434c-897b-bb732ba918af", "fields": {"name": "WT Q2", "is_active": true, "created_at": "2025-01-10T07:00:29.593Z", "updated_at": "2025-01-10T07:00:29.593Z"}}, {"model": "projects.productsubcategory", "pk": "ae4a969e-aae3-455f-89ad-67dd8264a785", "fields": {"name": "Dependent Product", "is_active": true, "created_at": "2025-01-10T07:00:29.585Z", "updated_at": "2025-01-10T07:00:29.585Z"}}, {"model": "projects.productsubcategory", "pk": "ede850b1-044c-479b-868b-e3d787011f44", "fields": {"name": "WT Q4", "is_active": true, "created_at": "2025-01-10T07:00:29.604Z", "updated_at": "2025-01-10T07:00:29.604Z"}}, {"model": "projects.product", "pk": "0f33ec87-d516-4cbf-aa1f-aa10f7620f0c", "fields": {"name": "Digiplot", "expected_tat": 25, "is_active": true, "created_at": "2025-01-10T07:00:29.624Z", "updated_at": "2025-01-10T07:00:29.624Z"}}, {"model": "projects.product", "pk": "3efbc7df-8945-4b9d-89ac-de1732560505", "fields": {"name": "Virtual_Full_Project_Digitour", "expected_tat": 30, "is_active": true, "created_at": "2025-01-10T07:00:29.614Z", "updated_at": "2025-01-10T07:00:29.614Z"}}, {"model": "projects.product", "pk": "86c5519d-e6b8-4fed-ab6b-bdfa5e911168", "fields": {"name": "Walkthrough", "expected_tat": 45, "is_active": true, "created_at": "2025-01-10T07:00:29.618Z", "updated_at": "2025-01-10T07:00:29.618Z"}}, {"model": "projects.projectstatusoption", "pk": "03756eb7-2912-4b92-92c7-28cd04e779a9", "fields": {"name": "Partial Data Received", "category_one": "Awaiting Data", "category_two": "Not Started", "order": 2, "is_active": true, "created_at": "2025-01-10T07:00:29.634Z", "updated_at": "2025-01-10T07:00:29.634Z"}}, {"model": "projects.projectstatusoption", "pk": "399683b2-3f53-4946-a643-4aaa38fa46cb", "fields": {"name": "2nd Rework Approval/Clarification", "category_one": "Rework", "category_two": "Pipeline", "order": 11, "is_active": true, "created_at": "2025-01-10T07:00:29.682Z", "updated_at": "2025-01-10T07:00:29.682Z"}}, {"model": "projects.projectstatusoption", "pk": "3be4d504-5e50-4785-9eae-6d2bed1472e3", "fields": {"name": "Hibernate", "category_one": "Work In Progress", "category_two": "Pipeline", "order": 16, "is_active": true, "created_at": "2025-01-10T07:00:29.704Z", "updated_at": "2025-01-10T07:00:29.704Z"}}, {"model": "projects.projectstatusoption", "pk": "529015ca-93fd-4ccb-bbc2-5f5c865773f6", "fields": {"name": "1st Rework End", "category_one": "Rework Done, ACC", "category_two": "Pipeline", "order": 9, "is_active": true, "created_at": "2025-01-10T07:00:29.666Z", "updated_at": "2025-01-10T07:00:29.666Z"}}, {"model": "projects.projectstatusoption", "pk": "534f7308-5829-467e-9902-b89d61e9786c", "fields": {"name": "Final Delivery", "category_one": "Final Delivery", "category_two": "Final Delivery", "order": 14, "is_active": true, "created_at": "2025-01-10T07:00:29.682Z", "updated_at": "2025-01-10T07:00:29.682Z"}}, {"model": "projects.projectstatusoption", "pk": "8161552f-3e82-4829-90d7-e8fa7ab03546", "fields": {"name": "2nd Rework Start", "category_one": "Rework", "category_two": "Pipeline", "order": 12, "is_active": true, "created_at": "2025-01-10T07:00:29.682Z", "updated_at": "2025-01-10T07:00:29.682Z"}}, {"model": "projects.projectstatusoption", "pk": "81f082cd-87b4-414f-8153-824ae3ef231f", "fields": {"name": "1st Rework Approval/Clarification", "category_one": "Rework", "category_two": "Pipeline", "order": 7, "is_active": true, "created_at": "2025-01-10T07:00:29.656Z", "updated_at": "2025-01-10T07:00:29.656Z"}}, {"model": "projects.projectstatusoption", "pk": "924ad8f4-53ce-49ad-ae9a-592c861b4b68", "fields": {"name": "Nth Delivery", "category_one": "Work In Progress", "category_two": "Pipeline", "order": 17, "is_active": true, "created_at": "2025-01-10T07:00:29.704Z", "updated_at": "2025-01-10T07:00:29.704Z"}}, {"model": "projects.projectstatusoption", "pk": "95a35a42-7ad6-452b-908d-19c94618a2ee", "fields": {"name": "2nd Rework Received", "category_one": "Rework", "category_two": "Pipeline", "order": 10, "is_active": true, "created_at": "2025-01-10T07:00:29.666Z", "updated_at": "2025-01-10T07:00:29.666Z"}}, {"model": "projects.projectstatusoption", "pk": "9a0778b7-716a-4398-a994-4f49a270b041", "fields": {"name": "1st Rework Start", "category_one": "Rework", "category_two": "Pipeline", "order": 8, "is_active": true, "created_at": "2025-01-10T07:00:29.666Z", "updated_at": "2025-01-10T07:00:29.666Z"}}, {"model": "projects.projectstatusoption", "pk": "9daefb30-ab63-4317-b1ba-9393bfe928eb", "fields": {"name": "1st Rework Received", "category_one": "Rework", "category_two": "Pipeline", "order": 6, "is_active": true, "created_at": "2025-01-10T07:00:29.656Z", "updated_at": "2025-01-10T07:00:29.656Z"}}, {"model": "projects.projectstatusoption", "pk": "a893451f-0a58-4244-bfe3-3aafa90ab2cf", "fields": {"name": "Final Data Received", "category_one": "Work In Progress", "category_two": "Pipeline", "order": 3, "is_active": true, "created_at": "2025-01-10T07:00:29.639Z", "updated_at": "2025-01-10T07:00:29.639Z"}}, {"model": "projects.projectstatusoption", "pk": "bb498362-b496-4089-8775-d0f4c2c71845", "fields": {"name": "1st Cut Delivery", "category_one": "1st Cut Delivered", "category_two": "Pipeline", "order": 5, "is_active": true, "created_at": "2025-01-10T07:00:29.651Z", "updated_at": "2025-01-10T07:00:29.651Z"}}, {"model": "projects.projectstatusoption", "pk": "cd13ea9f-289f-4d14-ae9f-44d8f1342262", "fields": {"name": "Nth Confirmation", "category_one": "Work In Progress", "category_two": "Pipeline", "order": 18, "is_active": true, "created_at": "2025-01-10T07:00:29.714Z", "updated_at": "2025-01-10T07:00:29.714Z"}}, {"model": "projects.projectstatusoption", "pk": "ce472de1-607a-49fb-8fe3-8d2e40f33dfb", "fields": {"name": "2nd Rework End", "category_one": "Rework Done, ACC", "category_two": "Pipeline", "order": 13, "is_active": true, "created_at": "2025-01-10T07:00:29.682Z", "updated_at": "2025-01-10T07:00:29.682Z"}}, {"model": "projects.projectstatusoption", "pk": "d3821ad9-093a-4c4c-9a72-4be50510c576", "fields": {"name": "Deemed Consumed", "category_one": "Deemed Consumed", "category_two": "Deemed Consumed", "order": 15, "is_active": true, "created_at": "2025-01-10T07:00:29.698Z", "updated_at": "2025-01-10T07:00:29.698Z"}}, {"model": "projects.projectstatusoption", "pk": "e4428c40-8bcf-44a2-98d8-7a2a86e907b0", "fields": {"name": "Project Start Date", "category_one": "Work In Progress", "category_two": "Pipeline", "order": 4, "is_active": true, "created_at": "2025-01-10T07:00:29.639Z", "updated_at": "2025-01-10T07:00:29.639Z"}}, {"model": "projects.projectstatusoption", "pk": "f46a64ba-bf9f-4937-8884-f0b877565748", "fields": {"name": "Sales Confirmation", "category_one": "Awaiting Data", "category_two": "Not Started", "order": 1, "is_active": true, "created_at": "2025-01-10T07:00:29.624Z", "updated_at": "2025-01-10T07:00:29.624Z"}}, {"model": "projects.project", "pk": "2d13e3d0-8b58-473b-b122-5307230790f6", "fields": {"hs_id": "A2", "opportunity_id": "https://lookup.housing.com/opportunity/3381527", "project_type": "NON_EVENT", "project_name": "AVA Lifespaces", "builder_name": "AVA Lifespaces", "city": "4a726e2d-797a-41e0-92ac-ee5714026304", "product": "86c5519d-e6b8-4fed-ab6b-bdfa5e911168", "product_subcategory": "ae4a969e-aae3-455f-89ad-67dd8264a785", "package_id": "1490662", "quantity": 1, "purchase_date": "2025-01-02", "sales_confirmation_date": "2025-01-07", "expected_tat": 45, "account_manager": "Niraj Virendra Singh", "dpm": ["sunny"], "current_status": "e4428c40-8bcf-44a2-98d8-7a2a86e907b0", "project_incharge": ["saket"], "expected_completion_date": "2025-02-05", "delivery_performance_rating": null, "created_at": "2025-01-10T08:30:47.313Z", "updated_at": "2025-02-04T08:11:47.882Z"}}, {"model": "projects.project", "pk": "4829002e-f245-45a2-9033-e73c9578063e", "fields": {"hs_id": "A1", "opportunity_id": "https://lookup.housing.com/opportunity/3925443", "project_type": "NON_EVENT", "project_name": "Well Wisher Group", "builder_name": "Well Wisher Group", "city": "fb9f0aaf-2e70-4e5f-9941-f64154d32d33", "product": "86c5519d-e6b8-4fed-ab6b-bdfa5e911168", "product_subcategory": "0e4e445b-f667-480e-beb6-91d8d2ca1967", "package_id": "1626752", "quantity": 1, "purchase_date": "2025-01-02", "sales_confirmation_date": "2025-01-06", "expected_tat": 45, "account_manager": "Shardul Sawant", "dpm": ["sunny"], "current_status": "f46a64ba-bf9f-4937-8884-f0b877565748", "project_incharge": ["praveen"], "expected_completion_date": "2025-06-26", "delivery_performance_rating": null, "created_at": "2025-01-10T08:14:38.250Z", "updated_at": "2025-06-15T11:35:41.559Z"}}, {"model": "projects.project", "pk": "82f7e9ee-0e25-403a-91e4-a42062ef0615", "fields": {"hs_id": "A5", "opportunity_id": "https://lookup.housing.com/opportunity/4510360", "project_type": null, "project_name": "The Right Life", "builder_name": "Mana Projects Pvt. Ltd.", "city": "baacbd3f-8df8-4d9e-aa8b-80b1776e00cc", "product": "86c5519d-e6b8-4fed-ab6b-bdfa5e911168", "product_subcategory": null, "package_id": null, "quantity": 1, "purchase_date": "2025-01-08", "sales_confirmation_date": "2025-01-09", "expected_tat": 45, "account_manager": "Deepak Kumar Panigrahy", "dpm": ["sunny"], "current_status": "ce472de1-607a-49fb-8fe3-8d2e40f33dfb", "project_incharge": ["saket"], "expected_completion_date": "2025-02-06", "delivery_performance_rating": null, "created_at": "2025-01-17T06:20:22.751Z", "updated_at": "2025-04-15T10:08:37.908Z"}}, {"model": "projects.project", "pk": "8878afd8-f444-47dc-8cb2-db8be25ce4fe", "fields": {"hs_id": "A7", "opportunity_id": "https://lookup.housing.com/opportunity/4222229", "project_type": null, "project_name": "Vagator Villas", "builder_name": "KLN Builders", "city": "1527675a-58cb-4505-9d0d-d975f48f83f3", "product": "3efbc7df-8945-4b9d-89ac-de1732560505", "product_subcategory": null, "package_id": null, "quantity": 1, "purchase_date": "2025-04-27", "sales_confirmation_date": "2025-04-29", "expected_tat": 30, "account_manager": "Deepak Kumar Panigrahy", "dpm": ["sunny"], "current_status": "a893451f-0a58-4244-bfe3-3aafa90ab2cf", "project_incharge": ["saket"], "expected_completion_date": "2025-05-20", "delivery_performance_rating": null, "created_at": "2025-05-01T07:09:41.058Z", "updated_at": "2025-05-01T11:03:01.981Z"}}, {"model": "projects.project", "pk": "a67a7c91-3bb2-4d83-88a6-f0f3cbd02576", "fields": {"hs_id": "A4", "opportunity_id": "https://lookup.housing.com/opportunity/2968566", "project_type": "NON_EVENT", "project_name": "Sadguru Realty", "builder_name": "Sadguru Realty", "city": "baacbd3f-8df8-4d9e-aa8b-80b1776e00cc", "product": "3efbc7df-8945-4b9d-89ac-de1732560505", "product_subcategory": "280a522e-772d-45e8-a7b1-2885c32f3ca5", "package_id": null, "quantity": 2, "purchase_date": "2025-01-06", "sales_confirmation_date": "2025-01-08", "expected_tat": 30, "account_manager": "Amit Nitish Raval", "dpm": ["sunny"], "current_status": "f46a64ba-bf9f-4937-8884-f0b877565748", "project_incharge": ["saket"], "expected_completion_date": "2025-02-13", "delivery_performance_rating": null, "created_at": "2025-01-16T11:17:48.261Z", "updated_at": "2025-04-25T07:09:57.564Z"}}, {"model": "projects.project", "pk": "aedaa6b4-0d60-4cdd-8ebd-8fbbb9c3879d", "fields": {"hs_id": "A8", "opportunity_id": "https://lookup.housing.com/opportunity/400000", "project_type": null, "project_name": "test", "builder_name": "test_builder", "city": "6352c4cd-20e4-493e-956d-9eedfe3efa93", "product": "3efbc7df-8945-4b9d-89ac-de1732560505", "product_subcategory": null, "package_id": null, "quantity": 1, "purchase_date": "2025-05-01", "sales_confirmation_date": "2025-05-02", "expected_tat": 30, "account_manager": "Shraddha Bhanushali", "dpm": ["sunny"], "current_status": "f46a64ba-bf9f-4937-8884-f0b877565748", "project_incharge": ["praveen"], "expected_completion_date": "2025-05-15", "delivery_performance_rating": null, "created_at": "2025-05-06T11:50:57.499Z", "updated_at": "2025-05-07T09:47:19.505Z"}}, {"model": "projects.project", "pk": "e2346a2f-1eea-4294-86ee-6f05317744a1", "fields": {"hs_id": "A3", "opportunity_id": "https://lookup.housing.com/opportunity/6787676", "project_type": "NON_EVENT", "project_name": "klj", "builder_name": "klj", "city": "fb9f0aaf-2e70-4e5f-9941-f64154d32d33", "product": "3efbc7df-8945-4b9d-89ac-de1732560505", "product_subcategory": "280a522e-772d-45e8-a7b1-2885c32f3ca5", "package_id": "98766", "quantity": 1, "purchase_date": "2025-01-01", "sales_confirmation_date": "2025-01-06", "expected_tat": 30, "account_manager": "Neeraj", "dpm": ["sunny"], "current_status": "f46a64ba-bf9f-4937-8884-f0b877565748", "project_incharge": ["saket"], "expected_completion_date": "2025-02-14", "delivery_performance_rating": null, "created_at": "2025-01-10T09:20:46.641Z", "updated_at": "2025-02-04T08:29:38.250Z"}}, {"model": "projects.project", "pk": "fd130d00-dd3c-47ae-b621-131d877824cd", "fields": {"hs_id": "A6", "opportunity_id": "https://lookup.housing.com/opportunity/4565899", "project_type": null, "project_name": "Iconic Properties", "builder_name": "The Pristine Horizon", "city": "1527675a-58cb-4505-9d0d-d975f48f83f3", "product": "0f33ec87-d516-4cbf-aa1f-aa10f7620f0c", "product_subcategory": "ae4a969e-aae3-455f-89ad-67dd8264a785", "package_id": null, "quantity": 1, "purchase_date": "2025-01-02", "sales_confirmation_date": "2025-01-03", "expected_tat": 25, "account_manager": "Shraddha Bhanushali", "dpm": ["sunny"], "current_status": "9a0778b7-716a-4398-a994-4f49a270b041", "project_incharge": ["praveen"], "expected_completion_date": "2025-02-20", "delivery_performance_rating": "2.0", "created_at": "2025-01-17T08:36:28.624Z", "updated_at": "2025-04-25T11:44:56.823Z"}}, {"model": "projects.projectstatushistory", "pk": "11c3828c-a8ed-4699-90c5-20d9bc27bc24", "fields": {"project": "2d13e3d0-8b58-473b-b122-5307230790f6", "status": "a893451f-0a58-4244-bfe3-3aafa90ab2cf", "category_one_snapshot": "Work In Progress", "category_two_snapshot": "Pipeline", "changed_by": ["sunny"], "changed_at": "2025-01-27T05:56:04.152Z", "comments": "Texture file will be shared shortly"}}, {"model": "projects.projectstatushistory", "pk": "18e8509f-69b9-46b2-b81e-43d89cbd7f36", "fields": {"project": "fd130d00-dd3c-47ae-b621-131d877824cd", "status": "e4428c40-8bcf-44a2-98d8-7a2a86e907b0", "category_one_snapshot": "Work In Progress", "category_two_snapshot": "Pipeline", "changed_by": ["amit"], "changed_at": "2025-01-31T08:37:29.227Z", "comments": ""}}, {"model": "projects.projectstatushistory", "pk": "295e799d-b363-4226-bef1-8a5699b809a6", "fields": {"project": "82f7e9ee-0e25-403a-91e4-a42062ef0615", "status": "ce472de1-607a-49fb-8fe3-8d2e40f33dfb", "category_one_snapshot": "Rework Done, ACC", "category_two_snapshot": "Pipeline", "changed_by": ["sunny"], "changed_at": "2025-04-15T10:07:53.975Z", "comments": "jshfo"}}, {"model": "projects.projectstatushistory", "pk": "474ee101-346d-435c-b84a-d64fcd5080db", "fields": {"project": "2d13e3d0-8b58-473b-b122-5307230790f6", "status": "03756eb7-2912-4b92-92c7-28cd04e779a9", "category_one_snapshot": "Awaiting Data", "category_two_snapshot": "Not Started", "changed_by": ["sunny"], "changed_at": "2025-01-10T08:30:47.345Z", "comments": ""}}, {"model": "projects.projectstatushistory", "pk": "542d9ae0-03eb-4385-a97c-4b6ddd5f6967", "fields": {"project": "a67a7c91-3bb2-4d83-88a6-f0f3cbd02576", "status": "f46a64ba-bf9f-4937-8884-f0b877565748", "category_one_snapshot": "Awaiting Data", "category_two_snapshot": "Not Started", "changed_by": ["sunny"], "changed_at": "2025-01-16T11:17:48.284Z", "comments": ""}}, {"model": "projects.projectstatushistory", "pk": "69bd41aa-c067-4ac5-ac84-7ee2d2fae30e", "fields": {"project": "fd130d00-dd3c-47ae-b621-131d877824cd", "status": "a893451f-0a58-4244-bfe3-3aafa90ab2cf", "category_one_snapshot": "Work In Progress", "category_two_snapshot": "Pipeline", "changed_by": ["sunny"], "changed_at": "2025-01-17T10:38:50.827Z", "comments": ""}}, {"model": "projects.projectstatushistory", "pk": "6b53114f-c2e5-4ebf-b658-85192b6826f6", "fields": {"project": "8878afd8-f444-47dc-8cb2-db8be25ce4fe", "status": "03756eb7-2912-4b92-92c7-28cd04e779a9", "category_one_snapshot": "Awaiting Data", "category_two_snapshot": "Not Started", "changed_by": ["sunny"], "changed_at": "2025-05-01T08:04:40.662Z", "comments": ""}}, {"model": "projects.projectstatushistory", "pk": "7385fc9f-3b00-4b7c-b815-be347445cdf4", "fields": {"project": "fd130d00-dd3c-47ae-b621-131d877824cd", "status": "9daefb30-ab63-4317-b1ba-9393bfe928eb", "category_one_snapshot": "Rework", "category_two_snapshot": "Pipeline", "changed_by": ["sunny"], "changed_at": "2025-04-25T08:08:00.575Z", "comments": ""}}, {"model": "projects.projectstatushistory", "pk": "796f9de2-1670-4a6b-bbe3-61ad341e5478", "fields": {"project": "2d13e3d0-8b58-473b-b122-5307230790f6", "status": "e4428c40-8bcf-44a2-98d8-7a2a86e907b0", "category_one_snapshot": "Work In Progress", "category_two_snapshot": "Pipeline", "changed_by": ["sunny"], "changed_at": "2025-01-31T05:06:23.534Z", "comments": ""}}, {"model": "projects.projectstatushistory", "pk": "7b04fecf-a203-4e6c-a1a9-bf796bb49f39", "fields": {"project": "fd130d00-dd3c-47ae-b621-131d877824cd", "status": "81f082cd-87b4-414f-8153-824ae3ef231f", "category_one_snapshot": "Rework", "category_two_snapshot": "Pipeline", "changed_by": ["sunny"], "changed_at": "2025-04-25T08:19:21.996Z", "comments": ""}}, {"model": "projects.projectstatushistory", "pk": "8663bdcd-d18c-4645-a8ac-1a7d6304908d", "fields": {"project": "fd130d00-dd3c-47ae-b621-131d877824cd", "status": "f46a64ba-bf9f-4937-8884-f0b877565748", "category_one_snapshot": "Awaiting Data", "category_two_snapshot": "Not Started", "changed_by": ["sunny"], "changed_at": "2025-01-17T08:36:28.639Z", "comments": ""}}, {"model": "projects.projectstatushistory", "pk": "8704a421-5a18-471d-b308-0017bef55205", "fields": {"project": "aedaa6b4-0d60-4cdd-8ebd-8fbbb9c3879d", "status": "f46a64ba-bf9f-4937-8884-f0b877565748", "category_one_snapshot": "Awaiting Data", "category_two_snapshot": "Not Started", "changed_by": ["sunny"], "changed_at": "2025-05-06T11:50:57.514Z", "comments": ""}}, {"model": "projects.projectstatushistory", "pk": "9c215c93-b016-44e1-8bc7-04040fad2320", "fields": {"project": "e2346a2f-1eea-4294-86ee-6f05317744a1", "status": "f46a64ba-bf9f-4937-8884-f0b877565748", "category_one_snapshot": "Awaiting Data", "category_two_snapshot": "Not Started", "changed_by": ["sunny"], "changed_at": "2025-01-10T09:20:46.656Z", "comments": ""}}, {"model": "projects.projectstatushistory", "pk": "9e113213-df15-4028-bb37-a807f134d1c8", "fields": {"project": "fd130d00-dd3c-47ae-b621-131d877824cd", "status": "03756eb7-2912-4b92-92c7-28cd04e779a9", "category_one_snapshot": "Awaiting Data", "category_two_snapshot": "Not Started", "changed_by": ["sunny"], "changed_at": "2025-01-17T09:11:54.683Z", "comments": ""}}, {"model": "projects.projectstatushistory", "pk": "9fb1a1cd-7e0f-4c5d-9f7d-845f53b0c633", "fields": {"project": "82f7e9ee-0e25-403a-91e4-a42062ef0615", "status": "bb498362-b496-4089-8775-d0f4c2c71845", "category_one_snapshot": "1st Cut Delivered", "category_two_snapshot": "Pipeline", "changed_by": ["sunny"], "changed_at": "2025-01-20T06:10:17.588Z", "comments": ""}}, {"model": "projects.projectstatushistory", "pk": "b7b5ceaa-d3a5-45f4-9cf5-ab04a89bf2db", "fields": {"project": "82f7e9ee-0e25-403a-91e4-a42062ef0615", "status": "03756eb7-2912-4b92-92c7-28cd04e779a9", "category_one_snapshot": "Awaiting Data", "category_two_snapshot": "Not Started", "changed_by": ["sunny"], "changed_at": "2025-01-17T06:20:22.768Z", "comments": ""}}, {"model": "projects.projectstatushistory", "pk": "bc4f94a7-ded5-49a7-9734-177584f6511f", "fields": {"project": "fd130d00-dd3c-47ae-b621-131d877824cd", "status": "9a0778b7-716a-4398-a994-4f49a270b041", "category_one_snapshot": "Rework", "category_two_snapshot": "Pipeline", "changed_by": ["sunny"], "changed_at": "2025-04-25T11:44:28.956Z", "comments": ""}}, {"model": "projects.projectstatushistory", "pk": "cd40bee2-14a2-4819-8f58-3300e2946a6b", "fields": {"project": "8878afd8-f444-47dc-8cb2-db8be25ce4fe", "status": "f46a64ba-bf9f-4937-8884-f0b877565748", "category_one_snapshot": "Awaiting Data", "category_two_snapshot": "Not Started", "changed_by": ["sunny"], "changed_at": "2025-05-01T07:09:41.067Z", "comments": ""}}, {"model": "projects.projectstatushistory", "pk": "cf112c0f-51fc-4e52-ac85-2e0c926bb1d1", "fields": {"project": "8878afd8-f444-47dc-8cb2-db8be25ce4fe", "status": "a893451f-0a58-4244-bfe3-3aafa90ab2cf", "category_one_snapshot": "Work In Progress", "category_two_snapshot": "Pipeline", "changed_by": ["sunny"], "changed_at": "2025-05-01T11:03:01.987Z", "comments": ""}}, {"model": "projects.projectstatushistory", "pk": "d24814fc-002e-48d3-8900-60bde6a63278", "fields": {"project": "4829002e-f245-45a2-9033-e73c9578063e", "status": "f46a64ba-bf9f-4937-8884-f0b877565748", "category_one_snapshot": "Awaiting Data", "category_two_snapshot": "Not Started", "changed_by": ["sunny"], "changed_at": "2025-01-10T08:14:38.274Z", "comments": ""}}, {"model": "projects.projectstatushistory", "pk": "f1cd0f44-61f6-499d-99a2-d4382647e933", "fields": {"project": "fd130d00-dd3c-47ae-b621-131d877824cd", "status": "bb498362-b496-4089-8775-d0f4c2c71845", "category_one_snapshot": "1st Cut Delivered", "category_two_snapshot": "Pipeline", "changed_by": ["sunny"], "changed_at": "2025-04-25T07:55:59.667Z", "comments": ""}}, {"model": "projects.projectstatushistory", "pk": "f59c115a-a611-43e7-a4c8-11d09d86bfd0", "fields": {"project": "82f7e9ee-0e25-403a-91e4-a42062ef0615", "status": "a893451f-0a58-4244-bfe3-3aafa90ab2cf", "category_one_snapshot": "Work In Progress", "category_two_snapshot": "Pipeline", "changed_by": ["sunny"], "changed_at": "2025-01-17T09:07:44.668Z", "comments": "kitchen cad still missing"}}, {"model": "projects.producttask", "pk": "02edffd2-2f33-4223-8c6e-09292d054d5e", "fields": {"product": "0f33ec87-d516-4cbf-aa1f-aa10f7620f0c", "name": "Plot no. & Sq.ft. PS", "description": "", "is_active": true, "created_at": "2025-01-29T05:52:39.835Z", "updated_at": "2025-01-29T05:52:39.835Z"}}, {"model": "projects.producttask", "pk": "184f534f-b666-4130-af3f-4e462d9269c4", "fields": {"product": "3efbc7df-8945-4b9d-89ac-de1732560505", "name": "Podium Modeling & Texturing", "description": "", "is_active": true, "created_at": "2025-01-29T05:49:29.359Z", "updated_at": "2025-01-29T05:49:29.359Z"}}, {"model": "projects.producttask", "pk": "292952f5-83c8-4612-b27b-148a4e2e71f7", "fields": {"product": "0f33ec87-d516-4cbf-aa1f-aa10f7620f0c", "name": "Hotspot Creation", "description": "", "is_active": true, "created_at": "2025-01-29T05:53:10.164Z", "updated_at": "2025-01-29T05:53:10.164Z"}}, {"model": "projects.producttask", "pk": "2bc58c96-bcbd-487f-862a-bd44e8103ed2", "fields": {"product": "86c5519d-e6b8-4fed-ab6b-bdfa5e911168", "name": "Master Plan Landscaping", "description": "", "is_active": true, "created_at": "2025-01-29T05:51:31.607Z", "updated_at": "2025-01-29T05:51:31.607Z"}}, {"model": "projects.producttask", "pk": "5e55dc3e-a33a-4512-b3eb-e9130f97ac85", "fields": {"product": "86c5519d-e6b8-4fed-ab6b-bdfa5e911168", "name": "Terrace Modeling & Texturing", "description": "", "is_active": true, "created_at": "2025-01-29T05:51:05.923Z", "updated_at": "2025-01-29T05:51:05.923Z"}}, {"model": "projects.producttask", "pk": "5e56bd97-8e43-4b22-b767-4f5326896ae3", "fields": {"product": "86c5519d-e6b8-4fed-ab6b-bdfa5e911168", "name": "Gate Modeling Texturing", "description": "", "is_active": true, "created_at": "2025-01-29T05:50:23.093Z", "updated_at": "2025-01-29T05:50:23.093Z"}}, {"model": "projects.producttask", "pk": "6e9b62f8-1ce5-4a07-adae-aaaa60554aa5", "fields": {"product": "86c5519d-e6b8-4fed-ab6b-bdfa5e911168", "name": "Tower Modeling", "description": "", "is_active": true, "created_at": "2025-01-29T05:49:55.149Z", "updated_at": "2025-01-29T05:49:55.149Z"}}, {"model": "projects.producttask", "pk": "702ebc38-34d1-4be7-9fc5-0495151e0845", "fields": {"product": "3efbc7df-8945-4b9d-89ac-de1732560505", "name": "Boundary Wall Modeling & Texturing", "description": "", "is_active": true, "created_at": "2025-01-29T05:49:15.835Z", "updated_at": "2025-01-29T05:49:15.835Z"}}, {"model": "projects.producttask", "pk": "723627d0-02ba-4c1b-91ca-b944035e3402", "fields": {"product": "86c5519d-e6b8-4fed-ab6b-bdfa5e911168", "name": "Boundary Wall Modeling & Texturing", "description": "", "is_active": true, "created_at": "2025-01-29T05:50:35.415Z", "updated_at": "2025-01-29T05:50:35.415Z"}}, {"model": "projects.producttask", "pk": "9088215e-9b53-407c-8ad3-82f7cb0d9927", "fields": {"product": "86c5519d-e6b8-4fed-ab6b-bdfa5e911168", "name": "Podium Modeling & Texturing", "description": "", "is_active": true, "created_at": "2025-01-29T05:50:49.453Z", "updated_at": "2025-01-29T05:50:49.453Z"}}, {"model": "projects.producttask", "pk": "91ad218b-fcd9-49cc-8f6c-841462a61eaf", "fields": {"product": "86c5519d-e6b8-4fed-ab6b-bdfa5e911168", "name": "Master Plan Modeling & Texturing", "description": "", "is_active": true, "created_at": "2025-01-29T05:50:08.738Z", "updated_at": "2025-01-29T05:50:08.738Z"}}, {"model": "projects.producttask", "pk": "91cab416-1177-48ed-8f59-0614ec07da5c", "fields": {"product": "86c5519d-e6b8-4fed-ab6b-bdfa5e911168", "name": "Basement Parking Modeling & Texturing", "description": "", "is_active": true, "created_at": "2025-01-29T05:51:18.780Z", "updated_at": "2025-01-29T05:51:18.780Z"}}, {"model": "projects.producttask", "pk": "950a239f-2de5-4174-aced-fe4a080a5dd3", "fields": {"product": "86c5519d-e6b8-4fed-ab6b-bdfa5e911168", "name": "Podium Landscaping", "description": "", "is_active": true, "created_at": "2025-01-29T05:51:43.423Z", "updated_at": "2025-01-29T05:51:43.423Z"}}, {"model": "projects.producttask", "pk": "964a2048-5d3a-4deb-8d7f-4e3d242121e0", "fields": {"product": "3efbc7df-8945-4b9d-89ac-de1732560505", "name": "Master Plan Modeling & Texturing", "description": "", "is_active": true, "created_at": "2025-01-29T05:48:49.266Z", "updated_at": "2025-01-29T05:48:49.266Z"}}, {"model": "projects.producttask", "pk": "af14eecc-0c2d-41fd-bea5-fe2ab0d35c16", "fields": {"product": "0f33ec87-d516-4cbf-aa1f-aa10f7620f0c", "name": "Pano2vr", "description": "", "is_active": true, "created_at": "2025-01-29T05:52:50.192Z", "updated_at": "2025-01-29T05:52:50.192Z"}}, {"model": "projects.producttask", "pk": "b542a4d2-1b51-4ae7-b1e0-22801d34dec1", "fields": {"product": "0f33ec87-d516-4cbf-aa1f-aa10f7620f0c", "name": "50 M Overlay", "description": "", "is_active": true, "created_at": "2025-01-29T05:52:10.726Z", "updated_at": "2025-01-29T05:52:10.726Z"}}, {"model": "projects.producttask", "pk": "b92be24d-0363-4f15-9c42-60c21fbdc2fe", "fields": {"product": "0f33ec87-d516-4cbf-aa1f-aa10f7620f0c", "name": "100 M Overlay", "description": "", "is_active": true, "created_at": "2025-01-29T05:52:00.258Z", "updated_at": "2025-01-29T05:52:00.258Z"}}, {"model": "projects.producttask", "pk": "c557c898-0ba0-4524-b877-cbd354ec9e52", "fields": {"product": "3efbc7df-8945-4b9d-89ac-de1732560505", "name": "Tower Modeling", "description": "", "is_active": true, "created_at": "2025-01-29T05:48:29.429Z", "updated_at": "2025-01-29T05:48:29.429Z"}}, {"model": "projects.producttask", "pk": "e13d4a5a-4cb4-48c6-9ccd-9ded9c76d2fd", "fields": {"product": "3efbc7df-8945-4b9d-89ac-de1732560505", "name": "Gate Modeling & Texturing", "description": "", "is_active": true, "created_at": "2025-01-29T05:49:00.992Z", "updated_at": "2025-01-29T05:49:00.992Z"}}, {"model": "projects.producttask", "pk": "f29b0ffa-6794-41c3-9457-16de942c5017", "fields": {"product": "0f33ec87-d516-4cbf-aa1f-aa10f7620f0c", "name": "Link Creation", "description": "", "is_active": true, "created_at": "2025-01-29T05:53:21.954Z", "updated_at": "2025-01-29T05:53:21.954Z"}}, {"model": "projects.producttask", "pk": "fb0102fd-358f-4daa-866f-a6fb79f3fc64", "fields": {"product": "0f33ec87-d516-4cbf-aa1f-aa10f7620f0c", "name": "50ft Overlay", "description": "", "is_active": true, "created_at": "2025-01-29T05:52:23.696Z", "updated_at": "2025-01-29T05:52:23.696Z"}}, {"model": "projects.projecttask", "pk": "0ac48dd0-775b-4542-a042-4ec820efdc1d", "fields": {"task_id": "TID_00006", "project": "a67a7c91-3bb2-4d83-88a6-f0f3cbd02576", "product_task": "e13d4a5a-4cb4-48c6-9ccd-9ded9c76d2fd", "task_type": "NEW", "estimated_time": 280, "created_by": ["amit"], "created_at": "2025-01-29T09:21:01.023Z", "updated_at": "2025-01-29T09:21:01.023Z"}}, {"model": "projects.projecttask", "pk": "13b84a20-5b6c-490c-ab9f-42607f98a4bf", "fields": {"task_id": "TID_00022", "project": "e2346a2f-1eea-4294-86ee-6f05317744a1", "product_task": "964a2048-5d3a-4deb-8d7f-4e3d242121e0", "task_type": "REWORK", "estimated_time": 280, "created_by": ["amit"], "created_at": "2025-05-07T10:37:08.313Z", "updated_at": "2025-05-07T10:37:08.313Z"}}, {"model": "projects.projecttask", "pk": "183e72a3-e3a0-42d3-aa47-d7d8f6675d41", "fields": {"task_id": "TID_00016", "project": "fd130d00-dd3c-47ae-b621-131d877824cd", "product_task": "f29b0ffa-6794-41c3-9457-16de942c5017", "task_type": "NEW", "estimated_time": 280, "created_by": ["amit"], "created_at": "2025-03-25T08:40:49.945Z", "updated_at": "2025-03-25T08:40:49.945Z"}}, {"model": "projects.projecttask", "pk": "18fdce5e-2301-4e1d-9bce-1b4214154d38", "fields": {"task_id": "TID_00018", "project": "a67a7c91-3bb2-4d83-88a6-f0f3cbd02576", "product_task": "c557c898-0ba0-4524-b877-cbd354ec9e52", "task_type": "NEW", "estimated_time": 280, "created_by": ["amit"], "created_at": "2025-04-25T11:47:40.160Z", "updated_at": "2025-04-25T11:47:40.160Z"}}, {"model": "projects.projecttask", "pk": "19bfd85b-a270-4e6f-8196-6e43e768820a", "fields": {"task_id": "TID_00002", "project": "a67a7c91-3bb2-4d83-88a6-f0f3cbd02576", "product_task": "964a2048-5d3a-4deb-8d7f-4e3d242121e0", "task_type": "NEW", "estimated_time": 5, "created_by": ["amit"], "created_at": "2025-01-29T06:21:23.575Z", "updated_at": "2025-01-29T06:21:23.575Z"}}, {"model": "projects.projecttask", "pk": "20c96561-bb57-42d8-9638-328ff8c9f131", "fields": {"task_id": "TID_00011", "project": "a67a7c91-3bb2-4d83-88a6-f0f3cbd02576", "product_task": "702ebc38-34d1-4be7-9fc5-0495151e0845", "task_type": "REWORK", "estimated_time": 280, "created_by": ["amit"], "created_at": "2025-01-31T10:48:41.900Z", "updated_at": "2025-01-31T10:48:41.900Z"}}, {"model": "projects.projecttask", "pk": "431e9ab9-f56f-4564-a47a-2d2a1dc7851a", "fields": {"task_id": "TID_00019", "project": "8878afd8-f444-47dc-8cb2-db8be25ce4fe", "product_task": "964a2048-5d3a-4deb-8d7f-4e3d242121e0", "task_type": "NEW", "estimated_time": 300, "created_by": ["amit"], "created_at": "2025-05-01T09:13:14.304Z", "updated_at": "2025-05-01T09:13:14.304Z"}}, {"model": "projects.projecttask", "pk": "568622e4-7a49-4ff7-bc29-f82eb937966a", "fields": {"task_id": "TID_00008", "project": "2d13e3d0-8b58-473b-b122-5307230790f6", "product_task": "91ad218b-fcd9-49cc-8f6c-841462a61eaf", "task_type": "NEW", "estimated_time": 570, "created_by": ["parth"], "created_at": "2025-01-31T05:08:32.530Z", "updated_at": "2025-01-31T11:10:19.821Z"}}, {"model": "projects.projecttask", "pk": "5e96d2d1-561b-4653-86a7-e18ad903ce8f", "fields": {"task_id": "TID_00021", "project": "fd130d00-dd3c-47ae-b621-131d877824cd", "product_task": "af14eecc-0c2d-41fd-bea5-fe2ab0d35c16", "task_type": "NEW", "estimated_time": 90, "created_by": ["amit"], "created_at": "2025-05-07T09:55:13.461Z", "updated_at": "2025-05-07T09:55:13.461Z"}}, {"model": "projects.projecttask", "pk": "7868e2d1-2eb5-4c0c-88c8-db892681331e", "fields": {"task_id": "TID_00017", "project": "a67a7c91-3bb2-4d83-88a6-f0f3cbd02576", "product_task": "184f534f-b666-4130-af3f-4e462d9269c4", "task_type": "NEW", "estimated_time": 300, "created_by": ["amit"], "created_at": "2025-04-15T10:12:17.310Z", "updated_at": "2025-04-15T10:12:17.310Z"}}, {"model": "projects.projecttask", "pk": "85a5042c-7668-4cb2-a27a-cf71b39a5ecb", "fields": {"task_id": "TID_00003", "project": "a67a7c91-3bb2-4d83-88a6-f0f3cbd02576", "product_task": "e13d4a5a-4cb4-48c6-9ccd-9ded9c76d2fd", "task_type": "NEW", "estimated_time": 525, "created_by": ["amit"], "created_at": "2025-01-29T07:32:21.244Z", "updated_at": "2025-01-29T07:32:21.244Z"}}, {"model": "projects.projecttask", "pk": "86e6fce4-a2ac-411f-ac4e-088c7381ff86", "fields": {"task_id": "TID_00014", "project": "fd130d00-dd3c-47ae-b621-131d877824cd", "product_task": "fb0102fd-358f-4daa-866f-a6fb79f3fc64", "task_type": "NEW", "estimated_time": 90, "created_by": ["amit"], "created_at": "2025-02-04T05:20:00.716Z", "updated_at": "2025-02-04T05:20:00.716Z"}}, {"model": "projects.projecttask", "pk": "96f548a0-1c53-4f40-91e2-7af0a108f628", "fields": {"task_id": "TID_00009", "project": "a67a7c91-3bb2-4d83-88a6-f0f3cbd02576", "product_task": "184f534f-b666-4130-af3f-4e462d9269c4", "task_type": "NEW", "estimated_time": 570, "created_by": ["amit"], "created_at": "2025-01-31T05:36:21.582Z", "updated_at": "2025-01-31T05:36:21.582Z"}}, {"model": "projects.projecttask", "pk": "9d49c0a7-34ef-4555-b104-4da3beb3f5a1", "fields": {"task_id": "TID_00004", "project": "a67a7c91-3bb2-4d83-88a6-f0f3cbd02576", "product_task": "702ebc38-34d1-4be7-9fc5-0495151e0845", "task_type": "REWORK", "estimated_time": 90, "created_by": ["amit"], "created_at": "2025-01-29T07:33:22.211Z", "updated_at": "2025-01-29T07:33:22.211Z"}}, {"model": "projects.projecttask", "pk": "9d9bead4-938e-44f4-80ce-629b29731120", "fields": {"task_id": "TID_00015", "project": "fd130d00-dd3c-47ae-b621-131d877824cd", "product_task": "fb0102fd-358f-4daa-866f-a6fb79f3fc64", "task_type": "NEW", "estimated_time": 280, "created_by": ["amit"], "created_at": "2025-02-05T04:36:38.868Z", "updated_at": "2025-02-05T04:36:38.868Z"}}, {"model": "projects.projecttask", "pk": "a10caf60-b8d4-4c54-933f-313aed98162b", "fields": {"task_id": "TID_00001", "project": "a67a7c91-3bb2-4d83-88a6-f0f3cbd02576", "product_task": "c557c898-0ba0-4524-b877-cbd354ec9e52", "task_type": "NEW", "estimated_time": 9, "created_by": ["amit"], "created_at": "2025-01-29T06:05:58.885Z", "updated_at": "2025-01-29T06:05:58.885Z"}}, {"model": "projects.projecttask", "pk": "b0d2d9dc-33e5-441f-b6bd-06e851d75960", "fields": {"task_id": "TID_00005", "project": "a67a7c91-3bb2-4d83-88a6-f0f3cbd02576", "product_task": "184f534f-b666-4130-af3f-4e462d9269c4", "task_type": "REWORK", "estimated_time": 525, "created_by": ["amit"], "created_at": "2025-01-29T08:57:06.104Z", "updated_at": "2025-01-29T08:57:06.104Z"}}, {"model": "projects.projecttask", "pk": "bbdfe938-41d6-47f7-ae9c-d89de38b1b02", "fields": {"task_id": "TID_00007", "project": "a67a7c91-3bb2-4d83-88a6-f0f3cbd02576", "product_task": "964a2048-5d3a-4deb-8d7f-4e3d242121e0", "task_type": "REWORK", "estimated_time": 300, "created_by": ["amit"], "created_at": "2025-01-29T10:38:37.737Z", "updated_at": "2025-01-29T10:38:37.737Z"}}, {"model": "projects.projecttask", "pk": "cc24bf7e-0aca-49d8-b043-0c8c08428a5e", "fields": {"task_id": "TID_00012", "project": "fd130d00-dd3c-47ae-b621-131d877824cd", "product_task": "fb0102fd-358f-4daa-866f-a6fb79f3fc64", "task_type": "REWORK", "estimated_time": 280, "created_by": ["amit"], "created_at": "2025-01-31T13:00:15.864Z", "updated_at": "2025-01-31T13:00:15.864Z"}}, {"model": "projects.projecttask", "pk": "d6cd56b9-a0e7-45b5-8ec8-88d6dc5a118a", "fields": {"task_id": "TID_00020", "project": "aedaa6b4-0d60-4cdd-8ebd-8fbbb9c3879d", "product_task": "964a2048-5d3a-4deb-8d7f-4e3d242121e0", "task_type": "NEW", "estimated_time": 300, "created_by": ["amit"], "created_at": "2025-05-07T09:47:32.984Z", "updated_at": "2025-05-07T09:47:32.984Z"}}, {"model": "projects.projecttask", "pk": "d72dc8ff-f8e4-4dda-bd03-ed86a88ecf2e", "fields": {"task_id": "TID_00010", "project": "fd130d00-dd3c-47ae-b621-131d877824cd", "product_task": "b92be24d-0363-4f15-9c42-60c21fbdc2fe", "task_type": "NEW", "estimated_time": 300, "created_by": ["amit"], "created_at": "2025-01-31T08:42:43.852Z", "updated_at": "2025-01-31T08:42:43.852Z"}}, {"model": "projects.projecttask", "pk": "e3e3e688-25d5-4a0a-8a4d-7751b266160a", "fields": {"task_id": "TID_00013", "project": "82f7e9ee-0e25-403a-91e4-a42062ef0615", "product_task": "9088215e-9b53-407c-8ad3-82f7cb0d9927", "task_type": "REWORK", "estimated_time": 300, "created_by": ["amit"], "created_at": "2025-02-04T02:01:24.421Z", "updated_at": "2025-02-04T02:01:24.421Z"}}, {"model": "projects.taskassignment", "pk": "02bb3a0e-31cf-4dbf-83d5-14bd2d6faa02", "fields": {"assignment_id": "ASID_000032", "task": "13b84a20-5b6c-490c-ab9f-42607f98a4bf", "assigned_to": ["saket"], "assigned_date": "2025-05-07T11:17:43.891Z", "projected_hours": 150, "sub_task": "hdwbjhqd", "rework_type": "NEW", "is_active": true, "error_count": 0, "error_description": "", "expected_delivery_date": "2025-05-22T00:00:00Z", "quality_rating": null, "assigned_by": ["amit"], "completion_date": null, "is_completed": false, "created_at": "2025-05-07T11:17:43.891Z", "updated_at": "2025-05-07T11:17:43.891Z"}}, {"model": "projects.taskassignment", "pk": "039183b1-7717-462f-be3d-ad005ea42efd", "fields": {"assignment_id": "ASID_000012", "task": "bbdfe938-41d6-47f7-ae9c-d89de38b1b02", "assigned_to": ["saket"], "assigned_date": "2025-01-31T05:18:41.276Z", "projected_hours": 120, "sub_task": "test1", "rework_type": "NEW", "is_active": true, "error_count": 0, "error_description": "", "expected_delivery_date": "2025-02-12T00:00:00Z", "quality_rating": null, "assigned_by": ["amit"], "completion_date": null, "is_completed": false, "created_at": "2025-01-31T05:18:41.276Z", "updated_at": "2025-01-31T05:18:41.276Z"}}, {"model": "projects.taskassignment", "pk": "03e7feb8-4c9c-4437-8cff-89eb321f03d9", "fields": {"assignment_id": "ASID_000017", "task": "20c96561-bb57-42d8-9638-328ff8c9f131", "assigned_to": ["amit"], "assigned_date": "2025-01-31T10:50:01.908Z", "projected_hours": 30, "sub_task": "test", "rework_type": null, "is_active": true, "error_count": 0, "error_description": "", "expected_delivery_date": "2025-02-02T00:00:00Z", "quality_rating": null, "assigned_by": ["amit"], "completion_date": null, "is_completed": false, "created_at": "2025-01-31T10:50:01.908Z", "updated_at": "2025-01-31T10:50:01.908Z"}}, {"model": "projects.taskassignment", "pk": "1e27265f-bafa-40cf-a250-5556e2936867", "fields": {"assignment_id": "ASID_000029", "task": "431e9ab9-f56f-4564-a47a-2d2a1dc7851a", "assigned_to": ["praveen"], "assigned_date": "2025-05-01T09:31:10.646Z", "projected_hours": 90, "sub_task": "test1", "rework_type": null, "is_active": true, "error_count": 0, "error_description": "", "expected_delivery_date": "2025-05-22T00:00:00Z", "quality_rating": null, "assigned_by": ["amit"], "completion_date": null, "is_completed": false, "created_at": "2025-05-01T09:31:10.646Z", "updated_at": "2025-05-01T09:31:10.646Z"}}, {"model": "projects.taskassignment", "pk": "1e886879-8e60-494d-9786-cd8a94aba69a", "fields": {"assignment_id": "ASID_000026", "task": "7868e2d1-2eb5-4c0c-88c8-db892681331e", "assigned_to": ["shubham"], "assigned_date": "2025-04-15T10:13:32.765Z", "projected_hours": 150, "sub_task": "testing", "rework_type": "NEW", "is_active": true, "error_count": 0, "error_description": "", "expected_delivery_date": "2025-04-24T00:00:00Z", "quality_rating": null, "assigned_by": ["amit"], "completion_date": null, "is_completed": false, "created_at": "2025-04-15T10:13:32.765Z", "updated_at": "2025-04-15T10:13:32.765Z"}}, {"model": "projects.taskassignment", "pk": "259afc93-b656-4ec8-84c1-65dfcacf069c", "fields": {"assignment_id": "ASID_000010", "task": "bbdfe938-41d6-47f7-ae9c-d89de38b1b02", "assigned_to": ["parth"], "assigned_date": "2025-01-29T10:39:31.973Z", "projected_hours": 90, "sub_task": "test", "rework_type": "NEW", "is_active": false, "error_count": 0, "error_description": "", "expected_delivery_date": "2025-02-05T00:00:00Z", "quality_rating": null, "assigned_by": ["amit"], "completion_date": null, "is_completed": false, "created_at": "2025-01-29T10:39:31.973Z", "updated_at": "2025-01-29T10:39:31.973Z"}}, {"model": "projects.taskassignment", "pk": "29d3c248-d8e3-4843-9cff-173bb6ac235a", "fields": {"assignment_id": "ASID_000002", "task": "9d49c0a7-34ef-4555-b104-4da3beb3f5a1", "assigned_to": ["saket"], "assigned_date": "2025-01-29T07:35:17.567Z", "projected_hours": 150, "sub_task": "boundary wall texturing", "rework_type": "NEW", "is_active": true, "error_count": 0, "error_description": "", "expected_delivery_date": "2025-02-06T00:00:00Z", "quality_rating": null, "assigned_by": ["amit"], "completion_date": null, "is_completed": false, "created_at": "2025-01-29T07:35:17.567Z", "updated_at": "2025-01-29T07:35:17.567Z"}}, {"model": "projects.taskassignment", "pk": "2ba95547-869c-4d77-bf59-98b49cdc7178", "fields": {"assignment_id": "ASID_000008", "task": "b0d2d9dc-33e5-441f-b6bd-06e851d75960", "assigned_to": ["saket"], "assigned_date": "2025-01-29T10:37:20.531Z", "projected_hours": 135, "sub_task": "test", "rework_type": "INTERNAL_REWORK", "is_active": true, "error_count": 0, "error_description": "", "expected_delivery_date": "2025-02-03T00:00:00Z", "quality_rating": null, "assigned_by": ["amit"], "completion_date": null, "is_completed": false, "created_at": "2025-01-29T10:37:20.531Z", "updated_at": "2025-01-29T10:37:20.531Z"}}, {"model": "projects.taskassignment", "pk": "2ea3a74f-63a9-46e6-8aac-38ad39898a10", "fields": {"assignment_id": "ASID_000006", "task": "b0d2d9dc-33e5-441f-b6bd-06e851d75960", "assigned_to": ["parth"], "assigned_date": "2025-01-29T09:00:21.240Z", "projected_hours": 150, "sub_task": "test1", "rework_type": "INTERNAL_REWORK", "is_active": false, "error_count": 2, "error_description": "", "expected_delivery_date": "2025-02-08T00:00:00Z", "quality_rating": null, "assigned_by": ["amit"], "completion_date": null, "is_completed": false, "created_at": "2025-01-29T09:00:21.240Z", "updated_at": "2025-01-29T09:02:05.056Z"}}, {"model": "projects.taskassignment", "pk": "385902f5-8c6f-4744-9274-346e83d6b359", "fields": {"assignment_id": "ASID_000023", "task": "e3e3e688-25d5-4a0a-8a4d-7751b266160a", "assigned_to": ["saket"], "assigned_date": "2025-03-25T08:46:33.811Z", "projected_hours": 210, "sub_task": "Podium modeling", "rework_type": "NEW", "is_active": true, "error_count": 0, "error_description": "", "expected_delivery_date": "2025-03-28T00:00:00Z", "quality_rating": null, "assigned_by": ["amit"], "completion_date": null, "is_completed": false, "created_at": "2025-03-25T08:46:33.811Z", "updated_at": "2025-03-25T08:46:33.811Z"}}, {"model": "projects.taskassignment", "pk": "3f14f4ab-8d2c-40fb-b83f-008409804a4f", "fields": {"assignment_id": "ASID_000001", "task": "19bfd85b-a270-4e6f-8196-6e43e768820a", "assigned_to": ["saket"], "assigned_date": "2025-01-29T06:22:30.172Z", "projected_hours": 3, "sub_task": "lighting fix", "rework_type": "NEW", "is_active": false, "error_count": 0, "error_description": "", "expected_delivery_date": "2025-02-08T15:56:00Z", "quality_rating": "1.0", "assigned_by": ["amit"], "completion_date": null, "is_completed": false, "created_at": "2025-01-29T06:22:30.172Z", "updated_at": "2025-01-29T08:50:23.881Z"}}, {"model": "projects.taskassignment", "pk": "41cf49e8-d831-4087-a815-b1d7acd730cd", "fields": {"assignment_id": "ASID_000007", "task": "b0d2d9dc-33e5-441f-b6bd-06e851d75960", "assigned_to": ["amit"], "assigned_date": "2025-01-29T09:48:51.084Z", "projected_hours": 210, "sub_task": "test", "rework_type": "NEW", "is_active": true, "error_count": 1, "error_description": "", "expected_delivery_date": "2025-01-29T00:00:00Z", "quality_rating": "1.0", "assigned_by": ["amit"], "completion_date": null, "is_completed": false, "created_at": "2025-01-29T09:48:51.084Z", "updated_at": "2025-01-29T09:51:32.751Z"}}, {"model": "projects.taskassignment", "pk": "42431290-f8da-4073-8c62-2046e73b5e18", "fields": {"assignment_id": "ASID_000015", "task": "d72dc8ff-f8e4-4dda-bd03-ed86a88ecf2e", "assigned_to": ["parth"], "assigned_date": "2025-01-31T08:43:21.056Z", "projected_hours": 120, "sub_task": "test", "rework_type": "NEW", "is_active": true, "error_count": 1, "error_description": "", "expected_delivery_date": "2025-02-08T00:00:00Z", "quality_rating": "2.0", "assigned_by": ["amit"], "completion_date": null, "is_completed": false, "created_at": "2025-01-31T08:43:21.056Z", "updated_at": "2025-01-31T09:07:39.052Z"}}, {"model": "projects.taskassignment", "pk": "4835800a-bacc-4af0-abee-9d7b8d792cf1", "fields": {"assignment_id": "ASID_000022", "task": "183e72a3-e3a0-42d3-aa47-d7d8f6675d41", "assigned_to": ["praveen"], "assigned_date": "2025-03-25T08:43:33.325Z", "projected_hours": 135, "sub_task": "link bifurcation", "rework_type": "INTERNAL_REWORK", "is_active": true, "error_count": 0, "error_description": "", "expected_delivery_date": "2025-03-27T00:00:00Z", "quality_rating": null, "assigned_by": ["amit"], "completion_date": null, "is_completed": false, "created_at": "2025-03-25T08:43:33.325Z", "updated_at": "2025-03-25T08:43:33.325Z"}}, {"model": "projects.taskassignment", "pk": "4e9379dd-d96d-4dac-bbcc-ace1ba0aa31f", "fields": {"assignment_id": "ASID_000016", "task": "20c96561-bb57-42d8-9638-328ff8c9f131", "assigned_to": ["parth"], "assigned_date": "2025-01-31T10:49:04.827Z", "projected_hours": 210, "sub_task": "test", "rework_type": null, "is_active": true, "error_count": 0, "error_description": "", "expected_delivery_date": "2025-02-03T00:00:00Z", "quality_rating": "1.0", "assigned_by": ["amit"], "completion_date": null, "is_completed": false, "created_at": "2025-01-31T10:49:04.827Z", "updated_at": "2025-01-31T10:49:24.166Z"}}, {"model": "projects.taskassignment", "pk": "517526d9-fafc-4a66-93e1-4f3289e20015", "fields": {"assignment_id": "ASID_000024", "task": "e3e3e688-25d5-4a0a-8a4d-7751b266160a", "assigned_to": ["praveen"], "assigned_date": "2025-03-25T08:47:59.126Z", "projected_hours": 90, "sub_task": "Texture addition", "rework_type": "NEW", "is_active": true, "error_count": 0, "error_description": "", "expected_delivery_date": "2025-03-28T00:00:00Z", "quality_rating": null, "assigned_by": ["amit"], "completion_date": null, "is_completed": false, "created_at": "2025-03-25T08:47:59.126Z", "updated_at": "2025-03-25T08:47:59.126Z"}}, {"model": "projects.taskassignment", "pk": "5304ff0a-f143-4a7a-9711-3759676fc2f9", "fields": {"assignment_id": "ASID_000028", "task": "431e9ab9-f56f-4564-a47a-2d2a1dc7851a", "assigned_to": ["saket"], "assigned_date": "2025-05-01T09:13:37.441Z", "projected_hours": 180, "sub_task": "test", "rework_type": "NEW", "is_active": true, "error_count": 0, "error_description": "", "expected_delivery_date": "2025-05-15T00:00:00Z", "quality_rating": null, "assigned_by": ["amit"], "completion_date": null, "is_completed": false, "created_at": "2025-05-01T09:13:37.441Z", "updated_at": "2025-05-01T09:30:46.287Z"}}, {"model": "projects.taskassignment", "pk": "62678348-3576-417e-8884-257c7a004f7f", "fields": {"assignment_id": "ASID_000011", "task": "568622e4-7a49-4ff7-bc29-f82eb937966a", "assigned_to": ["parth"], "assigned_date": "2025-01-31T05:09:14.215Z", "projected_hours": 150, "sub_task": "texture", "rework_type": "NEW", "is_active": true, "error_count": 0, "error_description": "", "expected_delivery_date": "2025-02-07T00:00:00Z", "quality_rating": null, "assigned_by": ["amit"], "completion_date": null, "is_completed": false, "created_at": "2025-01-31T05:09:14.215Z", "updated_at": "2025-01-31T05:09:14.215Z"}}, {"model": "projects.taskassignment", "pk": "69028dee-bfe9-4fd0-b509-8342e51dde7e", "fields": {"assignment_id": "ASID_000020", "task": "9d9bead4-938e-44f4-80ce-629b29731120", "assigned_to": ["praveen"], "assigned_date": "2025-02-05T04:36:59.553Z", "projected_hours": 90, "sub_task": "test", "rework_type": "INTERNAL_REWORK", "is_active": true, "error_count": 0, "error_description": "", "expected_delivery_date": "2025-02-21T00:00:00Z", "quality_rating": null, "assigned_by": ["amit"], "completion_date": null, "is_completed": false, "created_at": "2025-02-05T04:36:59.553Z", "updated_at": "2025-02-05T04:36:59.553Z"}}, {"model": "projects.taskassignment", "pk": "6d7db297-e849-40f7-bea0-804238a55c64", "fields": {"assignment_id": "ASID_000014", "task": "96f548a0-1c53-4f40-91e2-7af0a108f628", "assigned_to": ["saket"], "assigned_date": "2025-01-31T05:37:36.919Z", "projected_hours": 90, "sub_task": "test", "rework_type": "NEW", "is_active": true, "error_count": 0, "error_description": "", "expected_delivery_date": "2025-02-08T00:00:00Z", "quality_rating": null, "assigned_by": ["amit"], "completion_date": null, "is_completed": false, "created_at": "2025-01-31T05:37:36.919Z", "updated_at": "2025-01-31T05:37:36.919Z"}}, {"model": "projects.taskassignment", "pk": "7986b4a4-19ee-4334-a318-4529b3beab9e", "fields": {"assignment_id": "ASID_000009", "task": "bbdfe938-41d6-47f7-ae9c-d89de38b1b02", "assigned_to": ["amit"], "assigned_date": "2025-01-29T10:39:04.913Z", "projected_hours": 210, "sub_task": "test", "rework_type": "NEW", "is_active": true, "error_count": 0, "error_description": "", "expected_delivery_date": "2025-02-08T00:00:00Z", "quality_rating": null, "assigned_by": ["amit"], "completion_date": null, "is_completed": false, "created_at": "2025-01-29T10:39:04.913Z", "updated_at": "2025-01-29T10:39:04.913Z"}}, {"model": "projects.taskassignment", "pk": "7e17a2ae-1af2-4fcc-879c-6758b83873d4", "fields": {"assignment_id": "ASID_000018", "task": "cc24bf7e-0aca-49d8-b043-0c8c08428a5e", "assigned_to": ["parth"], "assigned_date": "2025-02-04T03:02:09.358Z", "projected_hours": 90, "sub_task": "test", "rework_type": "NEW", "is_active": true, "error_count": 0, "error_description": "", "expected_delivery_date": "2025-02-20T00:00:00Z", "quality_rating": null, "assigned_by": ["amit"], "completion_date": null, "is_completed": false, "created_at": "2025-02-04T03:02:09.358Z", "updated_at": "2025-02-04T03:02:09.358Z"}}, {"model": "projects.taskassignment", "pk": "7f907480-aa51-490b-9b7f-fca547dcbe5a", "fields": {"assignment_id": "ASID_000021", "task": "183e72a3-e3a0-42d3-aa47-d7d8f6675d41", "assigned_to": ["saket"], "assigned_date": "2025-03-25T08:41:58.119Z", "projected_hours": 60, "sub_task": "link updation", "rework_type": "INTERNAL_REWORK", "is_active": true, "error_count": 0, "error_description": "", "expected_delivery_date": "2025-03-26T00:00:00Z", "quality_rating": null, "assigned_by": ["amit"], "completion_date": null, "is_completed": false, "created_at": "2025-03-25T08:41:58.119Z", "updated_at": "2025-03-25T08:41:58.119Z"}}, {"model": "projects.taskassignment", "pk": "9233f10b-a42f-4ac1-b848-fdebdffc7ab6", "fields": {"assignment_id": "ASID_000003", "task": "9d49c0a7-34ef-4555-b104-4da3beb3f5a1", "assigned_to": ["saket"], "assigned_date": "2025-01-29T07:37:48.923Z", "projected_hours": 90, "sub_task": "boundary wall model creation", "rework_type": "NEW", "is_active": true, "error_count": 0, "error_description": "", "expected_delivery_date": "2025-02-05T00:00:00Z", "quality_rating": null, "assigned_by": ["amit"], "completion_date": null, "is_completed": false, "created_at": "2025-01-29T07:37:48.923Z", "updated_at": "2025-01-29T07:37:48.923Z"}}, {"model": "projects.taskassignment", "pk": "93c4e9ee-063e-483f-a0a6-e65f9431fda5", "fields": {"assignment_id": "ASID_000025", "task": "7868e2d1-2eb5-4c0c-88c8-db892681331e", "assigned_to": ["saket"], "assigned_date": "2025-04-15T10:12:58.053Z", "projected_hours": 150, "sub_task": "link creation", "rework_type": "NEW", "is_active": true, "error_count": 0, "error_description": "", "expected_delivery_date": "2025-04-16T00:00:00Z", "quality_rating": null, "assigned_by": ["amit"], "completion_date": null, "is_completed": false, "created_at": "2025-04-15T10:12:58.053Z", "updated_at": "2025-04-15T10:12:58.053Z"}}, {"model": "projects.taskassignment", "pk": "afa0bd46-f482-429c-bca5-aea7ffce2c7e", "fields": {"assignment_id": "ASID_000019", "task": "86e6fce4-a2ac-411f-ac4e-088c7381ff86", "assigned_to": ["parth"], "assigned_date": "2025-02-04T05:20:26.142Z", "projected_hours": 135, "sub_task": "test", "rework_type": "NEW", "is_active": true, "error_count": 0, "error_description": "", "expected_delivery_date": "2025-02-21T00:00:00Z", "quality_rating": null, "assigned_by": ["amit"], "completion_date": null, "is_completed": false, "created_at": "2025-02-04T05:20:26.142Z", "updated_at": "2025-02-04T05:20:26.142Z"}}, {"model": "projects.taskassignment", "pk": "c1dd67a5-01cb-4a0d-8de9-5df7f41a45fc", "fields": {"assignment_id": "ASID_000027", "task": "18fdce5e-2301-4e1d-9bce-1b4214154d38", "assigned_to": ["praveen"], "assigned_date": "2025-04-25T11:48:02.519Z", "projected_hours": 150, "sub_task": "test", "rework_type": "INTERNAL_REWORK", "is_active": true, "error_count": 1, "error_description": "", "expected_delivery_date": "2025-05-03T00:00:00Z", "quality_rating": "1.0", "assigned_by": ["amit"], "completion_date": null, "is_completed": false, "created_at": "2025-04-25T11:48:02.519Z", "updated_at": "2025-04-25T11:49:08.995Z"}}, {"model": "projects.taskassignment", "pk": "c5a454ea-f9e2-4f1d-910a-e398773e60da", "fields": {"assignment_id": "ASID_000030", "task": "13b84a20-5b6c-490c-ab9f-42607f98a4bf", "assigned_to": ["praveen"], "assigned_date": "2025-05-07T10:37:37.358Z", "projected_hours": 100, "sub_task": "test", "rework_type": "INTERNAL_REWORK", "is_active": true, "error_count": 0, "error_description": "", "expected_delivery_date": "2025-05-21T00:00:00Z", "quality_rating": null, "assigned_by": ["amit"], "completion_date": null, "is_completed": false, "created_at": "2025-05-07T10:37:37.358Z", "updated_at": "2025-05-07T10:37:37.358Z"}}, {"model": "projects.taskassignment", "pk": "ce941e5e-a3b0-4706-8ad6-7a2b437d289e", "fields": {"assignment_id": "ASID_000013", "task": "96f548a0-1c53-4f40-91e2-7af0a108f628", "assigned_to": ["parth"], "assigned_date": "2025-01-31T05:36:59.751Z", "projected_hours": 135, "sub_task": "texturing", "rework_type": "INTERNAL_REWORK", "is_active": true, "error_count": 0, "error_description": "", "expected_delivery_date": "2025-02-08T00:00:00Z", "quality_rating": null, "assigned_by": ["amit"], "completion_date": null, "is_completed": false, "created_at": "2025-01-31T05:36:59.751Z", "updated_at": "2025-01-31T05:36:59.751Z"}}, {"model": "projects.taskassignment", "pk": "d76c283a-bbe9-4492-b2fc-d09c3eec7357", "fields": {"assignment_id": "ASID_000004", "task": "9d49c0a7-34ef-4555-b104-4da3beb3f5a1", "assigned_to": ["saket"], "assigned_date": "2025-01-29T07:38:17.485Z", "projected_hours": 210, "sub_task": "test", "rework_type": "NEW", "is_active": false, "error_count": 0, "error_description": "", "expected_delivery_date": "2025-02-04T00:00:00Z", "quality_rating": null, "assigned_by": ["amit"], "completion_date": null, "is_completed": false, "created_at": "2025-01-29T07:38:17.485Z", "updated_at": "2025-01-29T07:38:17.485Z"}}, {"model": "projects.taskassignment", "pk": "deb301b7-f444-45b2-aef9-cb877ba7085c", "fields": {"assignment_id": "ASID_000005", "task": "19bfd85b-a270-4e6f-8196-6e43e768820a", "assigned_to": ["amit"], "assigned_date": "2025-01-29T08:43:21.429Z", "projected_hours": 210, "sub_task": "test", "rework_type": "NEW", "is_active": false, "error_count": 0, "error_description": "", "expected_delivery_date": "2025-02-04T00:00:00Z", "quality_rating": null, "assigned_by": ["amit"], "completion_date": null, "is_completed": false, "created_at": "2025-01-29T08:43:21.429Z", "updated_at": "2025-01-29T08:45:49.707Z"}}, {"model": "projects.taskassignment", "pk": "fe7fea8c-d43c-44e8-ae50-0317c92084b5", "fields": {"assignment_id": "ASID_000031", "task": "13b84a20-5b6c-490c-ab9f-42607f98a4bf", "assigned_to": ["saket"], "assigned_date": "2025-05-07T10:38:11.717Z", "projected_hours": 120, "sub_task": "test2", "rework_type": "INTERNAL_REWORK", "is_active": true, "error_count": 0, "error_description": "", "expected_delivery_date": "2025-05-23T00:00:00Z", "quality_rating": null, "assigned_by": ["amit"], "completion_date": null, "is_completed": false, "created_at": "2025-05-07T10:38:11.717Z", "updated_at": "2025-05-07T10:38:11.717Z"}}, {"model": "admin.logentry", "pk": 1, "fields": {"action_time": "2025-01-10T08:14:20.317Z", "user": ["sunny"], "content_type": ["accounts", "user"], "object_id": "8c863eae-baa2-4d2b-970e-7e5087d8e3f1", "object_repr": "sunny - Project Manager", "action_flag": 2, "change_message": "[{\"changed\": {\"fields\": [\"Role\"]}}]"}}, {"model": "admin.logentry", "pk": 2, "fields": {"action_time": "2025-01-17T06:18:44.943Z", "user": ["sunny"], "content_type": ["locations", "region"], "object_id": "9d480f3c-b8cc-4a36-bf7d-feca35e1797f", "object_repr": "West", "action_flag": 1, "change_message": "[{\"added\": {}}]"}}, {"model": "admin.logentry", "pk": 3, "fields": {"action_time": "2025-01-17T06:18:55.320Z", "user": ["sunny"], "content_type": ["locations", "city"], "object_id": "baacbd3f-8df8-4d9e-aa8b-80b1776e00cc", "object_repr": "Mumbai (West)", "action_flag": 1, "change_message": "[{\"added\": {}}]"}}, {"model": "admin.logentry", "pk": 4, "fields": {"action_time": "2025-01-17T06:44:29.838Z", "user": ["sunny"], "content_type": ["projects", "project"], "object_id": "a67a7c91-3bb2-4d83-88a6-f0f3cbd02576", "object_repr": "Sadguru Realty (https://lookup.housing.com/opportunity/2968566)", "action_flag": 2, "change_message": "[{\"changed\": {\"fields\": [\"City\"]}}]"}}, {"model": "admin.logentry", "pk": 5, "fields": {"action_time": "2025-01-17T08:34:17.079Z", "user": ["sunny"], "content_type": ["locations", "city"], "object_id": "1527675a-58cb-4505-9d0d-d975f48f83f3", "object_repr": "Pune (West)", "action_flag": 1, "change_message": "[{\"added\": {}}]"}}, {"model": "admin.logentry", "pk": 6, "fields": {"action_time": "2025-01-20T07:43:08.291Z", "user": ["sunny"], "content_type": ["accounts", "user"], "object_id": "744a12ed-750c-4353-bfe9-bd6f1fd56204", "object_repr": "Amit - Team Leader", "action_flag": 1, "change_message": "[{\"added\": {}}]"}}, {"model": "admin.logentry", "pk": 7, "fields": {"action_time": "2025-01-20T07:43:56.957Z", "user": ["sunny"], "content_type": ["accounts", "user"], "object_id": "c6b6993b-08fa-48a6-be4c-dc0e4530e0f3", "object_repr": "saket - Team Member", "action_flag": 1, "change_message": "[{\"added\": {}}]"}}, {"model": "admin.logentry", "pk": 8, "fields": {"action_time": "2025-01-22T05:05:04.758Z", "user": ["sunny"], "content_type": ["accounts", "user"], "object_id": "744a12ed-750c-4353-bfe9-bd6f1fd56204", "object_repr": "Amit - Team Leader", "action_flag": 2, "change_message": "[{\"changed\": {\"fields\": [\"Staff status\"]}}]"}}, {"model": "admin.logentry", "pk": 9, "fields": {"action_time": "2025-01-22T05:05:41.002Z", "user": ["sunny"], "content_type": ["locations", "region"], "object_id": "7aefc82e-4705-40e6-9499-797571f80f5e", "object_repr": "South", "action_flag": 1, "change_message": "[{\"added\": {}}]"}}, {"model": "admin.logentry", "pk": 10, "fields": {"action_time": "2025-01-22T05:05:56.248Z", "user": ["sunny"], "content_type": ["locations", "city"], "object_id": "6352c4cd-20e4-493e-956d-9eedfe3efa93", "object_repr": "Bangalore (South)", "action_flag": 1, "change_message": "[{\"added\": {}}]"}}, {"model": "admin.logentry", "pk": 11, "fields": {"action_time": "2025-01-22T07:11:40.986Z", "user": ["sunny"], "content_type": ["accounts", "user"], "object_id": "99dc4c6d-0d3f-452b-9131-63bd6a67d550", "object_repr": "Parth - Team Leader", "action_flag": 1, "change_message": "[{\"added\": {}}]"}}, {"model": "admin.logentry", "pk": 12, "fields": {"action_time": "2025-01-22T07:42:16.031Z", "user": ["sunny"], "content_type": ["accounts", "user"], "object_id": "744a12ed-750c-4353-bfe9-bd6f1fd56204", "object_repr": "Amit - Team Leader", "action_flag": 2, "change_message": "[{\"changed\": {\"fields\": [\"First name\", \"Last name\"]}}]"}}, {"model": "admin.logentry", "pk": 13, "fields": {"action_time": "2025-01-22T07:42:30.614Z", "user": ["sunny"], "content_type": ["accounts", "user"], "object_id": "99dc4c6d-0d3f-452b-9131-63bd6a67d550", "object_repr": "Parth - Team Leader", "action_flag": 2, "change_message": "[{\"changed\": {\"fields\": [\"First name\", \"Last name\"]}}]"}}, {"model": "admin.logentry", "pk": 14, "fields": {"action_time": "2025-01-22T09:43:55.013Z", "user": ["sunny"], "content_type": ["accounts", "user"], "object_id": "8c863eae-baa2-4d2b-970e-7e5087d8e3f1", "object_repr": "sunny - Project Manager", "action_flag": 2, "change_message": "[{\"changed\": {\"fields\": [\"First name\", \"Last name\"]}}]"}}, {"model": "admin.logentry", "pk": 15, "fields": {"action_time": "2025-01-28T12:25:17.115Z", "user": ["sunny"], "content_type": ["projects", "project"], "object_id": "fd130d00-dd3c-47ae-b621-131d877824cd", "object_repr": "Iconic Properties (https://lookup.housing.com/opportunity/4565899)", "action_flag": 2, "change_message": "[{\"changed\": {\"fields\": [\"Team leader\"]}}]"}}, {"model": "admin.logentry", "pk": 16, "fields": {"action_time": "2025-01-28T12:34:28.121Z", "user": ["sunny"], "content_type": ["projects", "project"], "object_id": "82f7e9ee-0e25-403a-91e4-a42062ef0615", "object_repr": "The Right Life (https://lookup.housing.com/opportunity/4510360)", "action_flag": 2, "change_message": "[{\"changed\": {\"fields\": [\"Team leader\"]}}]"}}, {"model": "admin.logentry", "pk": 17, "fields": {"action_time": "2025-01-29T05:48:29.432Z", "user": ["sunny"], "content_type": ["projects", "producttask"], "object_id": "c557c898-0ba0-4524-b877-cbd354ec9e52", "object_repr": "Virtual_Full_Project_Digitour - Tower Modeling", "action_flag": 1, "change_message": "[{\"added\": {}}]"}}, {"model": "admin.logentry", "pk": 18, "fields": {"action_time": "2025-01-29T05:48:49.272Z", "user": ["sunny"], "content_type": ["projects", "producttask"], "object_id": "964a2048-5d3a-4deb-8d7f-4e3d242121e0", "object_repr": "Virtual_Full_Project_Digitour - Master Plan Modeling & Texturing", "action_flag": 1, "change_message": "[{\"added\": {}}]"}}, {"model": "admin.logentry", "pk": 19, "fields": {"action_time": "2025-01-29T05:49:00.996Z", "user": ["sunny"], "content_type": ["projects", "producttask"], "object_id": "e13d4a5a-4cb4-48c6-9ccd-9ded9c76d2fd", "object_repr": "Virtual_Full_Project_Digitour - Gate Modeling & Texturing", "action_flag": 1, "change_message": "[{\"added\": {}}]"}}, {"model": "admin.logentry", "pk": 20, "fields": {"action_time": "2025-01-29T05:49:15.838Z", "user": ["sunny"], "content_type": ["projects", "producttask"], "object_id": "702ebc38-34d1-4be7-9fc5-0495151e0845", "object_repr": "Virtual_Full_Project_Digitour - Boundary Wall Modeling & Texturing", "action_flag": 1, "change_message": "[{\"added\": {}}]"}}, {"model": "admin.logentry", "pk": 21, "fields": {"action_time": "2025-01-29T05:49:29.362Z", "user": ["sunny"], "content_type": ["projects", "producttask"], "object_id": "184f534f-b666-4130-af3f-4e462d9269c4", "object_repr": "Virtual_Full_Project_Digitour - Podium Modeling & Texturing", "action_flag": 1, "change_message": "[{\"added\": {}}]"}}, {"model": "admin.logentry", "pk": 22, "fields": {"action_time": "2025-01-29T05:49:55.152Z", "user": ["sunny"], "content_type": ["projects", "producttask"], "object_id": "6e9b62f8-1ce5-4a07-adae-aaaa60554aa5", "object_repr": "Walkthrough - Tower Modeling", "action_flag": 1, "change_message": "[{\"added\": {}}]"}}, {"model": "admin.logentry", "pk": 23, "fields": {"action_time": "2025-01-29T05:50:08.742Z", "user": ["sunny"], "content_type": ["projects", "producttask"], "object_id": "91ad218b-fcd9-49cc-8f6c-841462a61eaf", "object_repr": "Walkthrough - Master Plan Modeling & Texturing", "action_flag": 1, "change_message": "[{\"added\": {}}]"}}, {"model": "admin.logentry", "pk": 24, "fields": {"action_time": "2025-01-29T05:50:23.097Z", "user": ["sunny"], "content_type": ["projects", "producttask"], "object_id": "5e56bd97-8e43-4b22-b767-4f5326896ae3", "object_repr": "Walkthrough - Gate Modeling Texturing", "action_flag": 1, "change_message": "[{\"added\": {}}]"}}, {"model": "admin.logentry", "pk": 25, "fields": {"action_time": "2025-01-29T05:50:35.419Z", "user": ["sunny"], "content_type": ["projects", "producttask"], "object_id": "723627d0-02ba-4c1b-91ca-b944035e3402", "object_repr": "Walkthrough - Boundary Wall Modeling & Texturing", "action_flag": 1, "change_message": "[{\"added\": {}}]"}}, {"model": "admin.logentry", "pk": 26, "fields": {"action_time": "2025-01-29T05:50:49.456Z", "user": ["sunny"], "content_type": ["projects", "producttask"], "object_id": "9088215e-9b53-407c-8ad3-82f7cb0d9927", "object_repr": "Walkthrough - Podium Modeling & Texturing", "action_flag": 1, "change_message": "[{\"added\": {}}]"}}, {"model": "admin.logentry", "pk": 27, "fields": {"action_time": "2025-01-29T05:51:05.927Z", "user": ["sunny"], "content_type": ["projects", "producttask"], "object_id": "5e55dc3e-a33a-4512-b3eb-e9130f97ac85", "object_repr": "Walkthrough - Terrace Modeling & Texturing", "action_flag": 1, "change_message": "[{\"added\": {}}]"}}, {"model": "admin.logentry", "pk": 28, "fields": {"action_time": "2025-01-29T05:51:18.783Z", "user": ["sunny"], "content_type": ["projects", "producttask"], "object_id": "91cab416-1177-48ed-8f59-0614ec07da5c", "object_repr": "Walkthrough - Basement Parking Modeling & Texturing", "action_flag": 1, "change_message": "[{\"added\": {}}]"}}, {"model": "admin.logentry", "pk": 29, "fields": {"action_time": "2025-01-29T05:51:31.611Z", "user": ["sunny"], "content_type": ["projects", "producttask"], "object_id": "2bc58c96-bcbd-487f-862a-bd44e8103ed2", "object_repr": "Walkthrough - Master Plan Landscaping", "action_flag": 1, "change_message": "[{\"added\": {}}]"}}, {"model": "admin.logentry", "pk": 30, "fields": {"action_time": "2025-01-29T05:51:43.427Z", "user": ["sunny"], "content_type": ["projects", "producttask"], "object_id": "950a239f-2de5-4174-aced-fe4a080a5dd3", "object_repr": "Walkthrough - Podium Landscaping", "action_flag": 1, "change_message": "[{\"added\": {}}]"}}, {"model": "admin.logentry", "pk": 31, "fields": {"action_time": "2025-01-29T05:52:00.262Z", "user": ["sunny"], "content_type": ["projects", "producttask"], "object_id": "b92be24d-0363-4f15-9c42-60c21fbdc2fe", "object_repr": "Digiplot - 100 M Overlay", "action_flag": 1, "change_message": "[{\"added\": {}}]"}}, {"model": "admin.logentry", "pk": 32, "fields": {"action_time": "2025-01-29T05:52:10.729Z", "user": ["sunny"], "content_type": ["projects", "producttask"], "object_id": "b542a4d2-1b51-4ae7-b1e0-22801d34dec1", "object_repr": "Digiplot - 50 M Overlay", "action_flag": 1, "change_message": "[{\"added\": {}}]"}}, {"model": "admin.logentry", "pk": 33, "fields": {"action_time": "2025-01-29T05:52:23.699Z", "user": ["sunny"], "content_type": ["projects", "producttask"], "object_id": "fb0102fd-358f-4daa-866f-a6fb79f3fc64", "object_repr": "Digiplot - 50ft Overlay", "action_flag": 1, "change_message": "[{\"added\": {}}]"}}, {"model": "admin.logentry", "pk": 34, "fields": {"action_time": "2025-01-29T05:52:39.840Z", "user": ["sunny"], "content_type": ["projects", "producttask"], "object_id": "02edffd2-2f33-4223-8c6e-09292d054d5e", "object_repr": "Digiplot - Plot no. & Sq.ft. PS", "action_flag": 1, "change_message": "[{\"added\": {}}]"}}, {"model": "admin.logentry", "pk": 35, "fields": {"action_time": "2025-01-29T05:52:50.195Z", "user": ["sunny"], "content_type": ["projects", "producttask"], "object_id": "af14eecc-0c2d-41fd-bea5-fe2ab0d35c16", "object_repr": "Digiplot - Pano2vr", "action_flag": 1, "change_message": "[{\"added\": {}}]"}}, {"model": "admin.logentry", "pk": 36, "fields": {"action_time": "2025-01-29T05:53:10.167Z", "user": ["sunny"], "content_type": ["projects", "producttask"], "object_id": "292952f5-83c8-4612-b27b-148a4e2e71f7", "object_repr": "Digiplot - Hotspot Creation", "action_flag": 1, "change_message": "[{\"added\": {}}]"}}, {"model": "admin.logentry", "pk": 37, "fields": {"action_time": "2025-01-29T05:53:21.958Z", "user": ["sunny"], "content_type": ["projects", "producttask"], "object_id": "f29b0ffa-6794-41c3-9457-16de942c5017", "object_repr": "Digiplot - Link Creation", "action_flag": 1, "change_message": "[{\"added\": {}}]"}}, {"model": "admin.logentry", "pk": 38, "fields": {"action_time": "2025-01-29T05:53:55.603Z", "user": ["sunny"], "content_type": ["projects", "qualitylabel"], "object_id": "179c1900-494f-4e29-ad1c-f48e7126e9cd", "object_repr": "Virtual_Full_Project_Digitour - Q1", "action_flag": 1, "change_message": "[{\"added\": {}}]"}}, {"model": "admin.logentry", "pk": 39, "fields": {"action_time": "2025-01-29T05:54:02.269Z", "user": ["sunny"], "content_type": ["projects", "qualitylabel"], "object_id": "0cfac617-4299-4e37-82c2-6e778646c483", "object_repr": "Virtual_Full_Project_Digitour - Q2", "action_flag": 1, "change_message": "[{\"added\": {}}]"}}, {"model": "admin.logentry", "pk": 40, "fields": {"action_time": "2025-01-29T05:54:10.158Z", "user": ["sunny"], "content_type": ["projects", "qualitylabel"], "object_id": "0bd2bee0-826d-44f5-ae90-5c76c407bab0", "object_repr": "Virtual_Full_Project_Digitour - Q3", "action_flag": 1, "change_message": "[{\"added\": {}}]"}}, {"model": "admin.logentry", "pk": 41, "fields": {"action_time": "2025-01-29T05:54:24.971Z", "user": ["sunny"], "content_type": ["projects", "qualitylabel"], "object_id": "2c7b9faf-eef6-4d7c-b705-88338ea3e2c7", "object_repr": "Virtual_Full_Project_Digitour - Q4", "action_flag": 1, "change_message": "[{\"added\": {}}]"}}, {"model": "admin.logentry", "pk": 42, "fields": {"action_time": "2025-01-29T05:54:34.158Z", "user": ["sunny"], "content_type": ["projects", "qualitylabel"], "object_id": "f1a9ef55-c169-43d5-a235-13da51246b26", "object_repr": "Virtual_Full_Project_Digitour - Q5", "action_flag": 1, "change_message": "[{\"added\": {}}]"}}, {"model": "admin.logentry", "pk": 43, "fields": {"action_time": "2025-01-29T05:54:43.689Z", "user": ["sunny"], "content_type": ["projects", "qualitylabel"], "object_id": "0ae35833-5870-445f-a868-816fc211e595", "object_repr": "Virtual_Full_Project_Digitour - C1", "action_flag": 1, "change_message": "[{\"added\": {}}]"}}, {"model": "admin.logentry", "pk": 44, "fields": {"action_time": "2025-01-29T05:54:53.168Z", "user": ["sunny"], "content_type": ["projects", "qualitylabel"], "object_id": "f07a4d5e-f3bd-4f74-a569-3a1092bd8b4b", "object_repr": "Virtual_Full_Project_Digitour - C2", "action_flag": 1, "change_message": "[{\"added\": {}}]"}}, {"model": "admin.logentry", "pk": 45, "fields": {"action_time": "2025-01-29T05:55:07.044Z", "user": ["sunny"], "content_type": ["projects", "qualitylabel"], "object_id": "84d0d4f5-7476-43f0-97c8-176b92d3cc4b", "object_repr": "Virtual_Full_Project_Digitour - C3", "action_flag": 1, "change_message": "[{\"added\": {}}]"}}, {"model": "admin.logentry", "pk": 46, "fields": {"action_time": "2025-01-29T05:55:18.520Z", "user": ["sunny"], "content_type": ["projects", "qualitylabel"], "object_id": "c86ec7d2-6ac5-47d0-8b95-86f31d6280b0", "object_repr": "Virtual_Full_Project_Digitour - C4", "action_flag": 1, "change_message": "[{\"added\": {}}]"}}, {"model": "admin.logentry", "pk": 47, "fields": {"action_time": "2025-01-29T05:55:28.169Z", "user": ["sunny"], "content_type": ["projects", "qualitylabel"], "object_id": "7729ad1b-315e-4b95-a9e2-c7bde87b4b4a", "object_repr": "Virtual_Full_Project_Digitour - Null", "action_flag": 1, "change_message": "[{\"added\": {}}]"}}, {"model": "admin.logentry", "pk": 48, "fields": {"action_time": "2025-01-29T05:55:43.558Z", "user": ["sunny"], "content_type": ["projects", "qualitylabel"], "object_id": "2cbf4b86-3f25-4f78-9f91-2959c8053ed4", "object_repr": "Walkthrough - Q1", "action_flag": 1, "change_message": "[{\"added\": {}}]"}}, {"model": "admin.logentry", "pk": 49, "fields": {"action_time": "2025-01-29T05:55:50.107Z", "user": ["sunny"], "content_type": ["projects", "qualitylabel"], "object_id": "d982126e-21a0-4356-8b68-0f44da584a54", "object_repr": "Walkthrough - Q2", "action_flag": 1, "change_message": "[{\"added\": {}}]"}}, {"model": "admin.logentry", "pk": 50, "fields": {"action_time": "2025-01-29T05:55:56.940Z", "user": ["sunny"], "content_type": ["projects", "qualitylabel"], "object_id": "1dc7db65-12f0-4958-a076-d4685d0fcf91", "object_repr": "Walkthrough - Q3", "action_flag": 1, "change_message": "[{\"added\": {}}]"}}, {"model": "admin.logentry", "pk": 51, "fields": {"action_time": "2025-01-29T05:56:03.380Z", "user": ["sunny"], "content_type": ["projects", "qualitylabel"], "object_id": "00f160b1-0877-4399-b5d4-f1feae16bc4d", "object_repr": "Walkthrough - Q4", "action_flag": 1, "change_message": "[{\"added\": {}}]"}}, {"model": "admin.logentry", "pk": 52, "fields": {"action_time": "2025-01-29T05:56:10.079Z", "user": ["sunny"], "content_type": ["projects", "qualitylabel"], "object_id": "b32f7239-d031-4385-8fb2-782425114152", "object_repr": "Walkthrough - Q5", "action_flag": 1, "change_message": "[{\"added\": {}}]"}}, {"model": "admin.logentry", "pk": 53, "fields": {"action_time": "2025-01-29T05:56:17.103Z", "user": ["sunny"], "content_type": ["projects", "qualitylabel"], "object_id": "6824f834-2231-478a-b4fc-15a0537c8f6d", "object_repr": "Walkthrough - C1", "action_flag": 1, "change_message": "[{\"added\": {}}]"}}, {"model": "admin.logentry", "pk": 54, "fields": {"action_time": "2025-01-29T05:56:26.660Z", "user": ["sunny"], "content_type": ["projects", "qualitylabel"], "object_id": "59c11196-9523-4060-ba19-324226827a18", "object_repr": "Walkthrough - C2", "action_flag": 1, "change_message": "[{\"added\": {}}]"}}, {"model": "admin.logentry", "pk": 55, "fields": {"action_time": "2025-01-29T05:56:50.426Z", "user": ["sunny"], "content_type": ["projects", "qualitylabel"], "object_id": "a9268ac3-b16b-4bb5-be9a-1777b0080b16", "object_repr": "Walkthrough - C3", "action_flag": 1, "change_message": "[{\"added\": {}}]"}}, {"model": "admin.logentry", "pk": 56, "fields": {"action_time": "2025-01-29T05:56:57.157Z", "user": ["sunny"], "content_type": ["projects", "qualitylabel"], "object_id": "c8946072-23a0-49f1-92ad-c700d1d6474a", "object_repr": "Walkthrough - C4", "action_flag": 1, "change_message": "[{\"added\": {}}]"}}, {"model": "admin.logentry", "pk": 57, "fields": {"action_time": "2025-01-29T05:57:06.474Z", "user": ["sunny"], "content_type": ["projects", "qualitylabel"], "object_id": "54eba886-ea90-42c5-bc1c-17db1d322f82", "object_repr": "Walkthrough - Null", "action_flag": 1, "change_message": "[{\"added\": {}}]"}}, {"model": "admin.logentry", "pk": 58, "fields": {"action_time": "2025-01-29T05:57:19.413Z", "user": ["sunny"], "content_type": ["projects", "qualitylabel"], "object_id": "bfae6218-0a90-45d8-ac34-e666b86bbe3f", "object_repr": "Digiplot - Q1", "action_flag": 1, "change_message": "[{\"added\": {}}]"}}, {"model": "admin.logentry", "pk": 59, "fields": {"action_time": "2025-01-29T05:57:25.509Z", "user": ["sunny"], "content_type": ["projects", "qualitylabel"], "object_id": "fdc6e7dc-2cdb-4127-9214-3f8b2df669c5", "object_repr": "Digiplot - Q2", "action_flag": 1, "change_message": "[{\"added\": {}}]"}}, {"model": "admin.logentry", "pk": 60, "fields": {"action_time": "2025-01-29T05:57:31.698Z", "user": ["sunny"], "content_type": ["projects", "qualitylabel"], "object_id": "92b35d3f-9910-4b03-9449-eb0dde70c7aa", "object_repr": "Digiplot - Q3", "action_flag": 1, "change_message": "[{\"added\": {}}]"}}, {"model": "admin.logentry", "pk": 61, "fields": {"action_time": "2025-01-29T05:57:38.876Z", "user": ["sunny"], "content_type": ["projects", "qualitylabel"], "object_id": "fc4c5af9-c234-4a5b-9519-b63f8851f2e6", "object_repr": "Digiplot - Q4", "action_flag": 1, "change_message": "[{\"added\": {}}]"}}, {"model": "admin.logentry", "pk": 62, "fields": {"action_time": "2025-01-29T05:57:48.556Z", "user": ["sunny"], "content_type": ["projects", "qualitylabel"], "object_id": "38cfa315-8e5d-4e5b-9a36-c463060d5918", "object_repr": "Digiplot - Q5", "action_flag": 1, "change_message": "[{\"added\": {}}]"}}, {"model": "admin.logentry", "pk": 63, "fields": {"action_time": "2025-01-29T05:57:56.049Z", "user": ["sunny"], "content_type": ["projects", "qualitylabel"], "object_id": "75f1b082-2540-40ac-a5b2-23d82c2a21a2", "object_repr": "Digiplot - Null", "action_flag": 1, "change_message": "[{\"added\": {}}]"}}, {"model": "admin.logentry", "pk": 64, "fields": {"action_time": "2025-01-29T05:58:39.494Z", "user": ["sunny"], "content_type": ["accounts", "user"], "object_id": "c6b6993b-08fa-48a6-be4c-dc0e4530e0f3", "object_repr": "saket - Team Member", "action_flag": 2, "change_message": "[{\"changed\": {\"fields\": [\"Staff status\"]}}]"}}, {"model": "admin.logentry", "pk": 65, "fields": {"action_time": "2025-01-29T06:00:10.169Z", "user": ["sunny"], "content_type": ["projects", "project"], "object_id": "fd130d00-dd3c-47ae-b621-131d877824cd", "object_repr": "Iconic Properties (https://lookup.housing.com/opportunity/4565899)", "action_flag": 2, "change_message": "[{\"changed\": {\"fields\": [\"Project incharge\"]}}]"}}, {"model": "admin.logentry", "pk": 66, "fields": {"action_time": "2025-01-29T06:00:22.518Z", "user": ["sunny"], "content_type": ["projects", "project"], "object_id": "82f7e9ee-0e25-403a-91e4-a42062ef0615", "object_repr": "The Right Life (https://lookup.housing.com/opportunity/4510360)", "action_flag": 2, "change_message": "[{\"changed\": {\"fields\": [\"Project incharge\"]}}]"}}, {"model": "admin.logentry", "pk": 67, "fields": {"action_time": "2025-01-29T06:00:32.389Z", "user": ["sunny"], "content_type": ["projects", "project"], "object_id": "a67a7c91-3bb2-4d83-88a6-f0f3cbd02576", "object_repr": "Sadguru Realty (https://lookup.housing.com/opportunity/2968566)", "action_flag": 2, "change_message": "[]"}}, {"model": "admin.logentry", "pk": 68, "fields": {"action_time": "2025-01-29T06:00:40.198Z", "user": ["sunny"], "content_type": ["projects", "project"], "object_id": "e2346a2f-1eea-4294-86ee-6f05317744a1", "object_repr": "klj (6787676)", "action_flag": 2, "change_message": "[]"}}, {"model": "admin.logentry", "pk": 69, "fields": {"action_time": "2025-01-29T06:23:19.249Z", "user": ["sunny"], "content_type": ["accounts", "user"], "object_id": "c6b6993b-08fa-48a6-be4c-dc0e4530e0f3", "object_repr": "saket - Team Member", "action_flag": 2, "change_message": "[{\"changed\": {\"fields\": [\"First name\", \"Last name\"]}}]"}}, {"model": "admin.logentry", "pk": 70, "fields": {"action_time": "2025-01-31T11:10:19.834Z", "user": ["sunny"], "content_type": ["projects", "projecttask"], "object_id": "568622e4-7a49-4ff7-bc29-f82eb937966a", "object_repr": "TID_00008 - AVA Lifespaces", "action_flag": 2, "change_message": "[{\"changed\": {\"fields\": [\"Created by\"]}}]"}}, {"model": "admin.logentry", "pk": 71, "fields": {"action_time": "2025-01-31T11:38:50.243Z", "user": ["sunny"], "content_type": ["projects", "project"], "object_id": "2d13e3d0-8b58-473b-b122-5307230790f6", "object_repr": "AVA Lifespaces (https://lookup.housing.com/opportunity/3381527)", "action_flag": 2, "change_message": "[{\"changed\": {\"fields\": [\"Team leader\"]}}]"}}, {"model": "admin.logentry", "pk": 72, "fields": {"action_time": "2025-02-04T08:11:47.889Z", "user": ["sunny"], "content_type": ["projects", "project"], "object_id": "2d13e3d0-8b58-473b-b122-5307230790f6", "object_repr": "AVA Lifespaces (https://lookup.housing.com/opportunity/3381527)", "action_flag": 2, "change_message": "[{\"changed\": {\"fields\": [\"Team leader\"]}}]"}}, {"model": "admin.logentry", "pk": 73, "fields": {"action_time": "2025-02-04T08:29:38.254Z", "user": ["sunny"], "content_type": ["projects", "project"], "object_id": "e2346a2f-1eea-4294-86ee-6f05317744a1", "object_repr": "klj (https://lookup.housing.com/opportunity/6787676)", "action_flag": 2, "change_message": "[{\"changed\": {\"fields\": [\"Opportunity id\"]}}]"}}, {"model": "admin.logentry", "pk": 74, "fields": {"action_time": "2025-02-05T04:35:37.620Z", "user": ["sunny"], "content_type": ["accounts", "user"], "object_id": "ba09973a-0f10-4ee7-9683-f1d78a377b1e", "object_repr": "Praveen - Team Member", "action_flag": 1, "change_message": "[{\"added\": {}}]"}}, {"model": "admin.logentry", "pk": 75, "fields": {"action_time": "2025-02-05T04:35:56.222Z", "user": ["sunny"], "content_type": ["accounts", "user"], "object_id": "ba09973a-0f10-4ee7-9683-f1d78a377b1e", "object_repr": "Praveen - Team Member", "action_flag": 2, "change_message": "[{\"changed\": {\"fields\": [\"First name\", \"Last name\"]}}]"}}, {"model": "admin.logentry", "pk": 76, "fields": {"action_time": "2025-02-05T06:14:32.525Z", "user": ["sunny"], "content_type": ["accounts", "user"], "object_id": "744a12ed-750c-4353-bfe9-bd6f1fd56204", "object_repr": "amit - Team Leader", "action_flag": 2, "change_message": "[{\"changed\": {\"fields\": [\"Username\"]}}]"}}, {"model": "admin.logentry", "pk": 77, "fields": {"action_time": "2025-02-05T06:14:44.962Z", "user": ["sunny"], "content_type": ["accounts", "user"], "object_id": "ba09973a-0f10-4ee7-9683-f1d78a377b1e", "object_repr": "praveen - Team Member", "action_flag": 2, "change_message": "[{\"changed\": {\"fields\": [\"Username\"]}}]"}}, {"model": "admin.logentry", "pk": 78, "fields": {"action_time": "2025-02-05T06:14:58.442Z", "user": ["sunny"], "content_type": ["accounts", "user"], "object_id": "99dc4c6d-0d3f-452b-9131-63bd6a67d550", "object_repr": "parth - Team Leader", "action_flag": 2, "change_message": "[{\"changed\": {\"fields\": [\"Username\"]}}]"}}, {"model": "admin.logentry", "pk": 79, "fields": {"action_time": "2025-02-05T06:15:56.143Z", "user": ["sunny"], "content_type": ["accounts", "user"], "object_id": "ba09973a-0f10-4ee7-9683-f1d78a377b1e", "object_repr": "praveen - Team Member", "action_flag": 2, "change_message": "[]"}}, {"model": "admin.logentry", "pk": 80, "fields": {"action_time": "2025-02-05T06:16:40.634Z", "user": ["sunny"], "content_type": ["accounts", "user"], "object_id": "744a12ed-750c-4353-bfe9-bd6f1fd56204", "object_repr": "Amit - Team Leader", "action_flag": 2, "change_message": "[{\"changed\": {\"fields\": [\"Username\"]}}]"}}, {"model": "admin.logentry", "pk": 81, "fields": {"action_time": "2025-02-05T09:27:36.642Z", "user": ["sunny"], "content_type": ["accounts", "user"], "object_id": "744a12ed-750c-4353-bfe9-bd6f1fd56204", "object_repr": "amit - Team Leader", "action_flag": 2, "change_message": "[{\"changed\": {\"fields\": [\"Username\"]}}]"}}, {"model": "admin.logentry", "pk": 82, "fields": {"action_time": "2025-02-05T09:28:50.054Z", "user": ["sunny"], "content_type": ["accounts", "user"], "object_id": "be84f38b-208b-4fb3-b784-3e6ea4675d41", "object_repr": "shubham - Team Leader", "action_flag": 1, "change_message": "[{\"added\": {}}]"}}, {"model": "admin.logentry", "pk": 83, "fields": {"action_time": "2025-02-05T09:29:01.742Z", "user": ["sunny"], "content_type": ["accounts", "user"], "object_id": "be84f38b-208b-4fb3-b784-3e6ea4675d41", "object_repr": "shubham - Team Leader", "action_flag": 2, "change_message": "[{\"changed\": {\"fields\": [\"First name\", \"Last name\"]}}]"}}, {"model": "admin.logentry", "pk": 84, "fields": {"action_time": "2025-03-24T10:40:31.806Z", "user": ["sunny"], "content_type": ["accounts", "user"], "object_id": "ba09973a-0f10-4ee7-9683-f1d78a377b1e", "object_repr": "praveen - Team Member", "action_flag": 2, "change_message": "[{\"changed\": {\"fields\": [\"Email address\"]}}]"}}, {"model": "admin.logentry", "pk": 85, "fields": {"action_time": "2025-03-24T10:41:07.049Z", "user": ["sunny"], "content_type": ["accounts", "user"], "object_id": "744a12ed-750c-4353-bfe9-bd6f1fd56204", "object_repr": "amit - Team Leader", "action_flag": 2, "change_message": "[{\"changed\": {\"fields\": [\"Staff status\"]}}]"}}, {"model": "admin.logentry", "pk": 86, "fields": {"action_time": "2025-03-24T10:41:30.611Z", "user": ["sunny"], "content_type": ["accounts", "user"], "object_id": "c6b6993b-08fa-48a6-be4c-dc0e4530e0f3", "object_repr": "saket - Team Member", "action_flag": 2, "change_message": "[{\"changed\": {\"fields\": [\"Staff status\"]}}]"}}, {"model": "admin.logentry", "pk": 87, "fields": {"action_time": "2025-03-24T11:19:58.407Z", "user": ["sunny"], "content_type": ["accounts", "user"], "object_id": "ba09973a-0f10-4ee7-9683-f1d78a377b1e", "object_repr": "praveen - Team Member", "action_flag": 2, "change_message": "[{\"changed\": {\"fields\": [\"Staff status\", \"Last login\"]}}]"}}, {"model": "admin.logentry", "pk": 88, "fields": {"action_time": "2025-05-01T07:10:17.023Z", "user": ["sunny"], "content_type": ["projects", "project"], "object_id": "d0c76514-dcdb-45ba-9dcc-404dd2188db0", "object_repr": "La Wisteria (https://lookup.housing.com/opportunity/400009)", "action_flag": 3, "change_message": ""}}, {"model": "admin.logentry", "pk": 89, "fields": {"action_time": "2025-05-07T09:14:47.904Z", "user": ["sunny"], "content_type": ["projects", "project"], "object_id": "aedaa6b4-0d60-4cdd-8ebd-8fbbb9c3879d", "object_repr": "test (https://lookup.housing.com/opportunity/400000)", "action_flag": 2, "change_message": "[{\"changed\": {\"fields\": [\"Quantity\"]}}]"}}]