opportunity_id,project_type,project_name,builder_name,city_name,product_name,package_id,quantity,purchase_date,sales_confirmation_date,account_manager,current_status_name,Latest_date,project_start_date
https://lookup.housing.com/opportunity/2681558,,Hi-Street,"Omaxe Ltd",Noida,Drone Interactive,,1,20-Apr-2023,20-Apr-2023,Pooja Singh,Final Delivery,8-Jan-2024,20-Apr-2023
https://lookup.housing.com/opportunity/3340146,,Karnavati Parisar,Rajvi Buildcon,Ahmedabad,Drone Interactive,,1,31-Oct-2023,31-Oct-2023,Parthgiri Jayeshgiri Goswami,Final Delivery,5-Feb-2024,31-Oct-2023
https://lookup.housing.com/opportunity/3210927,,103 West,Zenith Property,Mumbai,Drone Interactive,,1,8-Dec-2023,8-Dec-2023,Niraj singh,Final Delivery,6-Feb-2024,12-Dec-2023
https://lookup.housing.com/opportunity/3511983,,Aabharana,Bhoo Developers,Bangalore,Drone video + voiceover,,1,12-Dec-2023,12-Dec-2023,Saurabh Singh,Final Delivery,12-Feb-2024,27-Dec-2023
https://lookup.housing.com/opportunity/602227,,Sugam Niavara,Sugam & Diamond group,Kolkata,Drone video,,1,23-Nov-2023,24-Nov-2023,Kuheli Bose,Final Delivery,1-Mar-2024,24-Nov-2023
https://lookup.housing.com/opportunity/2638340,,VBHC Palmhaven,,,Drone video + voiceover,,1,9-Mar-2023,20-Mar-2023,,Final Delivery,7-Mar-2024,20-Mar-2023
https://lookup.housing.com/opportunity/3581332,,Escon Panache Villa,ESCON INFRA REALTORS,Greater Noida,Drone Interactive,,1,30-Dec-2023,21-Jan-2024,Praveen Singh,Final Delivery,11-Mar-2024,22-Jan-2024
https://lookup.housing.com/opportunity/3581332,,Escon Panache Villa,ESCON INFRA REALTORS,Greater Noida,Drone video + voiceover,,1,30-Dec-2023,21-Jan-2024,Praveen Singh,Final Delivery,11-Mar-2024,22-Jan-2024
https://lookup.housing.com/opportunity/3538822,,COBAN,Yhataw Real Estate Facilitator Pvt Ltd,Gurgaon,Drone video + voiceover,,1,19-Dec-2023,19-Dec-2023,Rahul Kumar Seth,Final Delivery,15-Mar-2024,19-Jan-2024
https://lookup.housing.com/opportunity/3538840,,COBAN,Yhataw Real Estate Facilitator Pvt Ltd,Gurgaon,HD Images,,1,19-Dec-2023,19-Dec-2023,Rahul Kumar Seth,Final Delivery,15-Mar-2024,19-Jan-2024
https://lookup.housing.com/opportunity/3479298,,Shriyasha Vrindavan,Brace Infrastructure,Bhubaneswar,Drone Interactive,,1,30-Nov-2023,9-Feb-2024,Abinash Samal,Final Delivery,22-Mar-2024,14-Feb-2024
https://lookup.housing.com/opportunity/3674679,,Shreeji Eternity,Shreeji Group,Mumbai,Drone Interactive,,1,30-Jan-2024,30-Jan-2024,Shantanu Pai,Final Delivery,22-Mar-2024,3-Feb-2024
https://lookup.housing.com/opportunity/417284,,La Vivant,Atco Projects,Bangalore,Drone video + voiceover,,1,9-Oct-2023,10-Oct-2023,Zuheb Makdoom,7th Cut Delivery,13-Mar-2024,23-Oct-2023
https://lookup.housing.com/opportunity/3752900,,Ankura Meridian,Acorn Group,Bangalore,Area Wiki Lite,,1,14-Mar-2024,20-Feb-2024,Deepak Panigrahy,2nd Cut Delivery,20-Mar-2024,20-Feb-2024
https://lookup.housing.com/opportunity/3604070,,Aisshpra Developers Pvt Ltd,Aisshpra Developers Pvt Ltd,Gorakhpur,Drone Interactive,,1,7-Jan-2024,26-Jan-2024,Shashank Kumar Singh,3rd Cut Delivery,16-Mar-2024,7-Feb-2024
https://lookup.housing.com/opportunity/3475555,,Engrace Vista,Modern Spaaces,Bangalore,Drone Interactive,,1,12-Dec-2023,20-Dec-2023,Deepak Kumar Panigrahy,3rd Cut Delivery,31-Jan-2024,20-Dec-2023
https://lookup.housing.com/opportunity/3148370,,Avalon,Antariksh Realtors Pvt Ltd,Mumbai,Custom content,,1,31-Aug-2023,29-Aug-2023,Shardul Deepak Sawant,2nd Cut Delivery,7-Feb-2024,16-Dec-2023
https://lookup.housing.com/opportunity/3819710,,Gateway Residences,Infinity associates,Mumbai,Drone Interactive,,1,29-Feb-2024,1-Feb-2024,Manish Ramesh Almal,2nd Cut Delivery,12-Feb-2024,1-Feb-2024
https://lookup.housing.com/opportunity/2843300,,Casa Teraza,,,Drone Interactive,,1,31-May-2023,12-Jun-2023,,3rd Cut Delivery,31-Jul-2023,31-Jul-2023
https://lookup.housing.com/opportunity/3667278,,Lehariya,KGK Realty,Jaipur,Drone video + voiceover,,1,24-Jan-2024,24-Jan-2024,Mohd Wasim Aktar Shekh,2nd Cut Delivery,12-Feb-2024,29-Jan-2024
https://lookup.housing.com/opportunity/3813871,,Pearl Sahu City,Sahu Group,Lucknow,Drone Interactive,,1,28-Feb-2024,4-Mar-2024,Rishabh Pandey,2nd Cut Delivery,21-Mar-2024,4-Mar-2024
https://lookup.housing.com/opportunity/3698010,,RG Group,RG Group,Noida,Drone Interactive,,1,31-Jan-2024,19-Feb-2024,Neeraj Malhotra,3rd Cut Delivery,18-Mar-2024,22-Feb-2024
https://lookup.housing.com/opportunity/3573404,,Golden Avenue,Golden Homes,Nagpur,Drone Interactive,,1,30-Dec-2023,13-Feb-2024,Atul Shyam Wasnik,2nd Cut Delivery,19-Mar-2024,21-Feb-2024
https://lookup.housing.com/opportunity/3469473,,Tropical Lagoon Life,Sai Developers,Mumbai,Drone video,,1,4-Dec-2023,6-Dec-2023,Umez Mulla,3rd Cut Delivery,16-Jan-2024,11-Dec-2023
https://lookup.housing.com/opportunity/3819096,,Solitaire,Harshpriya Constructions,Bhubaneswar,Drone Interactive,,1,29-Feb-2024,21-Mar-2024,Aman Banchhor,2nd Cut Delivery,10-Apr-2024,21-Mar-2024
https://lookup.housing.com/opportunity/3805538,,Melodies of Life,Inspira Builders,Bangalore,Custom content,,1,27-Feb-2024,12-Mar-2024,Deepak Panigrahy,4th Cut Delivery,29-Apr-2024,12-Mar-2024
https://lookup.housing.com/opportunity/1191024,,Goodwill,Lalani Grpoup,Mumbai,Drone Interactive,,1,20-Nov-2023,20-Nov-2023,Shardul Deepak Sawant,3rd Cut Delivery,25-Jan-2024,29-Nov-2023
https://lookup.housing.com/opportunity/3606203,,Rudraksh Kingston,Shaligram Developers,Bhopal,Drone Interactive,,1,16-Jan-2024,2-Feb-2024,Navneet Kaur sandhu,2nd Cut Delivery,20-Mar-2024,13-Feb-2024
https://lookup.housing.com/opportunity/3656158,,EVOS alchemy,Evos Buildcon Pvt. Ltd.,Bhubaneswar,Drone Interactive,,1,22-Jan-2024,22-Jan-2024,Madhushree Mukherjee,2nd Cut Delivery,21-Feb-2024,30-Jan-2024
https://lookup.housing.com/opportunity/3612174,,Royal Presidency,SJ Developers,Bhubaneswar,Drone Interactive,,1,22-Jan-2024,7-Mar-2024,Debashis Das,1st Cut Delivery,21-Mar-2024,18-Mar-2024
https://lookup.housing.com/opportunity/2670088,,Dale,Mana Projects Pvt Ltd,Bangalore,SliceView,,1,14-Oct-2023,10-Apr-2023,Deepak Panigrahy,3rd Cut Delivery,20-Feb-2024,3-Nov-2023
https://lookup.housing.com/opportunity/3839982,,Walktown,Modern Spaaces,Bangalore,Drone Interactive,,1,8-Mar-2024,11-Mar-2024,Deepak Kumar Panigrahy,1st Cut Delivery,7-May-2024,25-Apr-2024
https://lookup.housing.com/opportunity/2925297,,Visthara,Vrindhavana properties,Coimbatore,Drone Interactive,,1,7-Aug-2023,7-Aug-2023,Deepak R,3rd Cut Delivery,2-Feb-2024,11-Aug-2023
https://lookup.housing.com/opportunity/3935059,,Platinum City Lights,Global Properties,Pune,Drone Interactive,,1,31-Mar-2024,3-Apr-2024,Mohit Laddha,4th Cut Delivery,17-May-2024,3-Apr-2024
https://lookup.housing.com/opportunity/3931108,,Westmont,SHREE SONIGARA GORE DEVELOPERS LLP,Pune,Drone Interactive,,1,31-Mar-2024,17-Apr-2024,Lubaba Navid Momin,1st Cut Delivery,7-May-2024,30-Apr-2024
https://lookup.housing.com/opportunity/3697920,,Sahakar Mira Road,Sahakar Group,Mumbai,Drone Interactive,,1,31-Jan-2024,2-Feb-2024,Shantanu Pai,3rd Cut Delivery,15-May-2024,28-Feb-2024
https://lookup.housing.com/opportunity/3662942,,Mashobra Hills,Rajdeep and Company,Gurgaon,Drone Interactive,,1,27-Jan-2024,29-Jan-2024,Vikar Wani,3rd Cut Delivery,10-May-2024,1-Feb-2024
https://lookup.housing.com/opportunity/3662942,,Kasauli Paraiso,Rajdeep and Company,Gurgaon,Drone Interactive,,1,27-Jan-2024,29-Jan-2024,Vikar Wani,3rd Cut Delivery,10-May-2024,1-Feb-2024
https://lookup.housing.com/opportunity/4088992,,Tanvi Ace,Tanvi Constructions,Pune,Drone Interactive,,1,30-Apr-2024,7-May-2024,Harshil Sunil Doshi,1st Cut Delivery,16-May-2024,10-May-2024
https://lookup.housing.com/opportunity/3512414,,Winds of Joy,Gera Developers,Pune,Area Wiki Lite,,1,13-Dec-2023,13-Dec-2023,Shraddha Suresh Mange Bhanushali,7th Cut Delivery,5-Jun-2024,13-Dec-2023
https://lookup.housing.com/opportunity/3896119,,Jashn Elevate,Jashn Realty,Lucknow,Area Wiki Lite,,1,27-Mar-2024,1-Apr-2024,Jasmeet Singh,3rd Cut Delivery,5-Jun-2024,9-Apr-2024
https://lookup.housing.com/opportunity/4045512,,JMG Lifestyle,JMG LIFESTYLE PVT. LTD.,Bhubaneswar,Drone Interactive,,1,24-Apr-2024,24-Apr-2024,Aman Banchhor,1st Cut Delivery,6-May-2024,24-Apr-2024
https://lookup.housing.com/opportunity/2966825,,Sansaar,Mahima Group,Jaipur,Drone video + voiceover,,1,20-Jul-2023,10-Jul-2023,Mohd Wasim Aktar Shekh,5th Cut Delivery,6-May-2024,28-Dec-2023
https://lookup.housing.com/opportunity/3663660,,Mayfair,Mayfair Housing,Mumbai,Drone Interactive,,1,24-Jan-2024,29-Jan-2024,Dhwani Thakkar,5th Cut Delivery,17-Jun-2024,26-Feb-2024
https://lookup.housing.com/opportunity/3899711,,Omr proptech,Omr proptech,Noida,Drone video + voiceover,,1,27-Mar-2024,1-Apr-2024,Rishabh Kapur,6th Cut Delivery,17-Jun-2024,2-Apr-2024
https://lookup.housing.com/opportunity/4079923,,Maharashtra Housing Corporation,Maharashtra Housing Corporation,Pune,Drone video,,1,29-Apr-2024,3-May-2024,Lakhvir Singh,3rd Cut Delivery,20-Jun-2024,6-May-2024
https://lookup.housing.com/opportunity/4079923,,Maharashtra Housing Corporation,Maharashtra Housing Corporation,Pune,Drone Interactive,,1,29-Apr-2024,3-May-2024,Lakhvir Singh,2nd Cut Delivery,10-Jun-2024,6-May-2024
https://lookup.housing.com/opportunity/3856551,,Ravista,Kanthi Group,Chennai,Drone video + voiceover,,1,13-Mar-2024,15-Mar-2024,Deepak R,8th Cut Delivery,17-Jun-2024,26-Mar-2024
https://lookup.housing.com/opportunity/3124905,,Star Paradise,Star promoters and town City developers Pvt Ltd,Coimbatore,Drone video + voiceover,,1,17-Nov-2023,16-Nov-2023,Deepak R,5th Cut Delivery,16-May-2024,9-Jan-2024
https://lookup.housing.com/opportunity/2877890,,Jardin,Mana Projects Pvt Ltd,Bangalore,SliceView,,1,14-Oct-2023,30-Nov-2023,Deepak Panigrahy,3rd Cut Delivery,9-Feb-2024,3-Nov-2023
https://lookup.housing.com/opportunity/3580788,,Nisarga Avenue 3,Aura Contrivers Private Limited,Coimbatore,Drone Interactive,,1,7-Jan-2024,20-Feb-2024,Vinothkumar Thiyagarajan,4th Cut Delivery,14-Jun-2024,18-Mar-2024
https://lookup.housing.com/opportunity/4239074,,Shuvam Avenue,Shuvam Construction Pvt Ltd,Bhubaneswar,Drone Interactive,,1,30-May-2024,12-Jun-2024,Aman Banchhor,3rd Cut Delivery,12-Jul-2024,12-Jun-2024
https://lookup.housing.com/opportunity/3319608,,Deepanjali,Nivara Infradevelopers LLP,Mumbai,Area Wiki Lite,,1,5-Oct-2023,25-Oct-2023,Shardul Deepak Sawant,5th Cut Delivery,1-Jul-2024,30-Oct-2023
https://lookup.housing.com/opportunity/4322355,,Nawah Emporio,OU Infraprojects Pvt. Ltd,Bhubaneswar,Drone Interactive,,1,14-Jun-2024,22-Jun-2024,Debashis Das,1st Cut Delivery,4-Jul-2024,
https://lookup.housing.com/opportunity/4322355,,Nawah Emporio,OU Infraprojects Pvt. Ltd,Bhubaneswar,Area Wiki Lite,,1,14-Jun-2024,22-Jun-2024,Debashis Das,2nd Cut Delivery,25-Jul-2024,1-Jul-2024
https://lookup.housing.com/opportunity/3500645,,Orchard,Flower valley,Gurgaon,Drone video,,1,7-Dec-2023,21-Dec-2023,Ishita Bhatta,9th Cut Delivery,10-Jul-2024,2-Mar-2024
https://lookup.housing.com/opportunity/3500645,,Orchard,Flower valley,Gurgaon,Drone video + voiceover,,1,7-Dec-2023,21-Dec-2023,Ishita Bhatta,9th Cut Delivery,10-Jul-2024,2-Mar-2024
https://lookup.housing.com/opportunity/3697920,,Sahakar Mira Road,Sahakar Group,Mumbai,Drone video + voiceover,,1,31-Jan-2024,2-Feb-2024,Shantanu Pai,5th Cut Delivery,12-Jun-2024,28-Feb-2024
https://lookup.housing.com/opportunity/3896030,,Aisshpra Developers Pvt Ltd,Aisshpra Developers Pvt Ltd,Gorakhpur,Drone Interactive,,1,21-Mar-2024,8-Apr-2024,Shashank Kumar Singh,2nd Cut Delivery,19-Jun-2024,26-Apr-2024
https://lookup.housing.com/opportunity/4079547,,Dashanzi,SMB Properties LLP,Mumbai,Drone video + voiceover,,1,29-Apr-2024,2-May-2024,Umez Munnaf Mulla,4th Cut Delivery,24-Aug-2024,
https://lookup.housing.com/opportunity/3583936,,Kumbh Aaviyana,Kumbh Aaviyana,Gandhinagar,Drone video + voiceover,,1,31-Dec-2023,19-Feb-2024,Himanshu Himmatlal Parasharya,5th Cut Delivery,2-Sep-2024,24-Apr-2024
https://lookup.housing.com/opportunity/4783102,,Eros Sampoorna,Ajay Enterprises Pvt Ltd,Noida,Drone Interactive,,1,23-Aug-2024,27-Aug-2024,Tarang Saxena,2nd Cut Delivery,5-Sep-2024,
https://lookup.housing.com/opportunity/4528875,,Citizen Ram Nivas,Citizen Housing & Developing Co-Operative Society,Varanasi,Drone Interactive,,1,22-Jul-2024,22-Jul-2024,Shashank Verma,3rd Cut Delivery,29-Aug-2024,24-Jul-2024
https://lookup.housing.com/opportunity/4528875,,Citizen Ram Nivas,Citizen Housing & Developing Co-Operative Society,Varanasi,Drone video + voiceover,,1,22-Jul-2024,22-Jul-2024,Shashank Verma,3rd Cut Delivery,7-Sep-2024,24-Jul-2024
https://lookup.housing.com/opportunity/3839335,,Engrace Soulace,Modern Spaaces,Bangalore,SliceView,,1,12-Dec-2023,11-Mar-2024,Deepak Panigrahy,3rd Cut Delivery,22-Aug-2024,29-Mar-2024
https://lookup.housing.com/opportunity/3475555,,Serene Heights,Modern Spaaces,Bangalore,Drone Interactive,,1,30-Nov-2023,22-Jan-2024,Deepak Kumar Panigrahy,2nd Cut Delivery,9-May-2024,24-Jan-2024
https://lookup.housing.com/opportunity/3475555,,Onyx,Modern Spaaces,Bangalore,Drone Interactive,,1,11-Mar-2024,22-Jan-2024,Deepak Kumar Panigrahy,2nd Cut Delivery,5-Feb-2024,22-Jan-2024
https://lookup.housing.com/opportunity/4598612,,Siyara Heights,Shakti Realty,Mumbai,Drone video + voiceover,,1,31-Jul-2024,1-Aug-2024,Sandeep Lalbahadur Pal,1st Cut Delivery,24-Aug-2024,
https://lookup.housing.com/opportunity/2968566,,Sadguru Avighna,Sadguru Realty,Mumbai,Drone Interactive,,1,3-Apr-2024,23-Aug-2024,Amit Nitish Raval,2nd Cut Delivery,6-Sep-2024,
https://lookup.housing.com/opportunity/4652500,,Golden Aura,Excel Homes,Pune,Drone Interactive,,1,16-Aug-2024,20-Aug-2024,Lubaba Navid Momin,2nd Cut Delivery,3-Sep-2024,
https://lookup.housing.com/opportunity/2880910,,Next Space Realty LLP,Next Space Realty LLP,Mumbai,Drone Interactive,,1,1-Jun-2023,27-Jun-2024,Anjani Sankatmochan Shukla,2nd Cut Delivery,17-Jul-2024,2-Jul-2024
https://lookup.housing.com/opportunity/3580788,,Nisarga Avenue 3,Aura Contrivers Private Limited,Coimbatore,Drone video + voiceover,,1,7-Jan-2024,20-Feb-2024,Vinothkumar Thiyagarajan,1st Cut Delivery,1-Jul-2024,
https://lookup.housing.com/opportunity/3716564,,Ceratec 108,Ceratec Group,Pune,Area Wiki Lite,,1,22-Mar-2024,4-Apr-2024,Shraddha Suresh Mange Bhanushali,3rd Cut Delivery,27-Sep-2024,6-May-2024
https://lookup.housing.com/opportunity/4492820,,Urbanyx Court,Urbanyx Infra Private Limited,Bhubaneswar,Drone Interactive,,1,3-Aug-2024,9-Aug-2024,Madhushree Mukherjee,1st Cut Delivery,22-Aug-2024,
https://lookup.housing.com/opportunity/3196467,,Spenta Corporation,Spenta Corporation,Mumbai,Drone Interactive,,1,1-Jun-2024,5-Jun-2024,Jatin Chandrakant Pawar,2nd Cut Delivery,29-Aug-2024,7-Jun-2024
https://lookup.housing.com/opportunity/2876917,,Sayba Group,Sayba Group,Mumbai,Drone video,,1,2-Aug-2024,5-Sep-2024,Jatin Chandrakant Pawar,4th Cut Delivery,21-Oct-2024,
https://lookup.housing.com/opportunity/4528350,,Benicio Homes,Benicio Homes,Goa,Drone Interactive,,1,30-Jul-2024,23-Aug-2024,Srikant Singh,2nd Cut Delivery,24-Sep-2024,
https://lookup.housing.com/opportunity/4679253,,Siddhivinayak Aarambh,Siddhivinayak Builders And Developers,Mumbai,Drone video + voiceover,,1,5-Sep-2024,5-Sep-2024,Umez Munaf Mulla,Final Delivery,28-Oct-2024,
https://lookup.housing.com/opportunity/4874964,,Spectrum Metro,Spectrum @ Metro,Noida,Construction Update,,1,20-Sep-2024,4-Nov-2024,Manjot Singh,2nd Cut Delivery,12-Nov-2024,
https://lookup.housing.com/opportunity/4245832,,The Pristine Horizon,The Pristine Horizon,Pune,Drone Interactive,,1,5-Jun-2024,22-Jun-2024,Shraddha Suresh Mange Bhanushali,1st Cut Delivery,29-Aug-2024,25-Jun-2024
https://lookup.housing.com/opportunity/4484284,,SJRS Infracity,SJRS Infracity Private Limited,Varanasi,Area Wiki Lite,,1,10-Jul-2024,10-Jul-2024,Shashank Verma,1st Cut Delivery,29-Aug-2024,15-Jul-2024
https://lookup.housing.com/opportunity/2925297,,Visthara,Vrindhavana properties,Coimbatore,Drone video + voiceover,,1,7-Aug-2023,7-Aug-2023,Deepak R,6th Cut Delivery,22-Oct-2024,5-Feb-2024
https://lookup.housing.com/opportunity/4430464,,Square root developers,Square root developers,Bhubaneswar,Drone Interactive,,1,1-Jul-2024,26-Jul-2024,Madhushree Mukherjee,2nd Cut Delivery,28-Aug-2024,2-Aug-2024
https://lookup.housing.com/opportunity/4949205,,Jashn Elevate,Jashn Realty,Lucknow,Custom content,,1,20-Sep-2024,20-Sep-2024,Rishabh Pandey,1st Cut Delivery,3-Oct-2024,23-Sep-2024
https://lookup.housing.com/opportunity/4291449,,CIELO,VTP Corpartion LLP,Pune,Area Wiki Lite,,1,13-Jun-2024,18-Jun-2024,Nikita Chetan Mehta,5th Cut Delivery,24-Aug-2024,18-Jun-2024
https://lookup.housing.com/opportunity/5085668,,Keshvam Skyview,Swaminarayan Group,Gandhinagar,Drone video + voiceover,,1,21-Oct-2024,1-Nov-2024,Sheth Sagar Rajendrabhai,1st Cut Delivery,2-Dec-2024,18-Nov-2024
https://lookup.housing.com/opportunity/4085865,,Omaxe Ltd,Omaxe Ltd,Noida,Drone Interactive,,1,30-Apr-2024,16-May-2024,Neeraj Malhotra,5th Cut Delivery,22-Oct-2024,5-Jul-2024
https://lookup.housing.com/opportunity/4085865,,Omaxe Ltd,Omaxe Ltd,Noida,Drone video + voiceover,,1,30-Apr-2024,16-May-2024,Neeraj Malhotra,3rd Cut Delivery,4-Nov-2024,4-Oct-2024
https://lookup.housing.com/opportunity/5112974,,VK Lal Hari,Veekaylal Investment Company,Mumbai,Drone video,,1,5-Nov-2024,5-Nov-2024,Sandip N Dalsingh,1st Cut Delivery,13-Dec-2024,27-Nov-2024
https://lookup.housing.com/opportunity/5112974,,VK Lal Residency,Veekaylal Investment Company,Mumbai,Drone video,,1,5-Nov-2024,5-Nov-2024,Sandip N Dalsingh,1st Cut Delivery,28-Dec-2024,6-Dec-2024
https://lookup.housing.com/opportunity/4773237,,Shreeji Urban,Shreeji Developers,Mumbai,Drone video + voiceover,,1,22-Aug-2024,22-Aug-2024,Umez Munaf Mulla,3rd Cut Delivery,12-Nov-2024,3-Sep-2024
https://lookup.housing.com/opportunity/2378733,,Konark,Konark Land Developers,Mumbai,Area Wiki Lite,,1,30-May-2024,11-Jul-2024,Amit Nitish Raval,1st Cut Delivery,4-Dec-2024,15-Jul-2024
https://lookup.housing.com/opportunity/3930203,,SSVR Builders,SSVR Builders,Bangalore,Drone Interactive,,1,31-Mar-2024,2-Apr-2024,Deepak Kumar Panigrahy,3rd Cut Delivery,6-Sep-2024,19-Jun-2024
https://lookup.housing.com/opportunity/4085865,,Omaxe Ltd,Omaxe Ltd,Noida,Area Wiki Lite,,1,30-Apr-2024,16-May-2024,Neeraj Malhotra,4th Cut Delivery,22-Oct-2024,28-May-2024
https://lookup.housing.com/opportunity/3839982,,Onyx,Modern Spaaces,Bangalore,Drone video + voiceover,,1,11-Mar-2024,11-Mar-2024,Deepak Kumar Panigrahy,4th Cut Delivery,28-Oct-2024,13-Mar-2024
https://lookup.housing.com/opportunity/3839982,,Onyx,Modern Spaaces,Bangalore,Area Wiki Lite,,1,11-Mar-2024,11-Mar-2024,Deepak Kumar Panigrahy,1st Cut Delivery,10-Sep-2024,30-Apr-2024
https://lookup.housing.com/opportunity/3580874,,Sreevatsa Real Estates Pvt Ltd,Sreevatsa Real Estates Pvt Ltd,Coimbatore,Drone video + voiceover,,1,5-Jan-2024,1-Jun-2024,Vinothkumar Thiyagarajan,2nd Cut Delivery,12-Sep-2024,3-Jul-2024
https://lookup.housing.com/opportunity/5362868,,Gagan Properties,Gagan Properties,Pune,Drone Interactive,,1,4-Dec-2024,26-Dec-2024,Pallavi Sonawane,Final Delivery,24-Feb-2025,
https://lookup.housing.com/opportunity/5164527,,Triaxis Splendour,Triaxis Infra Projects,Bangalore,Drone video + voiceover,,1,4-Nov-2024,8-Nov-2024,Deepak Kumar Panigrahy,1st Cut Delivery,27-Dec-2024,9-Dec-2024
https://lookup.housing.com/opportunity/5574960,,Aditya Ankur,Aditya Properties,Bangalore,Drone Interactive,,1,1-Jan-2025,3-Jan-2025,Bishnu Sahu,1st Cut Delivery,4-Feb-2025,
https://lookup.housing.com/opportunity/5430153,,Gangagiri projects,Gagangiri Construction,Mumbai,Custom content,,1,12-Dec-2024,12-Dec-2024,Jatin Chandrakant Pawar,2nd Cut Delivery,9-Mar-2025,16-Dec-2024
https://lookup.housing.com/opportunity/5137813,,KLJ Greens,KLJ Developers Private Limited,Delhi,Drone video + voiceover,,1,25-Oct-2024,28-Oct-2024,Apurva Gupta,3rd Cut Delivery,6-Jan-2025,30-Oct-2024
https://lookup.housing.com/opportunity/5137813,,KLJ Greens,KLJ Developers Private Limited,Delhi,Drone Interactive,,1,25-Oct-2024,28-Oct-2024,Apurva Gupta,3rd Cut Delivery,26-Nov-2024,30-Oct-2024
https://lookup.housing.com/opportunity/5165928,,Grand Mini City,GROUP G,Bhubaneswar,Custom content,,1,1-Dec-2024,7-Nov-2024,Madhushree Mukherjee,1st Cut Delivery,12-Dec-2024,21-Nov-2024
https://lookup.housing.com/opportunity/5216716,,Shubhankar One,ABS Shubhankar Group,Udaipur,Drone video + voiceover,,1,14-Nov-2024,14-Nov-2024,Ankit Goyal,1st Cut Delivery,31-Dec-2024,28-Nov-2024
https://lookup.housing.com/opportunity/5769056,,Sameera 117,Sameera Estates Pvt Ltd,Chennai,Drone video + voiceover,,1,6-Feb-2025,6-Feb-2025,Udhaya Sankar,1st Cut Delivery,8-Feb-2025,6-Feb-2025
https://lookup.housing.com/opportunity/4862349,,KWT Pimpri,Kohinoor Group,Pune,Area Wiki Lite,,1,4-Sep-2024,5-Sep-2024,Nikita Chetan Mehta,2nd Cut Delivery,12-Nov-2024,9-Sep-2024
https://lookup.housing.com/opportunity/5087298,,Syug The 1,SYUG,Bangalore,Drone Interactive,,1,29-Oct-2024,14-Oct-2024,Deepak Kumar Panigrahy,2nd Cut Delivery,28-Oct-2024,21-Oct-2024
https://lookup.housing.com/opportunity/5087298,,Syug The 1,SYUG,Bangalore,Area Wiki Lite,,1,29-Oct-2024,14-Oct-2024,Deepak Kumar Panigrahy,1st Cut Delivery,9-Dec-2024,16-Oct-2024
https://lookup.housing.com/opportunity/5165928,,Woods of Grace,GROUP G,Bhubaneswar,Drone Interactive,,1,1-Dec-2024,7-Nov-2024,Madhushree Mukherjee,1st Cut Delivery,9-Dec-2024,7-Nov-2024
https://lookup.housing.com/opportunity/5165928,,Gardens of Grace,GROUP G,Bhubaneswar,Drone Interactive,,1,1-Dec-2024,7-Nov-2024,Madhushree Mukherjee,1st Cut Delivery,9-Dec-2024,7-Nov-2024
https://lookup.housing.com/opportunity/5165928,,Grace,GROUP G,Bhubaneswar,Drone Interactive,,1,1-Dec-2024,7-Nov-2024,Madhushree Mukherjee,2nd Cut Delivery,9-Dec-2024,7-Nov-2024
https://lookup.housing.com/opportunity/5165928,,Grand Mini City,GROUP G,Bhubaneswar,Drone Interactive,,1,1-Dec-2024,7-Nov-2024,Madhushree Mukherjee,2nd Cut Delivery,9-Dec-2024,7-Nov-2024
https://lookup.housing.com/opportunity/5730275,,Reliant Housing,Reliant Housing LLP,Jaipur,Drone video + voiceover,,1,24-Jan-2025,5-Feb-2025,Jatin Katara,1st Cut Delivery,21-Feb-2025,17-Feb-2025
https://lookup.housing.com/opportunity/5362868,,Gagan Properties,Gagan Properties,Pune,Drone video + voiceover,,1,4-Dec-2024,26-Dec-2024,Pallavi Sonawane,1st Cut Delivery,21-Feb-2025,28-Jan-2025
https://lookup.housing.com/opportunity/5712815,,Pratibimb,Firstrust,Gandhinagar,Drone video + voiceover,,1,22-Jan-2025,1-Feb-2025,Nakul Purohit,1st Cut Delivery,18-Feb-2025,5-Feb-2025
https://lookup.housing.com/opportunity/5724239,,Aarambh,Shree Laxmi Venture Pvt. Ltd.,Nagpur,Drone video + voiceover,,1,31-Jan-2025,17-Mar-2025,Mukesh Gurudas Biswas,Final Delivery,9-Jun-2025,
https://lookup.housing.com/opportunity/5702348,,Nakshatra,Maharshee Builders,Nagpur,Drone video + voiceover,,1,21-Jan-2025,17-Mar-2025,Mukesh Gurudas Biswas,1st Cut Delivery,17-Jun-2025,18-Mar-2025
https://lookup.housing.com/opportunity/4862349,,KBT Baner,Kohinoor Group,Pune,Area Wiki Lite,,1,4-Sep-2024,5-Sep-2024,Nikita Chetan Mehta,3rd Cut Delivery,12-Nov-2024,9-Sep-2024
https://lookup.housing.com/opportunity/4862349,,KWT Mundhwa,Kohinoor Group,Pune,Area Wiki Lite,,1,4-Sep-2024,5-Sep-2024,Nikita Chetan Mehta,2nd Cut Delivery,9-Sep-2024,9-Sep-2024
https://lookup.housing.com/opportunity/4956349,,Mahima Ecovista,Mahima Group,Jaipur,Drone Interactive,,1,23-Sep-2024,25-Sep-2024,Mohd Wasim Aktar Shekh,1st Cut Delivery,8-Nov-2024,8-Nov-2024
https://lookup.housing.com/opportunity/4956349,,Mahima Ecovista,Mahima Group,Jaipur,Area Wiki Lite,,1,23-Sep-2024,25-Sep-2024,Mohd Wasim Aktar Shekh,Partial Data Received,30-Sep-2024,30-Sep-2024
https://lookup.housing.com/opportunity/3381527,,AVA Maple,AVA Lifespaces,Mumbai,Drone Interactive,,1,30-Nov-2023,9-Oct-2024,Anjani Shukla,1st Cut Delivery,22-Oct-2024,10-Oct-2024
https://lookup.housing.com/opportunity/4954888,,Aero Villas,Aasritha Infra Projects,Hyderabad,Drone Interactive,,1,20-Sep-2024,4-Oct-2024,Madisetty Sai Charith,1st Cut Delivery,25-Nov-2024,11-Nov-2024
https://lookup.housing.com/opportunity/5163922,,Desai Empire,DESAI DEVELOPERS,Bangalore,Drone Interactive,,1,30-Oct-2024,8-Nov-2024,Deepak Kumar Panigrahy,Partial Data Received,8-Nov-2024,
https://lookup.housing.com/opportunity/5216716,,Azores Villas,ABS Shubhankar Group,Udaipur,Drone video + voiceover,,1,14-Nov-2024,14-Nov-2024,Ankit Goyal,1st Cut Delivery,29-Nov-2024,29-Nov-2024
https://lookup.housing.com/opportunity/5448375,,Uma Blossom,Greenline Vintrade Private Limited,Varanasi,Drone video + voiceover,,1,13-Dec-2024,14-Dec-2024,Shashank Verma,1st Cut Delivery,19-Dec-2024,19-Dec-2024
https://lookup.housing.com/opportunity/5367974,,Spectrum 21,Sankalp Group,Jaipur,Drone Interactive,,1,2-Dec-2024,16-Dec-2024,Mohd Wasim Aktar Shekh,2nd Cut Delivery,28-Dec-2024,27-Dec-2024
https://lookup.housing.com/opportunity/5568502,,Shetye Estates,Shetye Estates,Goa,Drone Interactive,,1,1-Jan-2025,9-Jan-2025,Srikant Singh,Partial Data Received,9-Jan-2025,
https://lookup.housing.com/opportunity/5730125,,Ahaavan Greens,Ahaavan Group,Ahmedabad,Drone video + voiceover,,1,24-Jan-2025,27-Jan-2025,Deep Vishambhar Hukumatani,1st Cut Delivery,27-Jan-2025,17-Mar-2025
https://lookup.housing.com/opportunity/5716657,,Palm Grande,Manohar Singh &co,Mohali,Custom content,,1,23-Jan-2025,1-Feb-2025,Khagesh Mahajan,1st Cut Delivery,28-Feb-2025,1-Feb-2025
https://lookup.housing.com/opportunity/5777713,,Venus Capital Heights,VENUS STAR CONSTRUCTION PVT. LTD.,Patna,Drone Interactive,,1,1-Feb-2025,3-Feb-2025,Junaid Azmi,2nd Cut Delivery,13-Feb-2025,13-Feb-2025
https://lookup.housing.com/opportunity/5777713,,Venus Capital Heights,VENUS STAR CONSTRUCTION PVT. LTD.,Patna,Drone video + voiceover,,1,1-Feb-2025,3-Feb-2025,Junaid Azmi,2nd Cut Delivery,13-Feb-2025,13-Feb-2025
https://lookup.housing.com/opportunity/5761915,,M1 Homes,M1 Homes,Bangalore,Area Wiki Lite,,1,1-Feb-2025,1-Feb-2025,S Zilani Basha,2nd Cut Delivery,9-Feb-2025,9-Feb-2025
https://lookup.housing.com/opportunity/6114380,,VVIP Addresses,VVIP,Noida,Drone Interactive,,1,20-Mar-2025,6-Mar-2025,Manisha Mehla,2nd Cut Delivery,11-Mar-2025,11-Mar-2025
https://lookup.housing.com/opportunity/6114380,,VVIP Addresses,VVIP,Noida,Drone video + voiceover,,1,20-Mar-2025,6-Mar-2025,Manisha Mehla,2nd Cut Delivery,11-Mar-2025,11-Mar-2025
https://lookup.housing.com/opportunity/5781147,,Stalwart,Stalwart Projects Pvt Ltd,Bhubaneswar,Drone Interactive,,1,3-Feb-2025,3-Mar-2025,Madhushree Mukherjee,1st Cut Delivery,3-Mar-2025,3-Mar-2025
https://lookup.housing.com/opportunity/5781147,,Stalwart,Stalwart Projects Pvt Ltd,Bhubaneswar,Construction Update,,1,3-Feb-2025,3-Feb-2025,Madhushree Mukherjee,1st Cut Delivery,17-Feb-2025,17-Feb-2025
https://lookup.housing.com/opportunity/6063819,,Nottingham Homz,DRAGON AGE REALTORS Pvt. Ltd.,Lucknow,Drone Interactive,,1,10-Mar-2025,11-Mar-2025,Rishabh Pandey,2nd Cut Delivery,17-Mar-2025,17-Mar-2025
https://lookup.housing.com/opportunity/6812611,,Motia Blue Ridge,Motia Group,Zirakpur,Drone video + voiceover,,1,27-May-2025,10-Jun-2025,Raghavendra Solanki,Project Start Date,23-Jun-2025,23-Jun-2025
https://lookup.housing.com/opportunity/6093384,,Green Lotus,Maya Estate,Panchkula,Drone video + voiceover,,1,12-Mar-2025,9-Jun-2025,Raghavendra Solanki,Project Start Date,3-Jul-2025,3-Jul-2025
https://lookup.housing.com/opportunity/6788479,,Subha Ratnam,SUBHA CONSTRUCTION AND DEVELOPER,Bhubaneswar,Drone Interactive,,1,23-May-2025,2-Jun-2025,Rakesh Swain,Project Start Date,9-Jun-2025,9-Jun-2025
https://lookup.housing.com/opportunity/7238153,,Shree Nav Dadar,VCA Group,Mumbai,Drone Interactive,,1,30-Jun-2025,4-Jul-2025,Jatin Chandrakant Pawar,Project Start Date,4-Jul-2025,4-Jul-2025
https://lookup.housing.com/opportunity/6803434,,Tru Meadows,Tru Realty,Mumbai,Drone Interactive,,1,22-May-2025,9-Jun-2025,Jatin Chandrakant Pawar,Project Start Date,10-Jun-2025,10-Jun-2025
https://lookup.housing.com/opportunity/6645491,,Adore,Adore Realtech Pvt Ltd,Faridabad,Drone video + voiceover,,1,5-May-2025,5-May-2025,Apurva Gupta,Project Start Date,8-May-2025,8-May-2025
https://lookup.housing.com/opportunity/6007883,,Sagar Elite,Agrawal Builders And Colonizers Co,Bhopal,Drone video + voiceover,,1,26-Feb-2025,3-May-2025,Kamlesh Kumar Malviya,Project Start Date,7-May-2025,7-May-2025
https://lookup.housing.com/opportunity/6533436,,Kumar Primeview,Kumar Properties,Pune,Area Wiki Lite,,1,12-May-2025,13-May-2025,Darshan Arjun Pingat,Project Start Date,22-May-2025,22-May-2025
https://lookup.housing.com/opportunity/6533436,,Kumar Primeview,Kumar Properties,Pune,Custom content,,1,12-May-2025,13-May-2025,Darshan Arjun Pingat,Project Start Date,22-May-2025,22-May-2025
https://lookup.housing.com/opportunity/6335266,,Rohaniya Heights,Kripa Nidhi Homes,Varanasi,Drone Interactive,,1,31-Mar-2025,11-Apr-2025,Manish Tripathi,Project Start Date,14-Apr-2025,14-Apr-2025
https://lookup.housing.com/opportunity/6335266,,Rohaniya Heights,Kripa Nidhi Homes,Varanasi,Drone video + voiceover,,1,31-Mar-2025,11-Apr-2025,Manish Tripathi,Project Start Date,14-Apr-2025,14-Apr-2025
https://lookup.housing.com/opportunity/6586127,,La Wisteria,See Breeze Villas,Delhi,Drone Interactive,,1,25-Apr-2025,25-Apr-2025,Nitish Bhardwaj,Project Start Date,28-Apr-2025,28-Apr-2025
https://lookup.housing.com/opportunity/6586127,,La Wisteria,See Breeze Villas,Delhi,Drone video + voiceover,,1,25-Apr-2025,25-Apr-2025,Nitish Bhardwaj,Project Start Date,28-Apr-2025,28-Apr-2025
https://lookup.housing.com/opportunity/6229531,,Shree Krishna Nilayam,Vinayak Sangam Group,Varanasi,Drone video + voiceover,,1,20-Mar-2025,27-Apr-2025,Manish Tripathi,Project Start Date,28-Apr-2025,28-Apr-2025
https://lookup.housing.com/opportunity/5897610,,Nivasa Developers,Nivasa Developers,Mumbai,Drone Interactive,,1,28-Feb-2025,28-Feb-2025,Ebrahim Khalil Mohammad Ali Haider,Project Start Date,24-Mar-2025,24-Mar-2025
https://lookup.housing.com/opportunity/6339639,,Mahalaxmi Plaza,SWASTIK ASSOCIATES,Bhubaneswar,Drone Interactive,,1,3-Apr-2025,7-Apr-2025,Rakesh Swain,Project Start Date,15-Apr-2025,15-Apr-2025
https://lookup.housing.com/opportunity/6338067,,Zen,Kohinoor Group,Pune,Drone Interactive,,1,3-Apr-2025,12-Apr-2025,Darshan Arjun Pingat,Project Start Date,21-Apr-2025,21-Apr-2025
https://lookup.housing.com/opportunity/6338128,,Palm Olympia,Sam India,Noida,Construction Update,,1,4-Apr-2025,11-Apr-2025,Aditya Sharma,Project Start Date,14-Apr-2025,14-Apr-2025
https://lookup.housing.com/opportunity/6806250,,Saviour Vridhi,Saviour Builders Private Limited,Noida,Drone Interactive,,1,30-May-2025,13-Jun-2025,Aakash Gaur,Project Start Date,11-Jul-2025,11-Jul-2025
https://lookup.housing.com/opportunity/6806250,,Saviour Vridhi,Saviour Builders Private Limited,Noida,Drone video + voiceover,,1,30-May-2025,13-Jun-2025,Aakash Gaur,Project Start Date,11-Jul-2025,11-Jul-2025
https://lookup.housing.com/opportunity/6806250,,Saviour Manoharram,Saviour Builders Private Limited,Noida,Drone Interactive,,1,30-May-2025,13-Jun-2025,Aakash Gaur,Project Start Date,11-Jul-2025,11-Jul-2025
https://lookup.housing.com/opportunity/6806250,,Saviour Manoharram,Saviour Builders Private Limited,Noida,Drone video + voiceover,,1,30-May-2025,13-Jun-2025,Aakash Gaur,Project Start Date,11-Jul-2025,11-Jul-2025
https://lookup.housing.com/opportunity/7209337,,Ruchira Feliz,Ruchira Projects,Bangalore,Drone video + voiceover,,1,28-Jun-2025,2-Jul-2025,S Zilani Basha,Project Start Date,22-Jul-2025,22-Jul-2025
https://lookup.housing.com/opportunity/7209337,,Ruchira Feliz,Ruchira Projects,Bangalore,Area Wiki Lite,,1,28-Jun-2025,2-Jul-2025,S Zilani Basha,Project Start Date,28-Jun-2025,28-Jun-2025
https://lookup.housing.com/opportunity/6340913,,Valenza,Mahima Group,Jaipur,Drone video + voiceover,,1,1-Apr-2025,23-May-2025,Mohd Wasim Aktar Shekh,Project Start Date,28-Jul-2025,28-Jul-2025
https://lookup.housing.com/opportunity/7237863,,Veena Vatika,KKT CONSTRUCTIONS PVT LTD,Darbhanga,Drone video + voiceover,,1,2-Jul-2025,14-Jul-2025,Manish Kumar Sah,Project Start Date,23-Jul-2025,23-Jul-2025
https://lookup.housing.com/opportunity/7791628,,Grand Amaya,New Vision Homes,Jaipur,Drone video + voiceover,,1,20-Aug-2025,21-Aug-2025,Mohd Wasim Aktar Shekh,Project Start Date,25-Aug-2025,25-Aug-2025
https://lookup.housing.com/opportunity/7593754,,Adore Realtech Pvt Ltd,Adore Realtech Pvt Ltd,Faridabad,Custom content,,1,31-Jul-2025,31-Jul-2025,Varun Arora,Project Start Date,28-Aug-2025,28-Aug-2025
https://lookup.housing.com/opportunity/7588129,,Grand Field,MATHAPATHI CONSTRUCTIONS PVT LTD,Bangalore,Drone video + voiceover,,1,31-Jul-2025,4-Aug-2025,Theertha Prasada A S,Project Start Date,13-Aug-2025,13-Aug-2025
https://lookup.housing.com/opportunity/7588129,,Grand Field,MATHAPATHI CONSTRUCTIONS PVT LTD,Bangalore,Custom content,,1,31-Jul-2025,4-Aug-2025,Theertha Prasada A S,Project Start Date,13-Aug-2025,13-Aug-2025
https://lookup.housing.com/opportunity/6755168,,Nesterra,Triaa Square LLP,Pune,Drone Interactive,,1,6-Jun-2025,10-Jul-2025,Nikita Chetan Mehta,Project Start Date,17-Aug-2025,17-Aug-2025
https://lookup.housing.com/opportunity/7330863,,Siddhant Avenue,ARK Prem Construction,Pune,Drone Interactive,,1,6-Aug-2025,4-Aug-2025,Jitendra Mohan Suryawanshi,Project Start Date,20-Aug-2025,20-Aug-2025
https://lookup.housing.com/opportunity/4956349,,Mahima - The Rise,Mahima Group,Jaipur,Area Wiki Lite,,1,27-Sep-2024,8-Jul-2025,Mohd Wasim Aktar Shekh,Project Start Date,8-Jul-2025,8-Jul-2025
https://lookup.housing.com/opportunity/3077964,,Titania Residency,Titania Infratech Pvt. Ltd,Noida,Drone video + voiceover,,1,28-Aug-2023,28-Aug-2023,Rishabh Kapur,6th Cut Delivery,15-Dec-2023,28-Aug-2023
https://lookup.housing.com/opportunity/3077964,,Titania Villas,Titania Infratech Pvt. Ltd,Noida,Drone video + voiceover,,1,28-Aug-2023,28-Aug-2023,Rishabh Kapur,4th Cut Delivery,15-Dec-2023,28-Aug-2023
https://lookup.housing.com/opportunity/3480494,,Lak And Hanware Realty,Lak And Hanware Realty,Mumbai,Drone video,,1,30-Nov-2023,8-Jan-2024,Anjani Sankatmochan Shukla,Deemed Consumed,13-May-2024,
https://lookup.housing.com/opportunity/3480494,,Lak And Hanware Realty,Lak And Hanware Realty,Mumbai,Drone Interactive,,1,30-Nov-2023,8-Jan-2024,Anjani Sankatmochan Shukla,Deemed Consumed,13-May-2024,
https://lookup.housing.com/opportunity/3931124,,Ozen Realtors India Pvt. Ltd.,Ozen Realtors India Pvt. Ltd.,Nagpur,Drone Interactive,,1,31-Mar-2024,1-Jun-2024,Atul Shyam Wasnik,Deemed Consumed,1-Jun-2024,
https://lookup.housing.com/opportunity/3931124,,Ozen Realtors India Pvt. Ltd.,Ozen Realtors India Pvt. Ltd.,Nagpur,Drone video + voiceover,,1,31-Mar-2024,1-Jun-2024,Atul Shyam Wasnik,Deemed Consumed,1-Jun-2024,
https://lookup.housing.com/opportunity/3351265,,SBR Global Queensville,SBR Buildtech,Bangalore,Area Wiki Lite,,1,13-Nov-2023,13-Nov-2023,Ankit Vaid,2nd Cut Delivery,24-Sep-2024,9-Feb-2024
https://lookup.housing.com/opportunity/3930176,,Tisai residency,Sky Touch,Thane,Drone video + voiceover,,1,30-Mar-2024,3-Apr-2024,Rohit Rampoojan Jha,7th Cut Delivery,3-Oct-2024,19-Apr-2024
https://lookup.housing.com/opportunity/3444905,,Divine Homes Pvt Ltd,Divine Homes Pvt Ltd,Hyderabad,Drone video + voiceover,,1,3-Dec-2023,28-May-2024,M Vamshi Krishna,Opp Dropped,28-May-2024,
https://lookup.housing.com/opportunity/3839335,,Engrace Vista,Modern Spaaces,Bangalore,SliceView,,1,12-Dec-2023,11-Mar-2024,Deepak Panigrahy,Opp Dropped,11-Mar-2024,
https://lookup.housing.com/opportunity/4829531,,City Infra,City Infra,Mumbai,Drone video + voiceover,,1,3-Sep-2024,2-Sep-2024,Pratik Vijay Yenpure,Opp Dropped,12-Nov-2024,